==================== Launch Minecraft ====================
▷ Launcher version: 2.4.10 (200033)
▷ Architecture: arm64
▷ Device model: vivo, V2425A
▷ API version: 36
▷ Renderer: MobileGlues (OpenGL 4.0, 1.17+)
▷ Renderer Summary: Из плагина MobileGlues
▷ Selected Minecraft version: 1.21.1 NeoForge 21.1.240
▷ Minecraft Info: 1.21.1, NeoForge - 21.1.240
▷ Game Path: /storage/emulated/0/Android/data/com.movtery.zalithlauncher.v2/files/.minecraft/versions/1.21.1 NeoForge 21.1.240 (Isolation: true)
▷ Custom Java arguments: NONE
▷ Java Runtime: Internal-21
▷ Account: armorberserk (Microsoft)
==================== Env Map ====================
▷ ZALITH_VERSION_CODE = 200033
▷ TMPDIR = /data/user/0/com.movtery.zalithlauncher.v2/cache
▷ AWTSTUB_WIDTH = 2800
▷ POJAV_NATIVEDIR = /data/app/~~m8EkGcl1vFYGR3J0XpdV3A==/com.movtery.zalithlauncher.v2-_afEr3Uibw7mvSapH6DkSw==/lib/arm64
▷ LIBGL_EGL = libmobileglues.so
▷ DRIVER_PATH = /data/app/~~m8EkGcl1vFYGR3J0XpdV3A==/com.movtery.zalithlauncher.v2-_afEr3Uibw7mvSapH6DkSw==/lib/arm64
▷ HOME = /storage/emulated/0/Android/data/com.movtery.zalithlauncher.v2/files
▷ PATH = /data/user/0/com.movtery.zalithlauncher.v2/files/games/runtimes/Internal-21/bin:/product/bin:/apex/com.android.runtime/bin:/apex/com.android.art/bin:/apex/com.android.virt/bin:/system_ext/bin:/system/bin:/system/xbin:/odm/bin:/vendor/bin:/vendor/xbin
▷ MOD_ANDROID_RUNTIME = /data/user/0/com.movtery.zalithlauncher.v2/app_runtime_mod
▷ POJAV_ZINK_PREFER_SYSTEM_DRIVER = 1
▷ INST_NEOFORGE = 1
▷ POJAV_VSYNC_IN_ZINK = 1
▷ LD_LIBRARY_PATH = /system/lib64:/vendor/lib64:/vendor/lib64/hw:/system_ext/lib64:/data/app/~~OmzSeBUx_uiolwErRYmb1A==/com.fcl.plugin.mobileglues-MH7q-FefqKoIqBWtJT3dcQ==/lib/arm64:/data/user/0/com.movtery.zalithlauncher.v2/app_runtime_mod:/data/app/~~m8EkGcl1vFYGR3J0XpdV3A==/com.movtery.zalithlauncher.v2-_afEr3Uibw7mvSapH6DkSw==/lib/arm64
▷ POJAV_RENDERER = opengles3
▷ LIBGL_ES = 3
▷ POJAVEXEC_EGL = libmobileglues.so
▷ JAVA_HOME = /data/user/0/com.movtery.zalithlauncher.v2/files/games/runtimes/Internal-21
▷ AWTSTUB_HEIGHT = 1260
==================== DLOPEN Java Runtime ====================
[DEBUG] DLOPEN: /data/user/0/com.movtery.zalithlauncher.v2/files/games/runtimes/Internal-21/lib/libjli.so , success
[DEBUG] DLOPEN: /data/user/0/com.movtery.zalithlauncher.v2/files/games/runtimes/Internal-21/lib/server/libjvm.so , success
[DEBUG] DLOPEN: /data/user/0/com.movtery.zalithlauncher.v2/files/games/runtimes/Internal-21/lib/libfreetype.so , success
[DEBUG] DLOPEN: /data/user/0/com.movtery.zalithlauncher.v2/files/games/runtimes/Internal-21/lib/libverify.so , success
[DEBUG] DLOPEN: /data/user/0/com.movtery.zalithlauncher.v2/files/games/runtimes/Internal-21/lib/libjava.so , success
[DEBUG] DLOPEN: /data/user/0/com.movtery.zalithlauncher.v2/files/games/runtimes/Internal-21/lib/libnet.so , success
[DEBUG] DLOPEN: /data/user/0/com.movtery.zalithlauncher.v2/files/games/runtimes/Internal-21/lib/libnio.so , success
[DEBUG] DLOPEN: /data/user/0/com.movtery.zalithlauncher.v2/files/games/runtimes/Internal-21/lib/libawt.so , success
[DEBUG] DLOPEN: /data/user/0/com.movtery.zalithlauncher.v2/files/games/runtimes/Internal-21/lib/libawt_headless.so , success
[DEBUG] DLOPEN: /data/user/0/com.movtery.zalithlauncher.v2/files/games/runtimes/Internal-21/lib/libfontmanager.so , success
[DEBUG] DLOPEN: /data/user/0/com.movtery.zalithlauncher.v2/files/games/runtimes/Internal-21/lib/libsctp.so , success
[DEBUG] DLOPEN: /data/user/0/com.movtery.zalithlauncher.v2/files/games/runtimes/Internal-21/lib/libnet.so , success
[DEBUG] DLOPEN: /data/user/0/com.movtery.zalithlauncher.v2/files/games/runtimes/Internal-21/lib/libextnet.so , success
[DEBUG] DLOPEN: /data/user/0/com.movtery.zalithlauncher.v2/files/games/runtimes/Internal-21/lib/libfreetype.so , success
[DEBUG] DLOPEN: /data/user/0/com.movtery.zalithlauncher.v2/files/games/runtimes/Internal-21/lib/libverify.so , success
[DEBUG] DLOPEN: /data/user/0/com.movtery.zalithlauncher.v2/files/games/runtimes/Internal-21/lib/libsyslookup.so , success
[DEBUG] DLOPEN: /data/user/0/com.movtery.zalithlauncher.v2/files/games/runtimes/Internal-21/lib/libjli.so , success
[DEBUG] DLOPEN: /data/user/0/com.movtery.zalithlauncher.v2/files/games/runtimes/Internal-21/lib/libjdwp.so , success
[DEBUG] DLOPEN: /data/user/0/com.movtery.zalithlauncher.v2/files/games/runtimes/Internal-21/lib/libzip.so , success
[DEBUG] DLOPEN: /data/user/0/com.movtery.zalithlauncher.v2/files/games/runtimes/Internal-21/lib/libawt.so , success
[DEBUG] DLOPEN: /data/user/0/com.movtery.zalithlauncher.v2/files/games/runtimes/Internal-21/lib/libjaas.so , success
[DEBUG] DLOPEN: /data/user/0/com.movtery.zalithlauncher.v2/files/games/runtimes/Internal-21/lib/libmanagement_agent.so , success
[DEBUG] DLOPEN: /data/user/0/com.movtery.zalithlauncher.v2/files/games/runtimes/Internal-21/lib/libjimage.so , success
[DEBUG] DLOPEN: /data/user/0/com.movtery.zalithlauncher.v2/files/games/runtimes/Internal-21/lib/liblcms.so , success
[DEBUG] DLOPEN: /data/user/0/com.movtery.zalithlauncher.v2/files/games/runtimes/Internal-21/lib/libnio.so , success
[DEBUG] DLOPEN: /data/user/0/com.movtery.zalithlauncher.v2/files/games/runtimes/Internal-21/lib/libawt_headless.so , success
[DEBUG] DLOPEN: /data/user/0/com.movtery.zalithlauncher.v2/files/games/runtimes/Internal-21/lib/libmanagement_ext.so , success
[DEBUG] DLOPEN: /data/user/0/com.movtery.zalithlauncher.v2/files/games/runtimes/Internal-21/lib/librmi.so , success
[DEBUG] DLOPEN: /data/user/0/com.movtery.zalithlauncher.v2/files/games/runtimes/Internal-21/lib/libjawt.so , success
[DEBUG] DLOPEN: /data/user/0/com.movtery.zalithlauncher.v2/files/games/runtimes/Internal-21/lib/libmlib_image.so , success
[DEBUG] DLOPEN: /data/user/0/com.movtery.zalithlauncher.v2/files/games/runtimes/Internal-21/lib/libmanagement.so , success
[DEBUG] DLOPEN: /data/user/0/com.movtery.zalithlauncher.v2/files/games/runtimes/Internal-21/lib/libjavajpeg.so , success
[DEBUG] DLOPEN: /data/user/0/com.movtery.zalithlauncher.v2/files/games/runtimes/Internal-21/lib/libj2pkcs11.so , success
[DEBUG] DLOPEN: /data/user/0/com.movtery.zalithlauncher.v2/files/games/runtimes/Internal-21/lib/libfontmanager.so , success
[DEBUG] DLOPEN: /data/user/0/com.movtery.zalithlauncher.v2/files/games/runtimes/Internal-21/lib/libprefs.so , success
[DEBUG] DLOPEN: /data/user/0/com.movtery.zalithlauncher.v2/files/games/runtimes/Internal-21/lib/libdt_socket.so , success
[DEBUG] DLOPEN: /data/user/0/com.movtery.zalithlauncher.v2/files/games/runtimes/Internal-21/lib/libinstrument.so , success
[DEBUG] DLOPEN: /data/user/0/com.movtery.zalithlauncher.v2/files/games/runtimes/Internal-21/lib/libj2gss.so , success
[DEBUG] DLOPEN: /data/user/0/com.movtery.zalithlauncher.v2/files/games/runtimes/Internal-21/lib/libjsig.so , success
[DEBUG] DLOPEN: /data/user/0/com.movtery.zalithlauncher.v2/files/games/runtimes/Internal-21/lib/libjava.so , success
[DEBUG] DLOPEN: /data/user/0/com.movtery.zalithlauncher.v2/files/games/runtimes/Internal-21/lib/server/libjvm.so , success
[DEBUG] DLOPEN: /data/user/0/com.movtery.zalithlauncher.v2/files/games/runtimes/Internal-21/lib/server/libjsig.so , success
[DEBUG] DLOPEN: /data/user/0/com.movtery.zalithlauncher.v2/files/games/runtimes/Internal-21/lib/libawt_xawt.so , success
[DEBUG] DLOPEN: /data/app/~~m8EkGcl1vFYGR3J0XpdV3A==/com.movtery.zalithlauncher.v2-_afEr3Uibw7mvSapH6DkSw==/lib/arm64/libopenal.so , success
==================== DLOPEN Renderer ====================
Initializing MobileGlues ...
The Open Source License of MobileGlues: 
  GNU LGPL-2.1 License
MG_DIR_PATH = /sdcard/MG
[MobileGlues] Setting: enableAngle                 = false
[MobileGlues] Setting: ignoreError                 = 2
[MobileGlues] Setting: enableExtComputeShader      = true
[MobileGlues] Setting: enableExtTimerQuery         = false
[MobileGlues] Setting: enableExtDirectStateAccess  = true
[MobileGlues] Setting: maxGlslCacheSize            = 768
[MobileGlues] Setting: angleDepthClearFixMode      = 0
[MobileGlues] Setting: bufferCoherentAsFlush       = 1
[MobileGlues] Setting: customGLVersion             = 4.6.0
[MobileGlues] Setting: fsr1Setting                 = 0
[MobileGlues] Setting: hideMGEnvLevel              = 0
EGL initialized successfully
OpenGL ES Version: OpenGL ES 3.2 (320)
Not Detected GL_EXT_multi_draw_indirect!
[MobileGlues] Setting: multidrawMode               = Unroll
multidrawMode = PreferBaseVertex
    -> BaseVertex (OK)
[DEBUG] DLOPEN: /data/app/~~OmzSeBUx_uiolwErRYmb1A==/com.fcl.plugin.mobileglues-MH7q-FefqKoIqBWtJT3dcQ==/lib/arm64/libmobileglues.so , success
==================== JVM Args ====================
▷ /data/user/0/com.movtery.zalithlauncher.v2/files/games/runtimes/Internal-21/bin/java
▷ -Djava.home=/data/user/0/com.movtery.zalithlauncher.v2/files/games/runtimes/Internal-21
▷ -Djava.io.tmpdir=/data/user/0/com.movtery.zalithlauncher.v2/cache
▷ -Djna.boot.library.path=/data/user/0/com.movtery.zalithlauncher.v2/files/games/jna_dir/jna/5.14.0
▷ -Duser.home=/storage/emulated/0/Android/data/com.movtery.zalithlauncher.v2/files/.minecraft
▷ -Duser.language=ru
▷ -Duser.country=RU
▷ -Duser.timezone=Europe/Saratov
▷ -Dos.name=Linux
▷ -Dos.version=Android-16
▷ -Dpojav.path.minecraft=/storage/emulated/0/Android/data/com.movtery.zalithlauncher.v2/files/.minecraft
▷ -Dpojav.path.private.account=/data/user/0/com.movtery.zalithlauncher.v2/databases
▷ -Dorg.lwjgl.vulkan.libname=libvulkan.so
▷ -Dglfwstub.windowWidth=2800
▷ -Dglfwstub.windowHeight=1260
▷ -Dglfwstub.initEgl=false
▷ -Dext.net.resolvPath=/data/user/0/com.movtery.zalithlauncher.v2/files/games/resolv.conf
▷ -Dlog4j2.formatMsgNoLookups=true
▷ -Djava.rmi.server.useCodebaseOnly=true
▷ -Dcom.sun.jndi.rmi.object.trustURLCodebase=false
▷ -Dcom.sun.jndi.cosnaming.object.trustURLCodebase=false
▷ -Dnet.minecraft.clientmodname=Zalith Launcher
▷ -Dfml.earlyprogresswindow=false
▷ -Dfml.ignoreInvalidMinecraftCertificates=true
▷ -Dfml.ignorePatchDiscrepancies=true
▷ -Dloader.disable_forked_guis=true
▷ -Djdk.lang.Process.launchMechanism=FORK
▷ -Dsodium.checks.issue2561=false
▷ -javaagent:/data/user/0/com.movtery.zalithlauncher.v2/files/components/launcher/MioLibPatcher.jar
▷ -Xms4096M
▷ -Xmx4096M
▷ -Dorg.lwjgl.openal.libname=/data/app/~~m8EkGcl1vFYGR3J0XpdV3A==/com.movtery.zalithlauncher.v2-_afEr3Uibw7mvSapH6DkSw==/lib/arm64/libopenal.so
▷ -Dorg.lwjgl.freetype.libname=/data/app/~~m8EkGcl1vFYGR3J0XpdV3A==/com.movtery.zalithlauncher.v2-_afEr3Uibw7mvSapH6DkSw==/lib/arm64/libfreetype.so
▷ -Dorg.lwjgl.spvc.libname=spirv-cross-c-shared
▷ -Dorg.lwjgl.system.allocator=system
▷ -XX:ActiveProcessorCount=8
▷ -Dorg.lwjgl.opengl.libname=/data/app/~~OmzSeBUx_uiolwErRYmb1A==/com.fcl.plugin.mobileglues-MH7q-FefqKoIqBWtJT3dcQ==/lib/arm64/libmobileglues.so
▷ -Djava.awt.headless=false
▷ -Dcacio.managed.screensize=2800x1260
▷ -Dcacio.font.fontmanager=sun.awt.X11FontManager
▷ -Dcacio.font.fontscaler=sun.font.FreetypeFontScaler
▷ -Dswing.defaultlaf=javax.swing.plaf.nimbus.NimbusLookAndFeel
▷ -Dawt.toolkit=com.github.caciocavallosilano.cacio.ctc.CTCToolkit
▷ -Djava.awt.graphicsenv=com.github.caciocavallosilano.cacio.ctc.CTCGraphicsEnvironment
▷ -javaagent:/data/user/0/com.movtery.zalithlauncher.v2/files/components/caciocavallo17/cacio-agent.jar
▷ --add-exports=java.desktop/java.awt=ALL-UNNAMED
▷ --add-exports=java.desktop/java.awt.peer=ALL-UNNAMED
▷ --add-exports=java.desktop/sun.awt.image=ALL-UNNAMED
▷ --add-exports=java.desktop/sun.java2d=ALL-UNNAMED
▷ --add-exports=java.desktop/java.awt.dnd.peer=ALL-UNNAMED
▷ --add-exports=java.desktop/sun.awt=ALL-UNNAMED
▷ --add-exports=java.desktop/sun.awt.event=ALL-UNNAMED
▷ --add-exports=java.desktop/sun.awt.datatransfer=ALL-UNNAMED
▷ --add-exports=java.desktop/sun.font=ALL-UNNAMED
▷ --add-exports=java.base/sun.security.action=ALL-UNNAMED
▷ --add-opens=java.base/java.util=ALL-UNNAMED
▷ --add-opens=java.desktop/java.awt=ALL-UNNAMED
▷ --add-opens=java.desktop/sun.font=ALL-UNNAMED
▷ --add-opens=java.desktop/sun.java2d=ALL-UNNAMED
▷ --add-opens=java.base/java.lang.reflect=ALL-UNNAMED
▷ --add-opens=java.base/java.net=ALL-UNNAMED
▷ -Xbootclasspath/a:/data/user/0/com.movtery.zalithlauncher.v2/files/components/caciocavallo17/cacio-agent.jar:/data/user/0/com.movtery.zalithlauncher.v2/files/components/caciocavallo17/cacio-shared-1.19.1-SNAPSHOT.jar:/data/user/0/com.movtery.zalithlauncher.v2/files/components/caciocavallo17/cacio-tta-1.19.1-SNAPSHOT.jar
▷ -Dlog4j.configurationFile=/storage/emulated/0/Android/data/com.movtery.zalithlauncher.v2/files/.minecraft/versions/1.21.1 NeoForge 21.1.240/log4j2.xml
▷ -Dminecraft.client.jar=/storage/emulated/0/Android/data/com.movtery.zalithlauncher.v2/files/.minecraft/versions/1.21.1 NeoForge 21.1.240/1.21.1 NeoForge 21.1.240.jar
▷ -Dminecraft.launcher.brand=Zalith Launcher
▷ -Dminecraft.launcher.version=2.4.10
▷ -Djava.library.path=/data/app/~~OmzSeBUx_uiolwErRYmb1A==/com.fcl.plugin.mobileglues-MH7q-FefqKoIqBWtJT3dcQ==/lib/arm64:/data/app/~~DP1G_SVqcpCUcxP0144RMQ==/com.commonlauncher.nativeplugin.sable_rapier-TTN8MtSwsMxWnrCIiUvQ4A==/lib/arm64:/data/app/~~resKIjGz7QabgSs4W0GrFA==/com.commonlauncher.nativeplugin.zstd_dhcompat-QLkw80wFZ4-B9lu3zXvRdg==/lib/arm64:/data/user/0/com.movtery.zalithlauncher.v2/files/games/runtimes/Internal-21/lib/jli:/data/user/0/com.movtery.zalithlauncher.v2/files/games/runtimes/Internal-21/lib/server:/system/lib64:/vendor/lib64:/vendor/lib64/hw:/system_ext/lib64:/data/user/0/com.movtery.zalithlauncher.v2/files/games/jna_dir/jna:/data/user/0/com.movtery.zalithlauncher.v2/app_runtime_mod:/data/app/~~m8EkGcl1vFYGR3J0XpdV3A==/com.movtery.zalithlauncher.v2-_afEr3Uibw7mvSapH6DkSw==/lib/arm64:/data/user/0/com.movtery.zalithlauncher.v2/files/games/jna_dir/jna/5.14.0
▷ -Djna.tmpdir=/data/user/0/com.movtery.zalithlauncher.v2/cache
▷ -Dorg.lwjgl.system.SharedLibraryExtractPath=/data/user/0/com.movtery.zalithlauncher.v2/cache
▷ -Dio.netty.native.workdir=/data/user/0/com.movtery.zalithlauncher.v2/cache
▷ -Dminecraft.launcher.brand=Zalith Launcher
▷ -Dminecraft.launcher.version=2.4.10
▷ -cp
▷ /data/user/0/com.movtery.zalithlauncher.v2/files/components/lwjgl3/lwjgl-glfw-classes.jar:/storage/emulated/0/Android/data/com.movtery.zalithlauncher.v2/files/.minecraft/libraries/com/github/oshi/oshi-core/6.4.10/oshi-core-6.4.10.jar:/storage/emulated/0/Android/data/com.movtery.zalithlauncher.v2/files/.minecraft/libraries/com/google/code/gson/gson/2.10.1/gson-2.10.1.jar:/storage/emulated/0/Android/data/com.movtery.zalithlauncher.v2/files/.minecraft/libraries/com/google/guava/failureaccess/1.0.1/failureaccess-1.0.1.jar:/storage/emulated/0/Android/data/com.movtery.zalithlauncher.v2/files/.minecraft/libraries/com/google/guava/guava/32.1.2-jre/guava-32.1.2-jre.jar:/storage/emulated/0/Android/data/com.movtery.zalithlauncher.v2/files/.minecraft/libraries/com/ibm/icu/icu4j/73.2/icu4j-73.2.jar:/storage/emulated/0/Android/data/com.movtery.zalithlauncher.v2/files/.minecraft/libraries/com/mojang/authlib/6.0.54/authlib-6.0.54.jar:/storage/emulated/0/Android/data/com.movtery.zalithlauncher.v2/files/.minecraft/libraries/com/mojang/blocklist/1.0.10/blocklist-1.0.10.jar:/storage/emulated/0/Android/data/com.movtery.zalithlauncher.v2/files/.minecraft/libraries/com/mojang/brigadier/1.3.10/brigadier-1.3.10.jar:/storage/emulated/0/Android/data/com.movtery.zalithlauncher.v2/files/.minecraft/libraries/com/mojang/datafixerupper/8.0.16/datafixerupper-8.0.16.jar:/storage/emulated/0/Android/data/com.movtery.zalithlauncher.v2/files/.minecraft/libraries/com/mojang/logging/1.2.7/logging-1.2.7.jar:/storage/emulated/0/Android/data/com.movtery.zalithlauncher.v2/files/.minecraft/libraries/com/mojang/patchy/2.2.10/patchy-2.2.10.jar:/storage/emulated/0/Android/data/com.movtery.zalithlauncher.v2/files/.minecraft/libraries/com/mojang/text2speech/1.17.9/text2speech-1.17.9.jar:/storage/emulated/0/Android/data/com.movtery.zalithlauncher.v2/files/.minecraft/libraries/commons-codec/commons-codec/1.16.0/commons-codec-1.16.0.jar:/storage/emulated/0/Android/data/com.movtery.zalithlauncher.v2/files/.minecraft/libraries/commons-io/commons-io/2.15.1/commons-io-2.15.1.jar:/storage/emulated/0/Android/data/com.movtery.zalithlauncher.v2/files/.minecraft/libraries/commons-logging/commons-logging/1.2/commons-logging-1.2.jar:/storage/emulated/0/Android/data/com.movtery.zalithlauncher.v2/files/.minecraft/libraries/io/netty/netty-buffer/4.1.97.Final/netty-buffer-4.1.97.Final.jar:/storage/emulated/0/Android/data/com.movtery.zalithlauncher.v2/files/.minecraft/libraries/io/netty/netty-codec/4.1.97.Final/netty-codec-4.1.97.Final.jar:/storage/emulated/0/Android/data/com.movtery.zalithlauncher.v2/files/.minecraft/libraries/io/netty/netty-common/4.1.97.Final/netty-common-4.1.97.Final.jar:/storage/emulated/0/Android/data/com.movtery.zalithlauncher.v2/files/.minecraft/libraries/io/netty/netty-handler/4.1.97.Final/netty-handler-4.1.97.Final.jar:/storage/emulated/0/Android/data/com.movtery.zalithlauncher.v2/files/.minecraft/libraries/io/netty/netty-resolver/4.1.97.Final/netty-resolver-4.1.97.Final.jar:/storage/emulated/0/Android/data/com.movtery.zalithlauncher.v2/files/.minecraft/libraries/io/netty/netty-transport-classes-epoll/4.1.97.Final/netty-transport-classes-epoll-4.1.97.Final.jar:/storage/emulated/0/Android/data/com.movtery.zalithlauncher.v2/files/.minecraft/libraries/io/netty/netty-transport-native-epoll/4.1.97.Final/netty-transport-native-epoll-4.1.97.Final-linux-aarch_64.jar:/storage/emulated/0/Android/data/com.movtery.zalithlauncher.v2/files/.minecraft/libraries/io/netty/netty-transport-native-epoll/4.1.97.Final/netty-transport-native-epoll-4.1.97.Final-linux-x86_64.jar:/storage/emulated/0/Android/data/com.movtery.zalithlauncher.v2/files/.minecraft/libraries/io/netty/netty-transport-native-unix-common/4.1.97.Final/netty-transport-native-unix-common-4.1.97.Final.jar:/storage/emulated/0/Android/data/com.movtery.zalithlauncher.v2/files/.minecraft/libraries/io/netty/netty-transport/4.1.97.Final/netty-transport-4.1.97.Final.jar:/storage/emulated/0/Android/data/com.movtery.zalithlauncher.v2/files/.minecraft/libraries/it/unimi/dsi/fastutil/8.5.12/fastutil-8.5.12.jar:/storage/emulated/0/Android/data/com.movtery.zalithlauncher.v2/files/.minecraft/libraries/net/java/dev/jna/jna-platform/5.14.0/jna-platform-5.14.0.jar:/storage/emulated/0/Android/data/com.movtery.zalithlauncher.v2/files/.minecraft/libraries/net/java/dev/jna/jna/5.14.0/jna-5.14.0.jar:/storage/emulated/0/Android/data/com.movtery.zalithlauncher.v2/files/.minecraft/libraries/net/sf/jopt-simple/jopt-simple/5.0.4/jopt-simple-5.0.4.jar:/storage/emulated/0/Android/data/com.movtery.zalithlauncher.v2/files/.minecraft/libraries/org/apache/commons/commons-compress/1.26.0/commons-compress-1.26.0.jar:/storage/emulated/0/Android/data/com.movtery.zalithlauncher.v2/files/.minecraft/libraries/org/apache/commons/commons-lang3/3.14.0/commons-lang3-3.14.0.jar:/storage/emulated/0/Android/data/com.movtery.zalithlauncher.v2/files/.minecraft/libraries/org/apache/httpcomponents/httpclient/4.5.13/httpclient-4.5.13.jar:/storage/emulated/0/Android/data/com.movtery.zalithlauncher.v2/files/.minecraft/libraries/org/apache/httpcomponents/httpcore/4.4.16/httpcore-4.4.16.jar:/storage/emulated/0/Android/data/com.movtery.zalithlauncher.v2/files/.minecraft/libraries/org/apache/logging/log4j/log4j-api/2.22.1/log4j-api-2.22.1.jar:/storage/emulated/0/Android/data/com.movtery.zalithlauncher.v2/files/.minecraft/libraries/org/apache/logging/log4j/log4j-core/2.22.1/log4j-core-2.22.1.jar:/storage/emulated/0/Android/data/com.movtery.zalithlauncher.v2/files/.minecraft/libraries/org/apache/logging/log4j/log4j-slf4j2-impl/2.22.1/log4j-slf4j2-impl-2.22.1.jar:/storage/emulated/0/Android/data/com.movtery.zalithlauncher.v2/files/.minecraft/libraries/org/jcraft/jorbis/0.0.17/jorbis-0.0.17.jar:/storage/emulated/0/Android/data/com.movtery.zalithlauncher.v2/files/.minecraft/libraries/org/joml/joml/1.10.5/joml-1.10.5.jar:/storage/emulated/0/Android/data/com.movtery.zalithlauncher.v2/files/.minecraft/libraries/org/lz4/lz4-java/1.8.0/lz4-java-1.8.0.jar:/storage/emulated/0/Android/data/com.movtery.zalithlauncher.v2/files/.minecraft/libraries/org/slf4j/slf4j-api/2.0.9/slf4j-api-2.0.9.jar:/storage/emulated/0/Android/data/com.movtery.zalithlauncher.v2/files/.minecraft/libraries/net/neoforged/fancymodloader/earlydisplay/4.0.43/earlydisplay-4.0.43.jar:/storage/emulated/0/Android/data/com.movtery.zalithlauncher.v2/files/.minecraft/libraries/net/neoforged/fancymodloader/loader/4.0.43/loader-4.0.43.jar:/storage/emulated/0/Android/data/com.movtery.zalithlauncher.v2/files/.minecraft/libraries/net/neoforged/accesstransformers/at-modlauncher/10.0.1/at-modlauncher-10.0.1.jar:/storage/emulated/0/Android/data/com.movtery.zalithlauncher.v2/files/.minecraft/libraries/net/neoforged/accesstransformers/10.0.1/accesstransformers-10.0.1.jar:/storage/emulated/0/Android/data/com.movtery.zalithlauncher.v2/files/.minecraft/libraries/net/neoforged/bus/8.0.5/bus-8.0.5.jar:/storage/emulated/0/Android/data/com.movtery.zalithlauncher.v2/files/.minecraft/libraries/net/neoforged/coremods/7.0.3/coremods-7.0.3.jar:/storage/emulated/0/Android/data/com.movtery.zalithlauncher.v2/files/.minecraft/libraries/cpw/mods/modlauncher/11.0.5/modlauncher-11.0.5.jar:/storage/emulated/0/Android/data/com.movtery.zalithlauncher.v2/files/.minecraft/libraries/net/neoforged/mergetool/2.0.0/mergetool-2.0.0-api.jar:/storage/emulated/0/Android/data/com.movtery.zalithlauncher.v2/files/.minecraft/libraries/com/electronwill/night-config/toml/3.8.3/toml-3.8.3.jar:/storage/emulated/0/Android/data/com.movtery.zalithlauncher.v2/files/.minecraft/libraries/com/electronwill/night-config/core/3.8.3/core-3.8.3.jar:/storage/emulated/0/Android/data/com.movtery.zalithlauncher.v2/files/.minecraft/libraries/net/neoforged/JarJarSelector/0.4.1/JarJarSelector-0.4.1.jar:/storage/emulated/0/Android/data/com.movtery.zalithlauncher.v2/files/.minecraft/libraries/net/neoforged/JarJarMetadata/0.4.1/JarJarMetadata-0.4.1.jar:/storage/emulated/0/Android/data/com.movtery.zalithlauncher.v2/files/.minecraft/libraries/org/apache/maven/maven-artifact/3.8.5/maven-artifact-3.8.5.jar:/storage/emulated/0/Android/data/com.movtery.zalithlauncher.v2/files/.minecraft/libraries/net/jodah/typetools/0.6.3/typetools-0.6.3.jar:/storage/emulated/0/Android/data/com.movtery.zalithlauncher.v2/files/.minecraft/libraries/net/minecrell/terminalconsoleappender/1.3.0/terminalconsoleappender-1.3.0.jar:/storage/emulated/0/Android/data/com.movtery.zalithlauncher.v2/files/.minecraft/libraries/net/fabricmc/sponge-mixin/0.15.2+mixin.0.8.7/sponge-mixin-0.15.2+mixin.0.8.7.jar:/storage/emulated/0/Android/data/com.movtery.zalithlauncher.v2/files/.minecraft/libraries/org/openjdk/nashorn/nashorn-core/15.4/nashorn-core-15.4.jar:/storage/emulated/0/Android/data/com.movtery.zalithlauncher.v2/files/.minecraft/libraries/cpw/mods/bootstraplauncher/2.0.2/bootstraplauncher-2.0.2.jar:/storage/emulated/0/Android/data/com.movtery.zalithlauncher.v2/files/.minecraft/libraries/cpw/mods/securejarhandler/3.0.8/securejarhandler-3.0.8.jar:/storage/emulated/0/Android/data/com.movtery.zalithlauncher.v2/files/.minecraft/libraries/org/ow2/asm/asm-commons/9.8/asm-commons-9.8.jar:/storage/emulated/0/Android/data/com.movtery.zalithlauncher.v2/files/.minecraft/libraries/org/ow2/asm/asm-util/9.8/asm-util-9.8.jar:/storage/emulated/0/Android/data/com.movtery.zalithlauncher.v2/files/.minecraft/libraries/org/ow2/asm/asm-analysis/9.8/asm-analysis-9.8.jar:/storage/emulated/0/Android/data/com.movtery.zalithlauncher.v2/files/.minecraft/libraries/org/ow2/asm/asm-tree/9.8/asm-tree-9.8.jar:/storage/emulated/0/Android/data/com.movtery.zalithlauncher.v2/files/.minecraft/libraries/org/ow2/asm/asm/9.8/asm-9.8.jar:/storage/emulated/0/Android/data/com.movtery.zalithlauncher.v2/files/.minecraft/libraries/net/neoforged/JarJarFileSystems/0.4.1/JarJarFileSystems-0.4.1.jar:/storage/emulated/0/Android/data/com.movtery.zalithlauncher.v2/files/.minecraft/libraries/org/antlr/antlr4-runtime/4.13.1/antlr4-runtime-4.13.1.jar:/storage/emulated/0/Android/data/com.movtery.zalithlauncher.v2/files/.minecraft/libraries/org/jline/jline-reader/3.20.0/jline-reader-3.20.0.jar:/storage/emulated/0/Android/data/com.movtery.zalithlauncher.v2/files/.minecraft/libraries/org/jline/jline-terminal/3.20.0/jline-terminal-3.20.0.jar:/storage/emulated/0/Android/data/com.movtery.zalithlauncher.v2/files/.minecraft/libraries/net/minecraftforge/srgutils/0.4.15/srgutils-0.4.15.jar:/storage/emulated/0/Android/data/com.movtery.zalithlauncher.v2/files/.minecraft/libraries/com/google/guava/listenablefuture/9999.0-empty-to-avoid-conflict-with-guava/listenablefuture-9999.0-empty-to-avoid-conflict-with-guava.jar:/storage/emulated/0/Android/data/com.movtery.zalithlauncher.v2/files/.minecraft/libraries/com/google/code/findbugs/jsr305/3.0.2/jsr305-3.0.2.jar:/storage/emulated/0/Android/data/com.movtery.zalithlauncher.v2/files/.minecraft/libraries/org/checkerframework/checker-qual/3.33.0/checker-qual-3.33.0.jar:/storage/emulated/0/Android/data/com.movtery.zalithlauncher.v2/files/.minecraft/libraries/com/google/errorprone/error_prone_annotations/2.18.0/error_prone_annotations-2.18.0.jar:/storage/emulated/0/Android/data/com.movtery.zalithlauncher.v2/files/.minecraft/libraries/com/google/j2objc/j2objc-annotations/2.8/j2objc-annotations-2.8.jar:/storage/emulated/0/Android/data/com.movtery.zalithlauncher.v2/files/.minecraft/libraries/org/codehaus/plexus/plexus-utils/3.3.0/plexus-utils-3.3.0.jar:/storage/emulated/0/Android/data/com.movtery.zalithlauncher.v2/files/.minecraft/libraries/com/machinezoo/noexception/noexception/1.7.1/noexception-1.7.1.jar:/storage/emulated/0/Android/data/com.movtery.zalithlauncher.v2/files/.minecraft/versions/1.21.1 NeoForge 21.1.240/1.21.1 NeoForge 21.1.240.jar
▷ -Djava.net.preferIPv6Addresses=system
▷ -DignoreList=client-extra,1.21.1 NeoForge 21.1.240.jar,${primary_jar_name},1.21.1 NeoForge 21.1.240.jar
▷ -DlibraryDirectory=/storage/emulated/0/Android/data/com.movtery.zalithlauncher.v2/files/.minecraft/libraries
▷ -p
▷ /storage/emulated/0/Android/data/com.movtery.zalithlauncher.v2/files/.minecraft/libraries/cpw/mods/bootstraplauncher/2.0.2/bootstraplauncher-2.0.2.jar:/storage/emulated/0/Android/data/com.movtery.zalithlauncher.v2/files/.minecraft/libraries/cpw/mods/securejarhandler/3.0.8/securejarhandler-3.0.8.jar:/storage/emulated/0/Android/data/com.movtery.zalithlauncher.v2/files/.minecraft/libraries/org/ow2/asm/asm-commons/9.8/asm-commons-9.8.jar:/storage/emulated/0/Android/data/com.movtery.zalithlauncher.v2/files/.minecraft/libraries/org/ow2/asm/asm-util/9.8/asm-util-9.8.jar:/storage/emulated/0/Android/data/com.movtery.zalithlauncher.v2/files/.minecraft/libraries/org/ow2/asm/asm-analysis/9.8/asm-analysis-9.8.jar:/storage/emulated/0/Android/data/com.movtery.zalithlauncher.v2/files/.minecraft/libraries/org/ow2/asm/asm-tree/9.8/asm-tree-9.8.jar:/storage/emulated/0/Android/data/com.movtery.zalithlauncher.v2/files/.minecraft/libraries/org/ow2/asm/asm/9.8/asm-9.8.jar:/storage/emulated/0/Android/data/com.movtery.zalithlauncher.v2/files/.minecraft/libraries/net/neoforged/JarJarFileSystems/0.4.1/JarJarFileSystems-0.4.1.jar
▷ --add-modules
▷ ALL-MODULE-PATH
▷ --add-opens
▷ java.base/java.util.jar=cpw.mods.securejarhandler
▷ --add-opens
▷ java.base/java.lang.invoke=cpw.mods.securejarhandler
▷ --add-exports
▷ java.base/sun.security.util=cpw.mods.securejarhandler
▷ --add-exports
▷ jdk.naming.dns/com.sun.jndi.dns=java.naming
▷ -Dsable_rapier_path=/data/app/~~DP1G_SVqcpCUcxP0144RMQ==/com.commonlauncher.nativeplugin.sable_rapier-TTN8MtSwsMxWnrCIiUvQ4A==/lib/arm64/libsable_rapier.so
▷ -DZstdNativePath=/data/app/~~resKIjGz7QabgSs4W0GrFA==/com.commonlauncher.nativeplugin.zstd_dhcompat-QLkw80wFZ4-B9lu3zXvRdg==/lib/arm64/libzstd-jni-1.5.7-6-dhcompat.so
▷ --add-exports
▷ cpw.mods.bootstraplauncher/cpw.mods.bootstraplauncher=ALL-UNNAMED
▷ cpw.mods.bootstraplauncher.BootstrapLauncher
▷ --username
▷ armorberserk
▷ --version
▷ 1.21.1 NeoForge 21.1.240
▷ --gameDir
▷ /storage/emulated/0/Android/data/com.movtery.zalithlauncher.v2/files/.minecraft/versions/1.21.1 NeoForge 21.1.240
▷ --assetsDir
▷ /storage/emulated/0/Android/data/com.movtery.zalithlauncher.v2/files/.minecraft/assets
▷ --assetIndex
▷ 17
▷ --uuid
▷ d2034526dc974676bc2dcb9528c37edc
▷ --accessToken
▷ ********************
▷ --clientId
▷ ${clientid}
▷ --xuid
▷ 4830658275958590172
▷ --userType
▷ msa
▷ --versionType
▷ ZalithLauncher2.4.10
▷ --fml.neoForgeVersion
▷ 21.1.240
▷ --fml.fmlVersion
▷ 4.0.43
▷ --fml.mcVersion
▷ 1.21.1
▷ --fml.neoFormVersion
▷ 20240808.144430
▷ --launchTarget
▷ forgeclient
[DEBUG] Done processing args
[DEBUG] Found JLI lib
[DEBUG] Calling JLI_Launch
[MioLibPatcher/INFO]: MioPatcher is running!
ERROR StatusConsoleListener appender Console has no parameter that matches element Policies
[02:21:21] [main/INFO]: ModLauncher running: args [--username, armorberserk, --version, 1.21.1 NeoForge 21.1.240, --gameDir, /storage/emulated/0/Android/data/com.movtery.zalithlauncher.v2/files/.minecraft/versions/1.21.1 NeoForge 21.1.240, --assetsDir, /storage/emulated/0/Android/data/com.movtery.zalithlauncher.v2/files/.minecraft/assets, --assetIndex, 17, --uuid, d2034526dc974676bc2dcb9528c37edc, --accessToken, ❄❄❄❄❄❄❄❄, --clientId, ${clientid}, --xuid, 4830658275958590172, --userType, msa, --versionType, ZalithLauncher2.4.10, --fml.neoForgeVersion, 21.1.240, --fml.fmlVersion, 4.0.43, --fml.mcVersion, 1.21.1, --fml.neoFormVersion, 20240808.144430, --launchTarget, forgeclient]
[02:21:21] [main/INFO]: JVM identified as Oracle Corporation OpenJDK 64-Bit Server VM 21.0.1-internal-adhoc.runner.openjdk
[02:21:21] [main/INFO]: ModLauncher 11.0.5+main.901c6ea8 starting: java version 21.0.1-internal by N/A; OS Linux arch aarch64 version Android-16
[02:21:22] [main/INFO]: Searching for graphics cards...
[02:21:22] [main/WARN]: Could not find any graphics adapters! Probably the device is not on a bus we can probe, or there are no devices supporting 3D acceleration.
[02:21:22] [main/WARN]: Sodium has applied one or more workarounds to prevent crashes or other issues on your system: [NO_ERROR_CONTEXT_UNSUPPORTED]
[02:21:22] [main/WARN]: This is not necessarily an issue, but it may result in certain features or optimizations being disabled. You can sometimes fix these issues by upgrading your graphics driver.
[02:21:22] [main/INFO]: Loading ImmediateWindowProvider fmlearlywindow
[INFO] <Native> Saving JVM environ...
Registered forkAndExec
[MioLibPatcher/INFO]: Patch target class: org/lwjgl/system/Library
[02:21:22] [main/INFO]: Trying GL version 4.6
EGLBridge: Binding to OpenGL ES
[02:21:22] [main/INFO]: Requested GL version 4.6 got version 4.0
[INFO] <NativeInput> Input ready: 1
[02:21:22] [main/INFO]: SpongePowered MIXIN Subsystem Version=0.8.7 Source=union:/storage/emulated/0/Android/data/com.movtery.zalithlauncher.v2/files/.minecraft/libraries/net/fabricmc/sponge-mixin/0.15.2+mixin.0.8.7/sponge-mixin-0.15.2+mixin.0.8.7.jar%23133!/ Service=ModLauncher Env=CLIENT
[02:21:22] [pool-2-thread-1/INFO]: GL info: Adreno (TM) 750 | OpenGL ES 3.2 GL version 4.6.0 §4§l(4.0.0) MobileGlues§r 1.3.5, Swung0x48, BZLZHH, Tungsten
[02:21:22] [main/INFO]: Found mod file "client-1.21.1-20240808.144430-srg.jar" [locator: production client provider +net.neoforged:neoforge:21.1.240:client]
[02:21:22] [main/INFO]: Found mod file "neoforge-21.1.240-universal.jar" [locator: PathBasedLocator[name=neoforge, paths=[/storage/emulated/0/Android/data/com.movtery.zalithlauncher.v2/files/.minecraft/libraries/net/neoforged/neoforge/21.1.240/neoforge-21.1.240-universal.jar]], reader: mod manifest]
[02:21:22] [main/INFO]: Found mod file "net.caffeinemc.sodium-neoforge-0.8.12+mc1.21.1-mod.jar" [locator: net.caffeinemc.mods.sodium.service.SodiumServiceModLocator@22d1886d, reader: mod manifest]
[02:21:22] [main/INFO]: Found mod file "fabric-rendering-data-attachment-v1-0.3.48+73761d2e19.jar" [locator: net.caffeinemc.mods.sodium.service.SodiumServiceModLocator@22d1886d, reader: mod manifest]
[02:21:22] [main/INFO]: Found mod file "fabric-renderer-api-v1-3.4.1+9125b6dc19.jar" [locator: net.caffeinemc.mods.sodium.service.SodiumServiceModLocator@22d1886d, reader: mod manifest]
[02:21:22] [main/INFO]: Found mod file "fabric-block-view-api-v2-1.0.10+9afaaf8c19.jar" [locator: net.caffeinemc.mods.sodium.service.SodiumServiceModLocator@22d1886d, reader: mod manifest]
[02:21:22] [main/INFO]: Found mod file "fabric-api-base-0.4.42+d1308ded19.jar" [locator: net.caffeinemc.mods.sodium.service.SodiumServiceModLocator@22d1886d, reader: mod manifest]
[02:21:22] [main/INFO]: Found library file "~nonexistent" [locator: org.sinytra.connector.locator.ConnectorEarlyLocatorBootstrap@319854f0]
[02:21:22] [main/INFO]: Found mod file "aaa_particles-neoforge-1.21.1-2.2.3.jar" [locator: {mods folder locator at /storage/emulated/0/Android/data/com.movtery.zalithlauncher.v2/files/.minecraft/versions/1.21.1 NeoForge 21.1.240/mods}, reader: mod manifest]
[02:21:22] [main/INFO]: Found mod file "aero_cam_sync-1.3.5.jar" [locator: {mods folder locator at /storage/emulated/0/Android/data/com.movtery.zalithlauncher.v2/files/.minecraft/versions/1.21.1 NeoForge 21.1.240/mods}, reader: mod manifest]
[02:21:22] [main/INFO]: Found mod file "aeroadditionbridge-1.0.0.jar" [locator: {mods folder locator at /storage/emulated/0/Android/data/com.movtery.zalithlauncher.v2/files/.minecraft/versions/1.21.1 NeoForge 21.1.240/mods}, reader: mod manifest]
[02:21:22] [main/INFO]: Found mod file "aerowear-1.0.0.jar" [locator: {mods folder locator at /storage/emulated/0/Android/data/com.movtery.zalithlauncher.v2/files/.minecraft/versions/1.21.1 NeoForge 21.1.240/mods}, reader: mod manifest]
[02:21:22] [main/INFO]: Found mod file "aeroworks-1.3.0.jar" [locator: {mods folder locator at /storage/emulated/0/Android/data/com.movtery.zalithlauncher.v2/files/.minecraft/versions/1.21.1 NeoForge 21.1.240/mods}, reader: mod manifest]
[02:21:22] [main/INFO]: Found mod file "alltheleaks-1.1.10+1.21.1-neoforge.jar" [locator: {mods folder locator at /storage/emulated/0/Android/data/com.movtery.zalithlauncher.v2/files/.minecraft/versions/1.21.1 NeoForge 21.1.240/mods}, reader: mod manifest]
[02:21:22] [main/INFO]: Found mod file "awakened_islands-1.0.0.jar" [locator: {mods folder locator at /storage/emulated/0/Android/data/com.movtery.zalithlauncher.v2/files/.minecraft/versions/1.21.1 NeoForge 21.1.240/mods}, reader: mod manifest]
[02:21:22] [main/INFO]: Found mod file "balm-neoforge-1.21.1-21.0.63.jar" [locator: {mods folder locator at /storage/emulated/0/Android/data/com.movtery.zalithlauncher.v2/files/.minecraft/versions/1.21.1 NeoForge 21.1.240/mods}, reader: mod manifest]
[02:21:23] [main/INFO]: Found mod file "big_cannons_aeronautics_fix-0.1-Alpha.jar" [locator: {mods folder locator at /storage/emulated/0/Android/data/com.movtery.zalithlauncher.v2/files/.minecraft/versions/1.21.1 NeoForge 21.1.240/mods}, reader: mod manifest]
[02:21:23] [main/INFO]: Found mod file "bwncr-neoforge-1.21.1-3.20.4.jar" [locator: {mods folder locator at /storage/emulated/0/Android/data/com.movtery.zalithlauncher.v2/files/.minecraft/versions/1.21.1 NeoForge 21.1.240/mods}, reader: mod manifest]
[02:21:23] [main/INFO]: Found mod file "carryon-neoforge-1.21.1-2.2.5.8.jar" [locator: {mods folder locator at /storage/emulated/0/Android/data/com.movtery.zalithlauncher.v2/files/.minecraft/versions/1.21.1 NeoForge 21.1.240/mods}, reader: mod manifest]
[02:21:23] [main/INFO]: Found mod file "CarryOnAeroCompat-1.21.1-1.1.1.jar" [locator: {mods folder locator at /storage/emulated/0/Android/data/com.movtery.zalithlauncher.v2/files/.minecraft/versions/1.21.1 NeoForge 21.1.240/mods}, reader: mod manifest]
[02:21:23] [main/INFO]: Found mod file "chunksending-1.21-2.9.jar" [locator: {mods folder locator at /storage/emulated/0/Android/data/com.movtery.zalithlauncher.v2/files/.minecraft/versions/1.21.1 NeoForge 21.1.240/mods}, reader: mod manifest]
[02:21:23] [main/INFO]: Found mod file "clientcrafting-1.21-2.1.jar" [locator: {mods folder locator at /storage/emulated/0/Android/data/com.movtery.zalithlauncher.v2/files/.minecraft/versions/1.21.1 NeoForge 21.1.240/mods}, reader: mod manifest]
[02:21:23] [main/INFO]: Found mod file "Clumps-neoforge-1.21.1-19.0.0.1.jar" [locator: {mods folder locator at /storage/emulated/0/Android/data/com.movtery.zalithlauncher.v2/files/.minecraft/versions/1.21.1 NeoForge 21.1.240/mods}, reader: mod manifest]
[02:21:23] [main/INFO]: Found mod file "configurable-3.5.2+1.21.1-neoforge.jar" [locator: {mods folder locator at /storage/emulated/0/Android/data/com.movtery.zalithlauncher.v2/files/.minecraft/versions/1.21.1 NeoForge 21.1.240/mods}, reader: mod manifest]
[02:21:23] [main/INFO]: Found mod file "connectivity-1.21.1-7.6.jar" [locator: {mods folder locator at /storage/emulated/0/Android/data/com.movtery.zalithlauncher.v2/files/.minecraft/versions/1.21.1 NeoForge 21.1.240/mods}, reader: mod manifest]
[02:21:23] [main/INFO]: Found mod file "ConnectorExtras-1.12.1+1.21.1 (1).jar" [locator: {mods folder locator at /storage/emulated/0/Android/data/com.movtery.zalithlauncher.v2/files/.minecraft/versions/1.21.1 NeoForge 21.1.240/mods}, reader: mod manifest]
[02:21:23] [main/INFO]: Found mod file "Controlling-neoforge-1.21.1-19.0.5.jar" [locator: {mods folder locator at /storage/emulated/0/Android/data/com.movtery.zalithlauncher.v2/files/.minecraft/versions/1.21.1 NeoForge 21.1.240/mods}, reader: mod manifest]
[02:21:23] [main/INFO]: Found mod file "cr_aero_structures.jar" [locator: {mods folder locator at /storage/emulated/0/Android/data/com.movtery.zalithlauncher.v2/files/.minecraft/versions/1.21.1 NeoForge 21.1.240/mods}, reader: mod manifest]
[02:21:23] [main/INFO]: Found mod file "create-1.21.1-6.0.10.jar" [locator: {mods folder locator at /storage/emulated/0/Android/data/com.movtery.zalithlauncher.v2/files/.minecraft/versions/1.21.1 NeoForge 21.1.240/mods}, reader: mod manifest]
[02:21:23] [main/INFO]: Found mod file "create-aeronautics-bundled-1.21.1-1.3.0.jar" [locator: {mods folder locator at /storage/emulated/0/Android/data/com.movtery.zalithlauncher.v2/files/.minecraft/versions/1.21.1 NeoForge 21.1.240/mods}, reader: mod manifest]
[02:21:23] [main/INFO]: Found mod file "create-gunsmithing-1.21.1-1.4.8.jar" [locator: {mods folder locator at /storage/emulated/0/Android/data/com.movtery.zalithlauncher.v2/files/.minecraft/versions/1.21.1 NeoForge 21.1.240/mods}, reader: mod manifest]
[02:21:23] [main/INFO]: Found mod file "create_radar-0.4.9.4-1.21.1.jar" [locator: {mods folder locator at /storage/emulated/0/Android/data/com.movtery.zalithlauncher.v2/files/.minecraft/versions/1.21.1 NeoForge 21.1.240/mods}, reader: mod manifest]
[02:21:23] [main/INFO]: Found mod file "create_submarine-2.2.4.jar" [locator: {mods folder locator at /storage/emulated/0/Android/data/com.movtery.zalithlauncher.v2/files/.minecraft/versions/1.21.1 NeoForge 21.1.240/mods}, reader: mod manifest]
[02:21:23] [main/INFO]: Found mod file "createaddition-1.6.0.jar" [locator: {mods folder locator at /storage/emulated/0/Android/data/com.movtery.zalithlauncher.v2/files/.minecraft/versions/1.21.1 NeoForge 21.1.240/mods}, reader: mod manifest]
[02:21:23] [main/INFO]: Found mod file "createbigcannons-5.11.7+mc.1.21.1.jar" [locator: {mods folder locator at /storage/emulated/0/Android/data/com.movtery.zalithlauncher.v2/files/.minecraft/versions/1.21.1 NeoForge 21.1.240/mods}, reader: mod manifest]
[02:21:23] [main/INFO]: Found mod file "createpropulsion-1.1.4.jar" [locator: {mods folder locator at /storage/emulated/0/Android/data/com.movtery.zalithlauncher.v2/files/.minecraft/versions/1.21.1 NeoForge 21.1.240/mods}, reader: mod manifest]
[02:21:23] [main/INFO]: Found mod file "createthrusters-bundled-V1.0.6.jar" [locator: {mods folder locator at /storage/emulated/0/Android/data/com.movtery.zalithlauncher.v2/files/.minecraft/versions/1.21.1 NeoForge 21.1.240/mods}, reader: mod manifest]
[02:21:23] [main/INFO]: Found mod file "CreativeCore_NEOFORGE_v2.13.41_mc1.21.1.jar" [locator: {mods folder locator at /storage/emulated/0/Android/data/com.movtery.zalithlauncher.v2/files/.minecraft/versions/1.21.1 NeoForge 21.1.240/mods}, reader: mod manifest]
[02:21:23] [main/INFO]: Found mod file "cristellib-neoforge-1.21.1-3.1.7.jar" [locator: {mods folder locator at /storage/emulated/0/Android/data/com.movtery.zalithlauncher.v2/files/.minecraft/versions/1.21.1 NeoForge 21.1.240/mods}, reader: mod manifest]
[02:21:23] [main/INFO]: Found mod file "cupboard-1.21.1-3.8.jar" [locator: {mods folder locator at /storage/emulated/0/Android/data/com.movtery.zalithlauncher.v2/files/.minecraft/versions/1.21.1 NeoForge 21.1.240/mods}, reader: mod manifest]
[02:21:23] [main/INFO]: Found mod file "curios-neoforge-9.5.1+1.21.1.jar" [locator: {mods folder locator at /storage/emulated/0/Android/data/com.movtery.zalithlauncher.v2/files/.minecraft/versions/1.21.1 NeoForge 21.1.240/mods}, reader: mod manifest]
[02:21:23] [main/WARN]: Skipping jar. File mods/dannys-aot-2.4.2.jar is a Fabric mod and cannot be loaded
[02:21:23] [main/INFO]: Found mod file "daotcompat-1.3.2-HOTFIX.jar" [locator: {mods folder locator at /storage/emulated/0/Android/data/com.movtery.zalithlauncher.v2/files/.minecraft/versions/1.21.1 NeoForge 21.1.240/mods}, reader: mod manifest]
[02:21:23] [main/INFO]: Found mod file "despawntweaks-neoforge-1.0.0-1.21.1.jar" [locator: {mods folder locator at /storage/emulated/0/Android/data/com.movtery.zalithlauncher.v2/files/.minecraft/versions/1.21.1 NeoForge 21.1.240/mods}, reader: mod manifest]
[02:21:23] [main/INFO]: Found mod file "dimensional_sable-1.0.5.jar" [locator: {mods folder locator at /storage/emulated/0/Android/data/com.movtery.zalithlauncher.v2/files/.minecraft/versions/1.21.1 NeoForge 21.1.240/mods}, reader: mod manifest]
[02:21:23] [main/INFO]: Found mod file "e4mc-neoforge-6.2.0.jar" [locator: {mods folder locator at /storage/emulated/0/Android/data/com.movtery.zalithlauncher.v2/files/.minecraft/versions/1.21.1 NeoForge 21.1.240/mods}, reader: mod manifest]
[02:21:23] [main/INFO]: Found mod file "fastasyncworldsave-1.21-2.6.jar" [locator: {mods folder locator at /storage/emulated/0/Android/data/com.movtery.zalithlauncher.v2/files/.minecraft/versions/1.21.1 NeoForge 21.1.240/mods}, reader: mod manifest]
[02:21:23] [main/INFO]: Found mod file "ferritecore-7.0.3-neoforge.jar" [locator: {mods folder locator at /storage/emulated/0/Android/data/com.movtery.zalithlauncher.v2/files/.minecraft/versions/1.21.1 NeoForge 21.1.240/mods}, reader: mod manifest]
[02:21:23] [main/INFO]: Found mod file "floatingendislands-0.1.jar" [locator: {mods folder locator at /storage/emulated/0/Android/data/com.movtery.zalithlauncher.v2/files/.minecraft/versions/1.21.1 NeoForge 21.1.240/mods}, reader: mod manifest]
[02:21:23] [main/INFO]: Found mod file "ForgeConfigAPIPort-v21.1.6-1.21.1-NeoForge.jar" [locator: {mods folder locator at /storage/emulated/0/Android/data/com.movtery.zalithlauncher.v2/files/.minecraft/versions/1.21.1 NeoForge 21.1.240/mods}, reader: mod manifest]
[02:21:23] [main/INFO]: Found mod file "forgified-fabric-api-0.116.14+2.3.0+1.21.1.jar" [locator: {mods folder locator at /storage/emulated/0/Android/data/com.movtery.zalithlauncher.v2/files/.minecraft/versions/1.21.1 NeoForge 21.1.240/mods}, reader: mod manifest]
[02:21:23] [main/INFO]: Found mod file "geckolib-neoforge-1.21.1-4.9.2.jar" [locator: {mods folder locator at /storage/emulated/0/Android/data/com.movtery.zalithlauncher.v2/files/.minecraft/versions/1.21.1 NeoForge 21.1.240/mods}, reader: mod manifest]
[02:21:23] [main/INFO]: Found mod file "highseas-0.1.3.jar" [locator: {mods folder locator at /storage/emulated/0/Android/data/com.movtery.zalithlauncher.v2/files/.minecraft/versions/1.21.1 NeoForge 21.1.240/mods}, reader: mod manifest]
[02:21:23] [main/INFO]: Found mod file "Iceberg-1.21.1-neoforge-1.3.2.jar" [locator: {mods folder locator at /storage/emulated/0/Android/data/com.movtery.zalithlauncher.v2/files/.minecraft/versions/1.21.1 NeoForge 21.1.240/mods}, reader: mod manifest]
[02:21:23] [main/INFO]: Found mod file "ImmediatelyFast-NeoForge-1.6.11+1.21.1.jar" [locator: {mods folder locator at /storage/emulated/0/Android/data/com.movtery.zalithlauncher.v2/files/.minecraft/versions/1.21.1 NeoForge 21.1.240/mods}, reader: mod manifest]
[02:21:23] [main/INFO]: Found mod file "ItemPhysic_NEOFORGE_v1.8.13_mc1.21.1.jar" [locator: {mods folder locator at /storage/emulated/0/Android/data/com.movtery.zalithlauncher.v2/files/.minecraft/versions/1.21.1 NeoForge 21.1.240/mods}, reader: mod manifest]
[02:21:23] [main/INFO]: Found mod file "Jade-1.21.1-NeoForge-15.10.5.jar" [locator: {mods folder locator at /storage/emulated/0/Android/data/com.movtery.zalithlauncher.v2/files/.minecraft/versions/1.21.1 NeoForge 21.1.240/mods}, reader: mod manifest]
[02:21:23] [main/INFO]: Found mod file "JadeAddons-1.21.1-NeoForge-6.1.0.jar" [locator: {mods folder locator at /storage/emulated/0/Android/data/com.movtery.zalithlauncher.v2/files/.minecraft/versions/1.21.1 NeoForge 21.1.240/mods}, reader: mod manifest]
[02:21:23] [main/INFO]: Found mod file "jei-1.21.1-neoforge-19.39.0.368.jar" [locator: {mods folder locator at /storage/emulated/0/Android/data/com.movtery.zalithlauncher.v2/files/.minecraft/versions/1.21.1 NeoForge 21.1.240/mods}, reader: mod manifest]
[02:21:23] [main/INFO]: Found mod file "leaky-1.21-2.4.jar" [locator: {mods folder locator at /storage/emulated/0/Android/data/com.movtery.zalithlauncher.v2/files/.minecraft/versions/1.21.1 NeoForge 21.1.240/mods}, reader: mod manifest]
[02:21:23] [main/INFO]: Found mod file "Lift-n-Load-1.21.1-1.0c.jar" [locator: {mods folder locator at /storage/emulated/0/Android/data/com.movtery.zalithlauncher.v2/files/.minecraft/versions/1.21.1 NeoForge 21.1.240/mods}, reader: mod manifest]
[02:21:23] [main/INFO]: Found mod file "lithium-neoforge-0.15.4+mc1.21.1.jar" [locator: {mods folder locator at /storage/emulated/0/Android/data/com.movtery.zalithlauncher.v2/files/.minecraft/versions/1.21.1 NeoForge 21.1.240/mods}, reader: mod manifest]
[02:21:23] [main/INFO]: Found mod file "lmft-1.1.1+1.21.9-neoforge.jar" [locator: {mods folder locator at /storage/emulated/0/Android/data/com.movtery.zalithlauncher.v2/files/.minecraft/versions/1.21.1 NeoForge 21.1.240/mods}, reader: mod manifest]
[02:21:23] [main/INFO]: Found mod file "modernfix-neoforge-5.27.15+mc1.21.1.jar" [locator: {mods folder locator at /storage/emulated/0/Android/data/com.movtery.zalithlauncher.v2/files/.minecraft/versions/1.21.1 NeoForge 21.1.240/mods}, reader: mod manifest]
[02:21:23] [main/INFO]: Found mod file "MouseTweaks-neoforge-mc1.21-2.26.1.jar" [locator: {mods folder locator at /storage/emulated/0/Android/data/com.movtery.zalithlauncher.v2/files/.minecraft/versions/1.21.1 NeoForge 21.1.240/mods}, reader: mod manifest]
[02:21:23] [main/INFO]: Found mod file "neruina-3.3.3+1.21.1-neoforge.jar" [locator: {mods folder locator at /storage/emulated/0/Android/data/com.movtery.zalithlauncher.v2/files/.minecraft/versions/1.21.1 NeoForge 21.1.240/mods}, reader: mod manifest]
[02:21:23] [main/INFO]: Found mod file "NoChatReports-NEOFORGE-1.21.1-v2.9.1.jar" [locator: {mods folder locator at /storage/emulated/0/Android/data/com.movtery.zalithlauncher.v2/files/.minecraft/versions/1.21.1 NeoForge 21.1.240/mods}, reader: mod manifest]
[02:21:23] [main/INFO]: Found mod file "ntgl-1.21.1-3.1.7.jar" [locator: {mods folder locator at /storage/emulated/0/Android/data/com.movtery.zalithlauncher.v2/files/.minecraft/versions/1.21.1 NeoForge 21.1.240/mods}, reader: mod manifest]
[02:21:23] [main/INFO]: Found mod file "packetfixer-3.3.1-1.20.5-1.21.X-merged.jar" [locator: {mods folder locator at /storage/emulated/0/Android/data/com.movtery.zalithlauncher.v2/files/.minecraft/versions/1.21.1 NeoForge 21.1.240/mods}, reader: mod manifest]
[02:21:23] [main/INFO]: Found mod file "PickUpNotifier-v21.1.1-1.21.1-NeoForge.jar" [locator: {mods folder locator at /storage/emulated/0/Android/data/com.movtery.zalithlauncher.v2/files/.minecraft/versions/1.21.1 NeoForge 21.1.240/mods}, reader: mod manifest]
[02:21:23] [main/INFO]: Found mod file "Placebo-1.21.1-9.9.1.jar" [locator: {mods folder locator at /storage/emulated/0/Android/data/com.movtery.zalithlauncher.v2/files/.minecraft/versions/1.21.1 NeoForge 21.1.240/mods}, reader: mod manifest]
[02:21:23] [main/INFO]: Found mod file "PlayerAnimationLibNeoforge-1.1.5+mc.1.21.1.jar" [locator: {mods folder locator at /storage/emulated/0/Android/data/com.movtery.zalithlauncher.v2/files/.minecraft/versions/1.21.1 NeoForge 21.1.240/mods}, reader: mod manifest]
[02:21:23] [main/INFO]: Found mod file "polymorph-neoforge-1.1.0+1.21.1.jar" [locator: {mods folder locator at /storage/emulated/0/Android/data/com.movtery.zalithlauncher.v2/files/.minecraft/versions/1.21.1 NeoForge 21.1.240/mods}, reader: mod manifest]
[02:21:23] [main/INFO]: Found mod file "PuzzlesLib-v21.1.52-1.21.1-NeoForge.jar" [locator: {mods folder locator at /storage/emulated/0/Android/data/com.movtery.zalithlauncher.v2/files/.minecraft/versions/1.21.1 NeoForge 21.1.240/mods}, reader: mod manifest]
[02:21:23] [main/INFO]: Found mod file "recipeessentials-1.21-4.0.jar" [locator: {mods folder locator at /storage/emulated/0/Android/data/com.movtery.zalithlauncher.v2/files/.minecraft/versions/1.21.1 NeoForge 21.1.240/mods}, reader: mod manifest]
[02:21:23] [main/INFO]: Found mod file "redirected-neoforge-1.0.0-1.21.1.jar" [locator: {mods folder locator at /storage/emulated/0/Android/data/com.movtery.zalithlauncher.v2/files/.minecraft/versions/1.21.1 NeoForge 21.1.240/mods}, reader: mod manifest]
[02:21:23] [main/INFO]: Found mod file "reeses-sodium-options-neoforge-2.2.3+mc1.21.1.jar" [locator: {mods folder locator at /storage/emulated/0/Android/data/com.movtery.zalithlauncher.v2/files/.minecraft/versions/1.21.1 NeoForge 21.1.240/mods}, reader: mod manifest]
[02:21:23] [main/INFO]: Found mod file "ritchiesprojectilelib-2.1.2+mc.1.21.1-neoforge (1).jar" [locator: {mods folder locator at /storage/emulated/0/Android/data/com.movtery.zalithlauncher.v2/files/.minecraft/versions/1.21.1 NeoForge 21.1.240/mods}, reader: mod manifest]
[02:21:23] [main/INFO]: Found mod file "sable-neoforge-1.21.1-2.0.3.jar" [locator: {mods folder locator at /storage/emulated/0/Android/data/com.movtery.zalithlauncher.v2/files/.minecraft/versions/1.21.1 NeoForge 21.1.240/mods}, reader: mod manifest]
[02:21:23] [main/INFO]: Found mod file "sablecollisiondamage-1.0.8.jar" [locator: {mods folder locator at /storage/emulated/0/Android/data/com.movtery.zalithlauncher.v2/files/.minecraft/versions/1.21.1 NeoForge 21.1.240/mods}, reader: mod manifest]
[02:21:23] [main/INFO]: Found mod file "sabledestructive-2.0.1.jar" [locator: {mods folder locator at /storage/emulated/0/Android/data/com.movtery.zalithlauncher.v2/files/.minecraft/versions/1.21.1 NeoForge 21.1.240/mods}, reader: mod manifest]
[02:21:23] [main/INFO]: Found mod file "Searchables-neoforge-1.21.1-1.0.2.jar" [locator: {mods folder locator at /storage/emulated/0/Android/data/com.movtery.zalithlauncher.v2/files/.minecraft/versions/1.21.1 NeoForge 21.1.240/mods}, reader: mod manifest]
[02:21:23] [main/INFO]: Found mod file "smoothchunk-1.21-4.1 (1).jar" [locator: {mods folder locator at /storage/emulated/0/Android/data/com.movtery.zalithlauncher.v2/files/.minecraft/versions/1.21.1 NeoForge 21.1.240/mods}, reader: mod manifest]
[02:21:23] [main/INFO]: Found mod file "sodium-extra-neoforge-0.9.3+mc1.21.1.jar" [locator: {mods folder locator at /storage/emulated/0/Android/data/com.movtery.zalithlauncher.v2/files/.minecraft/versions/1.21.1 NeoForge 21.1.240/mods}, reader: mod manifest]
[02:21:23] [main/INFO]: Found mod file "sound-physics-aeronautics-0.2.0-alpha.1.jar" [locator: {mods folder locator at /storage/emulated/0/Android/data/com.movtery.zalithlauncher.v2/files/.minecraft/versions/1.21.1 NeoForge 21.1.240/mods}, reader: mod manifest]
[02:21:23] [main/INFO]: Found mod file "structureessentials-1.21.1-5.0.jar" [locator: {mods folder locator at /storage/emulated/0/Android/data/com.movtery.zalithlauncher.v2/files/.minecraft/versions/1.21.1 NeoForge 21.1.240/mods}, reader: mod manifest]
[02:21:23] [main/INFO]: Found mod file "txnilib-neoforge-1.0.24-1.21.1 (1).jar" [locator: {mods folder locator at /storage/emulated/0/Android/data/com.movtery.zalithlauncher.v2/files/.minecraft/versions/1.21.1 NeoForge 21.1.240/mods}, reader: mod manifest]
[02:21:23] [main/INFO]: Found mod file "vectorientation-1.1.0 (1).jar" [locator: {mods folder locator at /storage/emulated/0/Android/data/com.movtery.zalithlauncher.v2/files/.minecraft/versions/1.21.1 NeoForge 21.1.240/mods}, reader: mod manifest]
[02:21:23] [main/INFO]: Found mod file "wwoo-neoforge-2.6.7.jar" [locator: {mods folder locator at /storage/emulated/0/Android/data/com.movtery.zalithlauncher.v2/files/.minecraft/versions/1.21.1 NeoForge 21.1.240/mods}, reader: mod manifest]
[02:21:23] [main/INFO]: Found mod file "yet_another_config_lib_v3-3.8.2+1.21.1-neoforge (1).jar" [locator: {mods folder locator at /storage/emulated/0/Android/data/com.movtery.zalithlauncher.v2/files/.minecraft/versions/1.21.1 NeoForge 21.1.240/mods}, reader: mod manifest]
[02:21:24] [main/WARN]: Attempted to select a dependency jar for JarJar which was passed in as source: fabric_renderer_api_v1. Using Mod File: 
[02:21:24] [main/WARN]: Attempted to select a dependency jar for JarJar which was passed in as source: fabric_block_view_api_v2. Using Mod File: 
[02:21:24] [main/WARN]: Attempted to select a dependency jar for JarJar which was passed in as source: library:net.fabricmc.loader. Using Mod File: /~nonexistent
[02:21:24] [main/WARN]: Attempted to select a dependency jar for JarJar which was passed in as source: fabric_api_base. Using Mod File: 
[02:21:24] [main/WARN]: Attempted to select a dependency jar for JarJar which was passed in as source: fabric_rendering_data_attachment_v1. Using Mod File: 
[02:21:24] [main/INFO]: Found 82 dependencies adding them to mods collection
[02:21:24] [main/INFO]: Found mod file "fabric-transfer-api-v1-5.4.4+6244b11119.jar" [parent: forgified-fabric-api-0.116.14+2.3.0+1.21.1.jar, locator: jarinjar, reader: mod manifest]
[02:21:24] [main/INFO]: Found mod file "kuma-api-neoforge-21.0.8+1.21.jar" [parent: balm-neoforge-1.21.1-21.0.63.jar, locator: jarinjar, reader: mod manifest]
[02:21:24] [main/INFO]: Found library file "glsl-processor-0.2.3.jar" [parent: veil-neoforge-1.21.1-4.1.4.jar, locator: jarinjar]
[02:21:24] [main/INFO]: Found mod file "ponder-neoforge-1.0.82+mc1.21.1.jar" [parent: create-1.21.1-6.0.10.jar, locator: jarinjar, reader: mod manifest]
[02:21:24] [main/INFO]: Found library file "net.neoforged.neoforge-coremods-21.1.240.jar" [parent: neoforge-21.1.240-universal.jar, locator: jarinjar, reader: mod manifest]
[02:21:24] [main/INFO]: Found mod file "kubejs-bridge-1.12.1+1.21.1.jar" [parent: ConnectorExtras-1.12.1+1.21.1 (1).jar, locator: jarinjar, reader: mod manifest]
[02:21:24] [main/INFO]: Found mod file "fabric-model-loading-api-v1-2.1.0+6e8f52c719.jar" [parent: forgified-fabric-api-0.116.14+2.3.0+1.21.1.jar, locator: jarinjar, reader: mod manifest]
[02:21:24] [main/INFO]: Found mod file "fabric-item-api-v1-11.2.0+0c57911319.jar" [parent: forgified-fabric-api-0.116.14+2.3.0+1.21.1.jar, locator: jarinjar, reader: mod manifest]
[02:21:24] [main/INFO]: Found library file "greenlight-api-0.1.0+mc1.21.10.jar" [parent: sodium-extra-neoforge-0.9.3+mc1.21.1.jar, locator: jarinjar]
[02:21:24] [main/INFO]: Found mod file "modmenu-bridge-1.12.1+1.21.1.jar" [parent: ConnectorExtras-1.12.1+1.21.1 (1).jar, locator: jarinjar, reader: mod manifest]
[02:21:24] [main/INFO]: Found mod file "fabric-rendering-fluids-v1-3.1.6+a51883b219.jar" [parent: forgified-fabric-api-0.116.14+2.3.0+1.21.1.jar, locator: jarinjar, reader: mod manifest]
[02:21:24] [main/INFO]: Found mod file "dev.eriksonn.aeronautics.aeronautics-neoforge-1.21.1-1.3.0.jar" [parent: create-aeronautics-bundled-1.21.1-1.3.0.jar, locator: jarinjar, reader: mod manifest]
[02:21:24] [main/INFO]: Found mod file "pehkui-bridge-1.12.1+1.21.1.jar" [parent: ConnectorExtras-1.12.1+1.21.1 (1).jar, locator: jarinjar, reader: mod manifest]
[02:21:24] [main/INFO]: Found library file "github-api-2.0-rc.6.jar" [parent: neruina-3.3.3+1.21.1-neoforge.jar, locator: jarinjar]
[02:21:24] [main/INFO]: Found mod file "fabric-screen-handler-api-v1-1.3.91+8dbc56dd19.jar" [parent: forgified-fabric-api-0.116.14+2.3.0+1.21.1.jar, locator: jarinjar, reader: mod manifest]
[02:21:24] [main/INFO]: Found library file "MixinSquared-0.3.3.jar" [parent: mixinsquared-neoforge-0.3.3.jar, locator: jarinjar]
[02:21:24] [main/INFO]: Found mod file "fabric-resource-loader-v0-1.3.1+4ea8954419.jar" [parent: forgified-fabric-api-0.116.14+2.3.0+1.21.1.jar, locator: jarinjar, reader: mod manifest]
[02:21:24] [main/INFO]: Found mod file "fabric-rendering-v1-5.1.0+1a09bd5a19.jar" [parent: forgified-fabric-api-0.116.14+2.3.0+1.21.1.jar, locator: jarinjar, reader: mod manifest]
[02:21:24] [main/INFO]: Found mod file "fabric-renderer-indigo-1.7.1+9125b6dc19.jar" [parent: forgified-fabric-api-0.116.14+2.3.0+1.21.1.jar, locator: jarinjar, reader: mod manifest]
[02:21:24] [main/INFO]: Found mod file "fabric-convention-tags-v1-2.1.7+7f945d5b19.jar" [parent: forgified-fabric-api-0.116.14+2.3.0+1.21.1.jar, locator: jarinjar, reader: mod manifest]
[02:21:24] [main/INFO]: Found mod file "fabric-command-api-v2-2.2.28+36d727be19.jar" [parent: forgified-fabric-api-0.116.14+2.3.0+1.21.1.jar, locator: jarinjar, reader: mod manifest]
[02:21:24] [main/INFO]: Found mod file "fabric-convention-tags-v2-2.12.0+75d3639619.jar" [parent: forgified-fabric-api-0.116.14+2.3.0+1.21.1.jar, locator: jarinjar, reader: mod manifest]
[02:21:24] [main/INFO]: Found mod file "fabric-data-attachment-api-v1-1.4.7+26d408aa19.jar" [parent: forgified-fabric-api-0.116.14+2.3.0+1.21.1.jar, locator: jarinjar, reader: mod manifest]
[02:21:24] [main/INFO]: Found mod file "rei-bridge-1.12.1+1.21.1.jar" [parent: ConnectorExtras-1.12.1+1.21.1 (1).jar, locator: jarinjar, reader: mod manifest]
[02:21:24] [main/INFO]: Found mod file "veil-neoforge-1.21.1-4.1.4.jar" [parent: sable-neoforge-1.21.1-2.0.3.jar, locator: jarinjar, reader: mod manifest]
[02:21:24] [main/INFO]: Found mod file "dev.simulated_team.simulated.simulated-neoforge-1.21.1-1.3.0.jar" [parent: create-aeronautics-bundled-1.21.1-1.3.0.jar, locator: jarinjar, reader: mod manifest]
[02:21:24] [main/INFO]: Found library file "extras-utils-1.12.1+1.21.1.jar" [parent: ConnectorExtras-1.12.1+1.21.1 (1).jar, locator: jarinjar, reader: mod manifest]
[02:21:24] [main/INFO]: Found mod file "fabric-screen-api-v1-2.0.26+b4953c7419.jar" [parent: forgified-fabric-api-0.116.14+2.3.0+1.21.1.jar, locator: jarinjar, reader: mod manifest]
[02:21:24] [main/INFO]: Found library file "molang-compiler-3.1.1.19.jar" [parent: veil-neoforge-1.21.1-4.1.4.jar, locator: jarinjar]
[02:21:24] [main/INFO]: Found mod file "energy-bridge-1.12.1+1.21.1.jar" [parent: ConnectorExtras-1.12.1+1.21.1 (1).jar, locator: jarinjar, reader: mod manifest]
[02:21:24] [main/INFO]: Found library file "Reflect-1.6.2.jar" [parent: ImmediatelyFast-NeoForge-1.6.11+1.21.1.jar, locator: jarinjar]
[02:21:24] [main/INFO]: Found mod file "fabric-particles-v1-4.0.2+824f924c19.jar" [parent: forgified-fabric-api-0.116.14+2.3.0+1.21.1.jar, locator: jarinjar, reader: mod manifest]
[02:21:24] [main/INFO]: Found mod file "forgified-fabric-api-0.115.6+2.1.0+1.21.1.jar" [parent: txnilib-neoforge-1.0.24-1.21.1 (1).jar, locator: jarinjar, reader: mod manifest]
[02:21:24] [main/INFO]: Found mod file "fabric-content-registries-v0-8.0.19+5e0d320019.jar" [parent: forgified-fabric-api-0.116.14+2.3.0+1.21.1.jar, locator: jarinjar, reader: mod manifest]
[02:21:24] [main/INFO]: Found library file "common-image-3.12.0.jar" [parent: yet_another_config_lib_v3-3.8.2+1.21.1-neoforge (1).jar, locator: jarinjar]
[02:21:24] [main/INFO]: Found mod file "terrablender-bridge-1.12.1+1.21.1.jar" [parent: ConnectorExtras-1.12.1+1.21.1 (1).jar, locator: jarinjar, reader: mod manifest]
[02:21:24] [main/INFO]: Found mod file "fabric-transitive-access-wideners-v1-6.2.0+6c854b6f19.jar" [parent: forgified-fabric-api-0.116.14+2.3.0+1.21.1.jar, locator: jarinjar, reader: mod manifest]
[02:21:24] [main/INFO]: Found mod file "dev.ryanhcode.offroad.offroad-neoforge-1.21.1-1.3.0.jar" [parent: create-aeronautics-bundled-1.21.1-1.3.0.jar, locator: jarinjar, reader: mod manifest]
[02:21:24] [main/INFO]: Found library file "jankson-1.2.3.jar" [parent: cristellib-neoforge-1.21.1-3.1.7.jar, locator: jarinjar]
[02:21:24] [main/INFO]: Found gamelibrary file "mixinextras-neoforge-0.5.4.jar" [parent: big_cannons_aeronautics_fix-0.1-Alpha.jar, locator: jarinjar, reader: mod manifest]
[02:21:24] [main/INFO]: Found mod file "fabric-game-rule-api-v1-1.0.53+36d727be19.jar" [parent: forgified-fabric-api-0.116.14+2.3.0+1.21.1.jar, locator: jarinjar, reader: mod manifest]
[02:21:24] [main/INFO]: Found mod file "fabric-api-lookup-api-v1-1.6.72+6244b11119.jar" [parent: forgified-fabric-api-0.116.14+2.3.0+1.21.1.jar, locator: jarinjar, reader: mod manifest]
[02:21:24] [main/INFO]: Found mod file "fabric-blockrenderlayer-v1-1.1.52+c290471319.jar" [parent: forgified-fabric-api-0.116.14+2.3.0+1.21.1.jar, locator: jarinjar, reader: mod manifest]
[02:21:24] [main/INFO]: Found gamelibrary file "dev.ryanhcode.sable.sable-sable_rapier-1.21.1-2.0.3.jar" [parent: sable-neoforge-1.21.1-2.0.3.jar, locator: jarinjar, reader: mod manifest]
[02:21:24] [main/INFO]: Found gamelibrary file "mixinsquared-neoforge-0.3.3.jar" [parent: alltheleaks-1.1.10+1.21.1-neoforge.jar, locator: jarinjar, reader: mod manifest]
[02:21:24] [main/INFO]: Found mod file "fabric-block-api-v1-1.1.0+b0c22bb819.jar" [parent: forgified-fabric-api-0.116.14+2.3.0+1.21.1.jar, locator: jarinjar, reader: mod manifest]
[02:21:24] [main/INFO]: Found mod file "jei-bridge-1.12.1+1.21.1.jar" [parent: ConnectorExtras-1.12.1+1.21.1 (1).jar, locator: jarinjar, reader: mod manifest]
[02:21:24] [main/INFO]: Found library file "imageio-metadata-3.12.0.jar" [parent: yet_another_config_lib_v3-3.8.2+1.21.1-neoforge (1).jar, locator: jarinjar]
[02:21:24] [main/INFO]: Found mod file "fabric-resource-conditions-api-v1-4.3.0+5bdd099819.jar" [parent: forgified-fabric-api-0.116.14+2.3.0+1.21.1.jar, locator: jarinjar, reader: mod manifest]
[02:21:24] [main/INFO]: Found library file "gson-0.3.1.jar" [parent: configurable-3.5.2+1.21.1-neoforge.jar, locator: jarinjar]
[02:21:24] [main/INFO]: Found mod file "sable-companion-common-1.21.1-1.6.0.jar" [parent: sable-neoforge-1.21.1-2.0.3.jar, locator: jarinjar, reader: mod manifest]
[02:21:24] [main/INFO]: Found mod file "flywheel-neoforge-1.21.1-1.0.6.jar" [parent: create-1.21.1-6.0.10.jar, locator: jarinjar, reader: mod manifest]
[02:21:24] [main/INFO]: Found mod file "fabric-item-group-api-v1-4.1.7+e324903319.jar" [parent: forgified-fabric-api-0.116.14+2.3.0+1.21.1.jar, locator: jarinjar, reader: mod manifest]
[02:21:24] [main/INFO]: Found mod file "fabric-gametest-api-v1-2.0.5+29f188ce19.jar" [parent: forgified-fabric-api-0.116.14+2.3.0+1.21.1.jar, locator: jarinjar, reader: mod manifest]
[02:21:24] [main/INFO]: Found mod file "fabric-biome-api-v1-13.0.31+1e62d33c19.jar" [parent: forgified-fabric-api-0.116.14+2.3.0+1.21.1.jar, locator: jarinjar, reader: mod manifest]
[02:21:24] [main/INFO]: Found mod file "fabric-entity-events-v1-1.8.0+e46a02ca19.jar" [parent: forgified-fabric-api-0.116.14+2.3.0+1.21.1.jar, locator: jarinjar, reader: mod manifest]
[02:21:24] [main/INFO]: Found library file "kaleido-config-0.3.3+1.3.2.jar" [parent: e4mc-neoforge-6.2.0.jar, locator: jarinjar]
[02:21:24] [main/INFO]: Found library file "json-0.3.1.jar" [parent: configurable-3.5.2+1.21.1-neoforge.jar, locator: jarinjar]
[02:21:24] [main/INFO]: Found library file "javassist-3.30.2-GA.jar" [parent: PlayerAnimationLibNeoforge-1.1.5+mc.1.21.1.jar, locator: jarinjar]
[02:21:24] [main/INFO]: Found mod file "fabric-registry-sync-v0-5.3.2+f9aace1619.jar" [parent: forgified-fabric-api-0.116.14+2.3.0+1.21.1.jar, locator: jarinjar, reader: mod manifest]
[02:21:24] [main/INFO]: Found mod file "fabric-recipe-api-v1-5.0.16+59440bcc19.jar" [parent: forgified-fabric-api-0.116.14+2.3.0+1.21.1.jar, locator: jarinjar, reader: mod manifest]
[02:21:24] [main/INFO]: Found mod file "architectury-neoforge-13.0.8.jar" [parent: aaa_particles-neoforge-1.21.1-2.2.3.jar, locator: jarinjar, reader: mod manifest]
[02:21:24] [main/INFO]: Found library file "common-io-3.12.0.jar" [parent: yet_another_config_lib_v3-3.8.2+1.21.1-neoforge (1).jar, locator: jarinjar]
[02:21:24] [main/INFO]: Found mod file "fabric-object-builder-api-v1-15.2.1+cc242efd19.jar" [parent: forgified-fabric-api-0.116.14+2.3.0+1.21.1.jar, locator: jarinjar, reader: mod manifest]
[02:21:24] [main/INFO]: Found mod file "fabric-loot-api-v2-3.0.15+a3ee712d19.jar" [parent: forgified-fabric-api-0.116.14+2.3.0+1.21.1.jar, locator: jarinjar, reader: mod manifest]
[02:21:24] [main/INFO]: Found mod file "fabric-loot-api-v3-1.0.3+333dfad919.jar" [parent: forgified-fabric-api-0.116.14+2.3.0+1.21.1.jar, locator: jarinjar, reader: mod manifest]
[02:21:24] [main/INFO]: Found library file "imageio-webp-3.12.0.jar" [parent: yet_another_config_lib_v3-3.8.2+1.21.1-neoforge (1).jar, locator: jarinjar]
[02:21:24] [main/INFO]: Found mod file "fabric-networking-api-v1-4.3.1+30a980d919.jar" [parent: forgified-fabric-api-0.116.14+2.3.0+1.21.1.jar, locator: jarinjar, reader: mod manifest]
[02:21:24] [main/INFO]: Found gamelibrary file "mochafloats-4.1.0.jar" [parent: PlayerAnimationLibNeoforge-1.1.5+mc.1.21.1.jar, locator: jarinjar, reader: mod manifest]
[02:21:24] [main/INFO]: Found library file "auto-service-1.0.jar" [parent: configurable-3.5.2+1.21.1-neoforge.jar, locator: jarinjar]
[02:21:24] [main/INFO]: Found gamelibrary file "Registrate-MC1.21-1.3.0+67.jar" [parent: create-1.21.1-6.0.10.jar, locator: jarinjar, reader: mod manifest]
[02:21:24] [main/INFO]: Found mod file "fabric-sound-api-v1-1.0.23+10b84f8419.jar" [parent: forgified-fabric-api-0.116.14+2.3.0+1.21.1.jar, locator: jarinjar, reader: mod manifest]
[02:21:24] [main/INFO]: Found mod file "fabric-message-api-v1-6.0.14+6a754fce19.jar" [parent: forgified-fabric-api-0.116.14+2.3.0+1.21.1.jar, locator: jarinjar, reader: mod manifest]
[02:21:24] [main/INFO]: Found mod file "emi-bridge-1.12.1+1.21.1.jar" [parent: ConnectorExtras-1.12.1+1.21.1 (1).jar, locator: jarinjar, reader: mod manifest]
[02:21:24] [main/INFO]: Found library file "common-lang-3.12.0.jar" [parent: yet_another_config_lib_v3-3.8.2+1.21.1-neoforge (1).jar, locator: jarinjar]
[02:21:24] [main/INFO]: Found mod file "fabric-lifecycle-events-v1-2.6.0+e40d8add19.jar" [parent: forgified-fabric-api-0.116.14+2.3.0+1.21.1.jar, locator: jarinjar, reader: mod manifest]
[02:21:24] [main/INFO]: Found mod file "fabric-data-generation-api-v1-20.3.0+3e2bcb4b19.jar" [parent: forgified-fabric-api-0.116.14+2.3.0+1.21.1.jar, locator: jarinjar, reader: mod manifest]
[02:21:24] [main/INFO]: Found mod file "fabric-tag-api-v1-1.3.0+3e2bcb4b19.jar" [parent: forgified-fabric-api-0.116.14+2.3.0+1.21.1.jar, locator: jarinjar, reader: mod manifest]
[02:21:24] [main/INFO]: Found library file "imageio-core-3.12.0.jar" [parent: yet_another_config_lib_v3-3.8.2+1.21.1-neoforge (1).jar, locator: jarinjar]
[02:21:24] [main/INFO]: Found mod file "fabric-events-interaction-v0-0.7.14+86e0887119.jar" [parent: forgified-fabric-api-0.116.14+2.3.0+1.21.1.jar, locator: jarinjar, reader: mod manifest]
[02:21:24] [main/INFO]: Found mod file "fabric-key-binding-api-v1-1.0.47+62cc7ce119.jar" [parent: forgified-fabric-api-0.116.14+2.3.0+1.21.1.jar, locator: jarinjar, reader: mod manifest]
[02:21:24] [main/INFO]: Found mod file "fabric-client-tags-api-v1-1.2.0+5adff2d719.jar" [parent: forgified-fabric-api-0.116.14+2.3.0+1.21.1.jar, locator: jarinjar, reader: mod manifest]
[02:21:24] [main/INFO]: Dependency resolution found 1 candidates to load
[02:21:25] [main/INFO]: Found mod file "dannys-aot-2.4.2_mapped_moj_1.21.1.jar" [locator: org.sinytra.connector.locator.ConnectorLocator@27fde870]
[02:21:25] [main/INFO]: Found 2 dependencies adding them to mods collection
[02:21:25] [main/INFO]: Found mod file "org.sinytra.connector-2.0.0-beta.15+1.21.1-mod.jar" [parent: , locator: org.sinytra.connector.locator.ConnectorLocator@27fde870, reader: mod manifest]
[02:21:25] [main/INFO]: Found gamelibrary file "runtime-1.0.0+1.21.1.jar" [parent: , locator: org.sinytra.connector.locator.ConnectorLocator@27fde870, reader: mod manifest]
[02:21:25] [main/INFO]: 
     Mod List:
		Name Version (Mod Id)

		AAA Particles 2.2.3 (aaa_particles)
		Actually Floating End Islands 0.1 (floatingendislands)
		Aeronautics Camera Sync 1.3.5 (aero_cam_sync)
		Aerowear 1.0.0 (aerowear)
		All The Leaks 1.1.10+1.21.1-neoforge (alltheleaks)
		Architectury 13.0.8 (architectury)
		Awakened Islands 1.0.0 (awakened_islands)
		Bad Wither No Cookie Reloaded 3.20.4 (bwncr)
		Balm 21.0.63 (balm)
		Big Cannons Aeronautics Fix 0.1-Alpha (big_cannons_aeronautics_fix)
		Carry On 2.2.5 (carryon)
		Carry On + Create Aeronautics Compat 1.1.1 (carryonaerocompat)
		chunksending mod 2.9 (chunksending)
		clientcrafting mod 2.1 (clientcrafting)
		Clumps 19.0.0.1 (clumps)
		Configurable 3.5.2 (configurable)
		Connectivity Mod 7.6 (connectivity)
		Connector Extras 1.12.1+1.21.1 (connectorextras)
		Connector Extras EMI Bridge 1.12.1+1.21.1 (connectorextras_emi_bridge)
		Connector Extras Energy Bridge 1.12.1+1.21.1 (connectorextras_energy_bridge)
		Connector Extras JEI Bridge 1.12.1+1.21.1 (connectorextras_jei_bridge)
		Connector Extras KubeJS Bridge 1.12.1+1.21.1 (connectorextras_kubejs_bridge)
		Connector Extras ModMenu Bridge 1.12.1+1.21.1 (connectorextras_modmenu_bridge)
		Connector Extras Pehkui Bridge 1.12.1+1.21.1 (connectorextras_pehkui_bridge)
		Connector Extras REI Bridge 1.12.1+1.21.1 (connectorextras_rei_bridge)
		Connector Extras Terrablender Bridge 1.12.1+1.21.1 (connectorextras_terrablender_bridge)
		Controlling 19.0.5 (controlling)
		Crafts-Aero-Bridge 1.0.0 (aeroadditionbridge)
		Creat Aeronautics Structures 1.1.0-Beta-3.1 (cr_aero_structures)
		Create 6.0.10 (create)
		Create Aeronautics 1.3.0 (aeronautics_bundled)
		Create Aeronautics 1.3.0 (aeronautics)
		Create Big Cannons 5.11.7 (createbigcannons)
		Create Crafts & Additions 1.6.0 (createaddition)
		Create Deep Seas 2.2.4 (create_submarine)
		Create Gadgets & Gizmos 1.0.6 (createthrusters)
		Create High Seas 0.1.3 (highseas)
		Create Offroad 1.3.0 (offroad)
		Create Propulsion: Simulated 1.1.4 (createpropulsion)
		Create Simulated 1.3.0 (simulated)
		Create: Aeroworks 1.3.0 (aeroworks)
		Create: Gunsmithing 1.4.8 (cgs)
		Create: Radars 0.4.9.4-1.21.1 (create_radar)
		CreativeCore 2.13.41 (creativecore)
		Cristel Lib 3.1.7 (cristellib)
		Cupboard mod 3.8 (cupboard)
		Curios API 9.5.1+1.21.1 (curios)
		Danny's AoT 2.4.1 (dannys_aot)
		DAOT Aeronautics Compat 1.0.0 (daotcompat)
		Despawn Tweaks 1.0.0 (despawntweaks)
		Dimensional Sable 1.0.5 (dimensional_sable)
		e4mc 6.2.0 (e4mc)
		fastasyncworldsave mod 2.6 (fastasyncworldsave)
		Ferrite Core 7.0.3 (ferritecore)
		Flywheel 1.0.6 (flywheel)
		Forge Config API Port 21.1.6 (forgeconfigapiport)
		Forgified Fabric API 0.116.14+2.3.0+1.21.1 (fabric_api)
		Forgified Fabric API Base 0.4.42+d1308ded19 (fabric_api_base)
		Forgified Fabric API Lookup API (v1) 1.6.72+6244b11119 (fabric_api_lookup_api_v1)
		Forgified Fabric Biome API (v1) 13.0.31+1e62d33c19 (fabric_biome_api_v1)
		Forgified Fabric Block API (v1) 1.1.0+b0c22bb819 (fabric_block_api_v1)
		Forgified Fabric BlockRenderLayer Registration (v1) 1.1.52+c290471319 (fabric_blockrenderlayer_v1)
		Forgified Fabric BlockView API (v2) 1.0.10+9afaaf8c19 (fabric_block_view_api_v2)
		Forgified Fabric Client Tags 1.2.0+5adff2d719 (fabric_client_tags_api_v1)
		Forgified Fabric Command API (v2) 2.2.28+36d727be19 (fabric_command_api_v2)
		Forgified Fabric Content Registries (v0) 8.0.19+5e0d320019 (fabric_content_registries_v0)
		Forgified Fabric Convention Tags 2.1.7+7f945d5b19 (fabric_convention_tags_v1)
		Forgified Fabric Convention Tags (v2) 2.12.0+75d3639619 (fabric_convention_tags_v2)
		Forgified Fabric Data Attachment API (v1) 1.4.7+26d408aa19 (fabric_data_attachment_api_v1)
		Forgified Fabric Data Generation API (v1) 20.3.0+3e2bcb4b19 (fabric_data_generation_api_v1)
		Forgified Fabric Entity Events (v1) 1.8.0+e46a02ca19 (fabric_entity_events_v1)
		Forgified Fabric Events Interaction (v0) 0.7.14+86e0887119 (fabric_events_interaction_v0)
		Forgified Fabric Game Rule API (v1) 1.0.53+36d727be19 (fabric_game_rule_api_v1)
		Forgified Fabric Game Test API (v1) 2.0.5+29f188ce19 (fabric_gametest_api_v1)
		Forgified Fabric Item API (v1) 11.2.0+0c57911319 (fabric_item_api_v1)
		Forgified Fabric Item Group API (v1) 4.1.7+e324903319 (fabric_item_group_api_v1)
		Forgified Fabric Key Binding API (v1) 1.0.47+62cc7ce119 (fabric_key_binding_api_v1)
		Forgified Fabric Lifecycle Events (v1) 2.6.0+e40d8add19 (fabric_lifecycle_events_v1)
		Forgified Fabric Loot API (v2) 3.0.15+a3ee712d19 (fabric_loot_api_v2)
		Forgified Fabric Loot API (v3) 1.0.3+333dfad919 (fabric_loot_api_v3)
		Forgified Fabric Message API (v1) 6.0.14+6a754fce19 (fabric_message_api_v1)
		Forgified Fabric Model Loading API (v1) 2.1.0+6e8f52c719 (fabric_model_loading_api_v1)
		Forgified Fabric Networking API (v1) 4.3.1+30a980d919 (fabric_networking_api_v1)
		Forgified Fabric Object Builder API (v1) 15.2.1+cc242efd19 (fabric_object_builder_api_v1)
		Forgified Fabric Particles (v1) 4.0.2+824f924c19 (fabric_particles_v1)
		Forgified Fabric Recipe API (v1) 5.0.16+59440bcc19 (fabric_recipe_api_v1)
		Forgified Fabric Registry Sync (v0) 5.3.2+f9aace1619 (fabric_registry_sync_v0)
		Forgified Fabric Renderer - Indigo 1.7.1+9125b6dc19 (fabric_renderer_indigo)
		Forgified Fabric Renderer API (v1) 3.4.1+9125b6dc19 (fabric_renderer_api_v1)
		Forgified Fabric Rendering (v1) 5.1.0+1a09bd5a19 (fabric_rendering_v1)
		Forgified Fabric Rendering Data Attachment (v1) 0.3.48+73761d2e19 (fabric_rendering_data_attachment_v1)
		Forgified Fabric Rendering Fluids (v1) 3.1.6+a51883b219 (fabric_rendering_fluids_v1)
		Forgified Fabric Resource Conditions API (v1) 4.3.0+5bdd099819 (fabric_resource_conditions_api_v1)
		Forgified Fabric Resource Loader (v0) 1.3.1+4ea8954419 (fabric_resource_loader_v0)
		Forgified Fabric Screen API (v1) 2.0.26+b4953c7419 (fabric_screen_api_v1)
		Forgified Fabric Screen Handler API (v1) 1.3.91+8dbc56dd19 (fabric_screen_handler_api_v1)
		Forgified Fabric Sound API (v1) 1.0.23+10b84f8419 (fabric_sound_api_v1)
		Forgified Fabric Tag API (v1) 1.3.0+3e2bcb4b19 (fabric_tag_api_v1)
		Forgified Fabric Transfer API (v1) 5.4.4+6244b11119 (fabric_transfer_api_v1)
		Forgified Fabric Transitive Access Wideners (v1) 6.2.0+6c854b6f19 (fabric_transitive_access_wideners_v1)
		GeckoLib 4 4.9.2 (geckolib)
		Iceberg 1.3.2 (iceberg)
		ImmediatelyFast 1.6.11+1.21.1 (immediatelyfast)
		ItemPhysic 1.8.13 (itemphysic)
		Jade 15.10.5+neoforge (jade)
		Jade Addons 6.1.0+neoforge (jadeaddons)
		Just Enough Items 19.39.0.368 (jei)
		KumaAPI 21.0.8 (kuma_api)
		leaky mod 2.4 (leaky)
		Lift n' Load 1.0c (create_lnl)
		Lithium 0.15.4+mc1.21.1 (lithium)
		Load My F***ing Tags 1.1.1+1.21.9 (lmft)
		Minecraft 1.21.1 (minecraft)
		ModernFix 5.27.15+mc1.21.1 (modernfix)
		Mouse Tweaks 2.26.1 (mousetweaks)
		NeoForge 21.1.240 (neoforge)
		Neruina 3.3.3 (neruina)
		No Chat Reports 1.21.1-v2.9.1 (nochatreports)
		NukaTeam's Gun Lib 3.1.7 (ntgl)
		PacketFixer 3.3.1 (packetfixer)
		Pick Up Notifier 21.1.1 (pickupnotifier)
		Placebo 9.9.1 (placebo)
		Player Animation Library 1.1.5+mc.1.21.1 (player_animation_library)
		Polymorph 1.1.0+1.21.1 (polymorph)
		Ponder 1.0.82+mc1.21.1 (ponder)
		Puzzles Lib 21.1.52 (puzzleslib)
		recipeessentials mod 4.0 (recipeessentials)
		Redirected 1.0.0 (redirected)
		Reese's Sodium Options 2.2.3+mc1.21.1 (reeses_sodium_options)
		Ritchie's Projectile Library 2.1.2 (ritchiesprojectilelib)
		Sable 2.0.3 (sable)
		Sable Companion 1.6.0 (sablecompanion)
		Sable-Collision damage 1.0.8 (sablecollisiondamage)
		Sable: Destructive 2.0.1 (sabledestructive)
		Searchables 1.0.2 (searchables)
		Sinytra Connector 2.0.0-beta.15+1.21.1 (connector)
		Smoothchunk mod 4.1 (smoothchunk)
		Sodium 0.8.12+mc1.21.1 (sodium)
		Sodium Extra 0.9.3+mc1.21.1 (sodium_extra)
		Sound Physics Aeronautics 1.21.1-1.5.1 (sound_physics_remastered)
		Structure Essentials mod 5.0 (structureessentials)
		TxniLib 1.0.24 (txnilib)
		Vectorientation Reforged 1.1.0 (vectorientation)
		Veil 4.1.4 (veil)
		William Wythers' Overhauled Overworld 2.6.7 (wwoo)
		YetAnotherConfigLib 3.8.2+1.21.1-neoforge (yet_another_config_lib_v3)
[02:21:25] [main/ERROR]: Access transformer file accesstransformer.cfg provided by mod sodium_extra does not exist!
[02:21:25] [main/INFO]: Successfully made module authlib transformable
[02:21:25] [main/INFO]: Successfully made module brigadier transformable
[02:21:26] [main/INFO]: Compatibility level set to JAVA_17
[02:21:26] [main/INFO]: Compatibility level set to JAVA_21
[02:21:27] [main/INFO]: Launching target 'forgeclient' with arguments [--version, 1.21.1 NeoForge 21.1.240, --gameDir, /storage/emulated/0/Android/data/com.movtery.zalithlauncher.v2/files/.minecraft/versions/1.21.1 NeoForge 21.1.240, --assetsDir, /storage/emulated/0/Android/data/com.movtery.zalithlauncher.v2/files/.minecraft/assets, --uuid, d2034526dc974676bc2dcb9528c37edc, --username, armorberserk, --assetIndex, 17, --accessToken, ❄❄❄❄❄❄❄❄, --clientId, ${clientid}, --xuid, 4830658275958590172, --userType, msa, --versionType, ZalithLauncher2.4.10]
[02:21:27] [main/WARN]: Reference map 'kuma_api.refmap.json' for kuma_api.mixins.json could not be read. If this is a development environment you can ignore this message
[02:21:27] [main/INFO]: Loaded configuration file for Sodium Extra: 36 options available, 0 override(s) found
[02:21:27] [main/WARN]: Reference map 'geckolib.refmap.json' for geckolib.mixins.json could not be read. If this is a development environment you can ignore this message
[02:21:27] [main/WARN]: Reference map 'recipeessentials.refmap.json' for recipeessentials.mixins.json could not be read. If this is a development environment you can ignore this message
[02:21:27] [main/WARN]: Reference map 'connectivity.refmap.json' for connectivity.mixins.json could not be read. If this is a development environment you can ignore this message
[02:21:27] [main/WARN]: Reference map 'ntgl.mixin-refmap.json' for ntgl.mixin.json could not be read. If this is a development environment you can ignore this message
[02:21:27] [main/WARN]: Reference map 'structureessentials.refmap.json' for structureessentials.mixins.json could not be read. If this is a development environment you can ignore this message
[02:21:27] [main/WARN]: Reference map 'controlling.refmap.json' for controlling.mixins.json could not be read. If this is a development environment you can ignore this message
[02:21:27] [main/WARN]: Reference map 'controlling.refmap.json' for controlling.neoforge.mixins.json could not be read. If this is a development environment you can ignore this message
[02:21:27] [main/WARN]: Reference map 'placebo.refmap.json' for placebo.mixins.json could not be read. If this is a development environment you can ignore this message
[02:21:27] [main/INFO]: Loaded configuration file for ModernFix 5.27.15+mc1.21.1: 88 options available, 0 override(s) found
[02:21:27] [main/INFO]: Applying Nashorn fix
[02:21:27] [main/INFO]: Configuring Minecraft's max.bg.threads option with 5 threads
[02:21:27] [main/WARN]: Reference map 'modernfix.refmap.json' for modernfix-modernfix.mixins.json could not be read. If this is a development environment you can ignore this message
[02:21:27] [main/WARN]: Reference map 'clientcrafting.refmap.json' for clientcrafting.mixins.json could not be read. If this is a development environment you can ignore this message
[02:21:27] [main/WARN]: Reference map 'balm.refmap.json' for balm.mixins.json could not be read. If this is a development environment you can ignore this message
[02:21:27] [main/WARN]: Reference map 'carryon.refmap.json' for carryon.mixins.json could not be read. If this is a development environment you can ignore this message
[02:21:27] [main/WARN]: Reference map 'leaky.refmap.json' for leaky.mixins.json could not be read. If this is a development environment you can ignore this message
[02:21:27] [main/WARN]: Reference map 'curios.refmap.json' for curios.neoforge.mixins.json could not be read. If this is a development environment you can ignore this message
[02:21:27] [main/WARN]: Reference map 'curios.refmap.json' for curios.mixins.json could not be read. If this is a development environment you can ignore this message
[02:21:27] [main/WARN]: Reference map 'searchables.refmap.json' for searchables.mixins.json could not be read. If this is a development environment you can ignore this message
[02:21:27] [main/WARN]: Reference map 'searchables.refmap.json' for searchables.neoforge.mixins.json could not be read. If this is a development environment you can ignore this message
[02:21:27] [main/WARN]: Reference map 'itemphysic.mixin.refmap.json' for itemphysic.mixins.json could not be read. If this is a development environment you can ignore this message
[02:21:27] [main/WARN]: Reference map 'jadeaddons.refmap.json' for jadeaddons.mixins.json could not be read. If this is a development environment you can ignore this message
[02:21:27] [main/INFO]: Option 'mixin.experimental.entity.block_caching.suffocation' requires 'mixin.util.block_tracking=true' but found 'false'. Setting 'mixin.experimental.entity.block_caching.suffocation=false'.
[02:21:27] [main/INFO]: Option 'mixin.experimental.entity.block_caching.block_support' requires 'mixin.util.block_tracking=true' but found 'false'. Setting 'mixin.experimental.entity.block_caching.block_support=false'.
[02:21:27] [main/INFO]: Option 'mixin.experimental.entity.block_caching.block_touching' requires 'mixin.util.block_tracking=true' but found 'false'. Setting 'mixin.experimental.entity.block_caching.block_touching=false'.
[02:21:27] [main/INFO]: Option 'mixin.experimental.entity.block_caching' requires 'mixin.util.block_tracking=true' but found 'false'. Setting 'mixin.experimental.entity.block_caching=false'.
[02:21:27] [main/INFO]: Loaded configuration file for Lithium: 148 options available, 4 override(s) found
[02:21:27] [main/WARN]: Reference map 'aeronautics.refmap.json' for aeronautics.mixins.json could not be read. If this is a development environment you can ignore this message
[02:21:27] [main/WARN]: Reference map 'clumps.refmap.json' for clumps.mixins.json could not be read. If this is a development environment you can ignore this message
[02:21:27] [main/WARN]: Reference map 'fastasyncworldsave.refmap.json' for fastasyncworldsave.mixins.json could not be read. If this is a development environment you can ignore this message
[02:21:27] [main/WARN]: Reference map 'aaa_particles.refmap.json' for aaa_particles-common.mixins.json could not be read. If this is a development environment you can ignore this message
[02:21:27] [main/INFO]: Loaded configuration file for Sodium: 45 options available, 0 override(s) found
[02:21:27] [main/WARN]: Reference map 'offroad.refmap.json' for offroad.mixins.json could not be read. If this is a development environment you can ignore this message
[02:21:27] [main/WARN]: Reference map 'smoothchunk.refmap.json' for smoothchunk.mixins.json could not be read. If this is a development environment you can ignore this message
[02:21:27] [main/WARN]: Reference map 'nochatreports.refmap.json' for mixins/common/nochatreports.mixins.json could not be read. If this is a development environment you can ignore this message
[02:21:27] [main/WARN]: Reference map 'creativecore.mixins.refmap.json' for creativecore.mixins.json could not be read. If this is a development environment you can ignore this message
[02:21:27] [main/WARN]: Reference map 'creativecore.mixins.refmap.json' for creativecore.forge.mixins.json could not be read. If this is a development environment you can ignore this message
[02:21:28] [main/WARN]: Reference map 'ponder.refmap.json' for ponder-common.mixins.json could not be read. If this is a development environment you can ignore this message
[02:21:28] [main/WARN]: Reference map 'cgs.mixin-refmap.json' for cgs.mixin.json could not be read. If this is a development environment you can ignore this message
[02:21:28] [main/WARN]: Reference map 'simulated.refmap.json' for simulated.mixins.json could not be read. If this is a development environment you can ignore this message
[02:21:28] [main/INFO]: Using Sodium renderer mixins
[02:21:28] [main/INFO]: Using Sodium renderer mixins
[02:21:28] [main/WARN]: Reference map 'createpropulsion.refmap.json' for createpropulsion.mixins.json could not be read. If this is a development environment you can ignore this message
[02:21:28] [main/WARN]: Reference map 'sabledestructive.refmap.json' for sabledestructive.mixins.json could not be read. If this is a development environment you can ignore this message
[02:21:28] [main/WARN]: Reference map 'polymorph.refmap.json' for polymorph.mixins.json could not be read. If this is a development environment you can ignore this message
[02:21:28] [main/WARN]: Reference map 'polymorph.refmap.json' for polymorph-compatibility.mixins.json could not be read. If this is a development environment you can ignore this message
[02:21:28] [main/WARN]: Reference map 'createradar.refmap.json' for create_radar.mixins.json could not be read. If this is a development environment you can ignore this message
[02:21:28] [main/WARN]: Reference map '${refmap_target}refmap.json' for ferritecore.predicates.mixin.json could not be read. If this is a development environment you can ignore this message
[02:21:28] [main/WARN]: Reference map '${refmap_target}refmap.json' for ferritecore.fastmap.mixin.json could not be read. If this is a development environment you can ignore this message
[02:21:28] [main/WARN]: Reference map '${refmap_target}refmap.json' for ferritecore.mrl.mixin.json could not be read. If this is a development environment you can ignore this message
[02:21:28] [main/WARN]: Reference map '${refmap_target}refmap.json' for ferritecore.dedupmultipart.mixin.json could not be read. If this is a development environment you can ignore this message
[02:21:28] [main/WARN]: Reference map '${refmap_target}refmap.json' for ferritecore.blockstatecache.mixin.json could not be read. If this is a development environment you can ignore this message
[02:21:28] [main/WARN]: Reference map '${refmap_target}refmap.json' for ferritecore.dedupbakedquad.mixin.json could not be read. If this is a development environment you can ignore this message
[02:21:28] [main/WARN]: Reference map '${refmap_target}refmap.json' for ferritecore.threaddetec.mixin.json could not be read. If this is a development environment you can ignore this message
[02:21:28] [main/WARN]: Reference map '${refmap_target}refmap.json' for ferritecore.modelsides.mixin.json could not be read. If this is a development environment you can ignore this message
[02:21:28] [main/WARN]: Reference map '${refmap_target}refmap.json' for ferritecore.datacomponents.mixin.json could not be read. If this is a development environment you can ignore this message
[02:21:28] [main/WARN]: Reference map '${refmap_target}refmap.json' for ferritecore.accessors.mixin.json could not be read. If this is a development environment you can ignore this message
[02:21:28] [main/WARN]: Reference map 'yet_another_config_lib_v3.refmap.json' for yacl.mixins.json could not be read. If this is a development environment you can ignore this message
[02:21:28] [main/WARN]: Reference map 'daotcompat.refmap.json' for daotcompat.mixins.json could not be read. If this is a development environment you can ignore this message
[02:21:28] [main/INFO]: Packet Fixer neoforge 1.20.5-1.21.X has been applied successfully.
[02:21:28] [main/WARN]: Reference map 'chunksending.refmap.json' for chunksending.mixins.json could not be read. If this is a development environment you can ignore this message
[02:21:28] [main/WARN]: Reference map 'createthrusters.refmap.json' for createthrusters-main.mixins.json could not be read. If this is a development environment you can ignore this message
[02:21:28] [main/WARN]: Reference map 'createthrusters.refmap.json' for createthrusters-lib.mixins.json could not be read. If this is a development environment you can ignore this message
[02:21:28] [main/INFO]: SPR Aeronautics mixin config loaded: com.sonicether.soundphysics.mixin
[02:21:28] [main/WARN]: Reference map 'sound_physics_remastered.refmap.json' for sound_physics_remastered.mixins.json could not be read. If this is a development environment you can ignore this message
[02:21:28] [main/WARN]: Reference map '' for adapter.init.mixins.json could not be read. If this is a development environment you can ignore this message
[02:21:28] [main/INFO]: Loaded config for: recipeessentials.json
[02:21:28] [main/INFO]: Loaded config for: structureessentials.json
[02:21:29] [main/WARN]: Error loading class: net/irisshaders/iris/pipeline/PipelineManager (java.lang.ClassNotFoundException: net.irisshaders.iris.pipeline.PipelineManager)
[02:21:29] [main/WARN]: @Mixin target net.irisshaders.iris.pipeline.PipelineManager was not found veil.neoforge.mixins.json:client.perspective.iris.PipelineManagerMixin from mod veil
[02:21:30] [main/WARN]: Error loading class: xfacthd/framedblocks/common/blockentity/doubled/slab/FramedAdjustableDoubleBlockEntity (java.lang.ClassNotFoundException: xfacthd.framedblocks.common.blockentity.doubled.slab.FramedAdjustableDoubleBlockEntity)
[02:21:30] [main/WARN]: @Mixin target xfacthd.framedblocks.common.blockentity.doubled.slab.FramedAdjustableDoubleBlockEntity was not found createbigcannons.mixins.json:compat.framedblocks.FramedAdjustableDoubleBlockEntityAccessor from mod createbigcannons
[02:21:30] [main/INFO]: Force-disabling mixin 'entity.collisions.unpushable_cramming.EntityMixin' as rule 'mixin.entity.collisions.unpushable_cramming' (added by mods [sable]) disables it and children
[02:21:30] [main/INFO]: Force-disabling mixin 'entity.collisions.unpushable_cramming.EntitySectionMixin' as rule 'mixin.entity.collisions.unpushable_cramming' (added by mods [sable]) disables it and children
[02:21:30] [main/INFO]: Force-disabling mixin 'entity.collisions.unpushable_cramming.EntitySelectorMixin' as rule 'mixin.entity.collisions.unpushable_cramming' (added by mods [sable]) disables it and children
[02:21:30] [main/INFO]: Force-disabling mixin 'entity.collisions.unpushable_cramming.LivingEntityMixin' as rule 'mixin.entity.collisions.unpushable_cramming' (added by mods [sable]) disables it and children
[02:21:30] [main/INFO]: Force-disabling mixin 'world.chunk_access.ChunkHolderMixin' as rule 'mixin.world.chunk_access' (added by mods [sable]) disables it and children
[02:21:30] [main/INFO]: Force-disabling mixin 'world.chunk_access.GenerationChunkHolderAccessor' as rule 'mixin.world.chunk_access' (added by mods [sable]) disables it and children
[02:21:30] [main/INFO]: Force-disabling mixin 'world.chunk_access.LevelMixin' as rule 'mixin.world.chunk_access' (added by mods [sable]) disables it and children
[02:21:30] [main/INFO]: Force-disabling mixin 'world.chunk_access.ServerChunkCacheMixin' as rule 'mixin.world.chunk_access' (added by mods [sable]) disables it and children
[02:21:30] [main/INFO]: Force-disabling mixin 'world.chunk_ticking.spread_ice.BiomeMixin' as rule 'mixin.world.chunk_ticking' (added by mods [sable]) disables it and children
[02:21:30] [main/INFO]: Force-disabling mixin 'world.tick_scheduler.LevelChunkTicksMixin' as rule 'mixin.world.tick_scheduler' (added by mods [sable]) disables it and children
[02:21:30] [main/INFO]: Class dev.uncandango.alltheleaks.leaks.common.mods.neoforge.Issue1487 will be loaded as it matches versions: 21.1.240 in [21.,)
[02:21:30] [main/INFO]: Mixins added to allowed list: [main.ServerPlayerMixin, main.PlayerListMixin, main.accessor.PlayerAdvancementsAccessor]
[02:21:30] [main/INFO]: Class dev.uncandango.alltheleaks.leaks.common.mods.neoforge.Issue1486 will be loaded as it matches versions: 21.1.240 in [21.,)
[02:21:30] [main/INFO]: Class dev.uncandango.alltheleaks.leaks.common.mods.minecraft.UntrackedIssue003 will be loaded as it matches versions: 1.21.1 in [1.21.1,1.21.1]
[02:21:30] [main/INFO]: Mixins added to allowed list: [main.DebugSampleSubscriptionTrackerMixin]
[02:21:30] [main/INFO]: Class dev.uncandango.alltheleaks.leaks.common.mods.minecraft.UntrackedIssue002 will be loaded as it matches versions: 1.21.1 in 1.21.1
[02:21:30] [main/INFO]: Class dev.uncandango.alltheleaks.leaks.common.mods.minecraft.UntrackedIssue001 will be loaded as it matches versions: 1.21.1 in 1.21.1
[02:21:30] [main/INFO]: Mixins added to allowed list: [main.EntityTickListMixin]
[02:21:30] [main/INFO]: Class dev.uncandango.alltheleaks.leaks.common.mods.geckolib.UntrackedIssue001 will be loaded as it matches versions: 4.9.2 in *
[02:21:30] [main/INFO]: Mixins added to allowed list: [main.SingletonGeoAnimatableMixin]
[02:21:30] [main/INFO]: Class dev.uncandango.alltheleaks.leaks.common.mods.curios.Issue22 will be loaded as it matches versions: 9.5.1+1.21.1 in [9.0.6,)
[02:21:30] [main/INFO]: Mixins added to allowed list: [main.CuriosEventHandlerMixin]
[02:21:30] [main/INFO]: Class dev.uncandango.alltheleaks.leaks.common.mods.connectivity.UntrackedIssue001 will be loaded as it matches versions: 7.6 in [5.8,)
[02:21:30] [main/INFO]: Class dev.uncandango.alltheleaks.leaks.client.mods.mousetweaks.UntrackedIssue001 will be loaded as it matches versions: 2.26.1 in [2.26.1,)
[02:21:30] [main/INFO]: Class dev.uncandango.alltheleaks.leaks.client.mods.minecraft.UntrackedIssue001 will be loaded as it matches versions: 1.21.1 in 1.21.1
[02:21:30] [main/INFO]: Mixins added to allowed list: [main.MinecraftMixin]
[02:21:30] [main/INFO]: Class dev.uncandango.alltheleaks.leaks.client.mods.jade.UntrackedIssue001 will be loaded as it matches versions: 15.10.5+neoforge in [15.1.8,)
[02:21:30] [main/INFO]: Class dev.uncandango.alltheleaks.leaks.client.mods.iceberg.UntrackedIssue001 will be loaded as it matches versions: 1.3.2 in [1.2.8,)
[02:21:30] [main/INFO]: Mixins added to allowed list: [main.accessor.CustomItemRendererAccessor]
[02:21:30] [main/INFO]: Class dev.uncandango.alltheleaks.leaks.client.mods.iceberg.Issue76 will be loaded as it matches versions: 1.3.2 in [1.2.8,)
[02:21:30] [main/INFO]: Class dev.uncandango.alltheleaks.fix.client.mods.jei.FixCopyItemStack will be loaded as it matches versions: 19.39.0.368 in [19.19.6.235,)
[02:21:30] [main/INFO]: Mixins added to allowed list: [main.SmithingCategoryExtensionMixin]
[02:21:30] [main/INFO]: Class dev.uncandango.alltheleaks.feature.common.mods.minecraft.SaveWithLoadedChunks will be loaded as it matches versions: 1.21.1 in 1.21.1
[02:21:30] [main/INFO]: Class dev.uncandango.alltheleaks.feature.common.mods.minecraft.MemoryMonitor will be loaded as it matches versions: 1.21.1 in 1.21.1
[02:21:30] [main/INFO]: Mixins added to allowed list: [main.PlayerMixin, main.ChunkAccessMixin, main.LevelMixin, main.MinecraftServerMixin]
[02:21:30] [main/INFO]: Class dev.uncandango.alltheleaks.diag.common.mods.minecraft.LogSavedData will be loaded as it matches versions: 21.1.240 in [21.1,)
[02:21:30] [main/INFO]: Mixins added to allowed list: [main.SavedDataMixin]
[02:21:31] [main/WARN]: Error loading class: com/copycatsplus/copycats/foundation/copycat/ICopycatBlock (java.lang.ClassNotFoundException: com.copycatsplus.copycats.foundation.copycat.ICopycatBlock)
[02:21:31] [main/INFO]: [CT][Compat] Enabled Aeroworks controller redstone compatibility
[02:21:31] [main/INFO]: [CT][Compat] Enabled Dimensional Sable ServerLevelPlot#getContraptions bridge
[02:21:31] [main/WARN]: [CT][Compat] Applied WheelMountDirectControlDbwCompatMixin during early bootstrap fallback
[02:21:31] [main/WARN]: [CT][Compat] Skipped WheelMountDirectControlMixin during early bootstrap because ModList is not ready
[02:21:31] [main/INFO]: [CT][Compat] Detected Simulated rope API with boolean create/destroy parameters
[02:21:31] [main/INFO]: [CT-Lib][Compat] Enabled Aeroworks precise-angle compatibility
[02:21:31] [main/INFO]: SPR Aeronautics mixin shouldApply: com.sonicether.soundphysics.mixin.EntityMixin -> net.minecraft.world.entity.Entity
[02:21:31] [main/INFO]: SPR Aeronautics mixin shouldApply: com.sonicether.soundphysics.mixin.SoundEventMixin -> net.minecraft.sounds.SoundEvent
[02:21:31] [main/INFO]: SPR Aeronautics mixin shouldApply: com.sonicether.soundphysics.mixin.SoundSystemMixin -> net.minecraft.client.sounds.SoundEngine
[02:21:31] [main/INFO]: SPR Aeronautics mixin shouldApply: com.sonicether.soundphysics.mixin.SourceMixin -> com.mojang.blaze3d.audio.Channel
[02:21:31] [main/INFO]: SPR Aeronautics mixin shouldApply: com.sonicether.soundphysics.mixin.DebugRendererMixin -> net.minecraft.client.renderer.debug.DebugRenderer
[02:21:31] [main/INFO]: SPR Aeronautics mixin shouldApply: com.sonicether.soundphysics.mixin.LibraryMixin -> com.mojang.blaze3d.audio.Library
[02:21:31] [main/INFO]: SPR Aeronautics mixin shouldApply: com.sonicether.soundphysics.mixin.ChannelAccessor -> com.mojang.blaze3d.audio.Channel
[02:21:31] [main/INFO]: SPR Aeronautics mixin shouldApply: com.sonicether.soundphysics.mixin.SoundManagerAccessor -> net.minecraft.client.sounds.SoundManager
[02:21:31] [main/INFO]: SPR Aeronautics mixin shouldApply: com.sonicether.soundphysics.mixin.SoundEngineAccessor -> net.minecraft.client.sounds.SoundEngine
[02:21:31] [main/INFO]: SPR Aeronautics mixin shouldApply: com.sonicether.soundphysics.mixin.ClientLevelChunkMutationMixin -> net.minecraft.world.level.chunk.LevelChunk
[02:21:31] [main/INFO]: SPR Aeronautics mixin shouldApply: com.sonicether.soundphysics.mixin.ClientLevelMixin -> net.minecraft.client.multiplayer.ClientLevel
[02:21:31] [main/INFO]: SPR Aeronautics mixin shouldApply: com.sonicether.soundphysics.mixin.LocalPlayerMixin -> net.minecraft.client.player.LocalPlayer
[02:21:31] [main/INFO]: SPR Aeronautics mixin shouldApply: com.sonicether.soundphysics.mixin.MinecraftMixin -> net.minecraft.client.Minecraft
[02:21:31] [main/INFO]: SPR Aeronautics mixin shouldApply: com.sonicether.soundphysics.mixin.ClientPacketListenerMixin -> net.minecraft.client.multiplayer.ClientPacketListener
[02:21:32] [main/WARN]: Error loading class: org/jetbrains/annotations/ApiStatus$ScheduledForRemoval (java.lang.ClassNotFoundException: org.jetbrains.annotations.ApiStatus$ScheduledForRemoval)
[02:21:32] [main/WARN]: Error loading class: org/jetbrains/annotations/ApiStatus$Internal (java.lang.ClassNotFoundException: org.jetbrains.annotations.ApiStatus$Internal)
[02:21:32] [main/INFO]: Initializing MixinExtras via com.llamalad7.mixinextras.service.MixinExtrasServiceImpl(version=0.5.4).
[02:21:33] [main/INFO]: SPR Aeronautics mixin preApply: com.sonicether.soundphysics.mixin.MinecraftMixin -> net.minecraft.client.Minecraft
[02:21:33] [main/INFO]: SPR Aeronautics mixin postApply: com.sonicether.soundphysics.mixin.MinecraftMixin -> net.minecraft.client.Minecraft
WARN StatusConsoleListener Error parsing URI /storage/emulated/0/Android/data/com.movtery.zalithlauncher.v2/files/.minecraft/versions/1.21.1 NeoForge 21.1.240/log4j2.xml
ERROR StatusConsoleListener appender Console has no parameter that matches element Policies
WARN StatusConsoleListener Advanced terminal features are not available in this environment
[02:21:36] [main/INFO] [Sound Physics - General/]: SPR Aeronautics mixin preApply: com.sonicether.soundphysics.mixin.EntityMixin -> net.minecraft.world.entity.Entity
[02:21:37] [main/INFO] [Sound Physics - General/]: SPR Aeronautics mixin postApply: com.sonicether.soundphysics.mixin.EntityMixin -> net.minecraft.world.entity.Entity
[02:21:38] [main/INFO] [STDOUT/]: [com.mio.libpatcher.util.LogUtil:info:5]: [MioLibPatcher/INFO]: Patch target class: oshi/hardware/CentralProcessor$ProcessorIdentifier
[02:21:38] [main/WARN] [os.so.os.li.LinuxOperatingSystem/]: Did not find udev library in operating system. Some features may not work.
[02:21:39] [Datafixer Bootstrap/INFO] [mojang/DataFixerBuilder]: 229 Datafixer optimizations took 987 milliseconds
[02:21:39] [main/WARN] [os.ut.FileUtil/]: File not found or not readable: /proc/stat
[02:21:39] [main/WARN] [minecraft/SystemReport]: Failed retrieving info for group processor
java.io.UncheckedIOException: java.nio.file.AccessDeniedException: /sys/devices/system/cpu/bus_dcvs/DDR/soc:qcom,memlat:ddr:silver/freqvote_ms
	at java.base/java.nio.file.FileTreeIterator.fetchNextIfNeeded(Unknown Source) ~[?:?] {}
	at java.base/java.nio.file.FileTreeIterator.hasNext(Unknown Source) ~[?:?] {}
	at java.base/java.util.Iterator.forEachRemaining(Unknown Source) ~[?:?] {re:mixin}
	at java.base/java.util.Spliterators$IteratorSpliterator.forEachRemaining(Unknown Source) ~[?:?] {}
	at java.base/java.util.stream.AbstractPipeline.copyInto(Unknown Source) ~[?:?] {}
	at java.base/java.util.stream.AbstractPipeline.wrapAndCopyInto(Unknown Source) ~[?:?] {}
	at java.base/java.util.stream.ForEachOps$ForEachOp.evaluateSequential(Unknown Source) ~[?:?] {}
	at java.base/java.util.stream.ForEachOps$ForEachOp$OfRef.evaluateSequential(Unknown Source) ~[?:?] {}
	at java.base/java.util.stream.AbstractPipeline.evaluate(Unknown Source) ~[?:?] {}
	at java.base/java.util.stream.ReferencePipeline.forEach(Unknown Source) ~[?:?] {}
	at MC-BOOTSTRAP/com.github.oshi@6.4.10/oshi.hardware.platform.linux.LinuxCentralProcessor.readTopologyFromSysfs(LinuxCentralProcessor.java:246) ~[oshi-core-6.4.10.jar%2378!/:6.4.10] {}
	at MC-BOOTSTRAP/com.github.oshi@6.4.10/oshi.hardware.platform.linux.LinuxCentralProcessor.initProcessorCounts(LinuxCentralProcessor.java:173) ~[oshi-core-6.4.10.jar%2378!/:6.4.10] {}
	at MC-BOOTSTRAP/com.github.oshi@6.4.10/oshi.hardware.common.AbstractCentralProcessor.<init>(AbstractCentralProcessor.java:67) ~[oshi-core-6.4.10.jar%2378!/:6.4.10] {}
	at MC-BOOTSTRAP/com.github.oshi@6.4.10/oshi.hardware.platform.linux.LinuxCentralProcessor.<init>(LinuxCentralProcessor.java:58) ~[oshi-core-6.4.10.jar%2378!/:6.4.10] {}
	at MC-BOOTSTRAP/com.github.oshi@6.4.10/oshi.hardware.platform.linux.LinuxHardwareAbstractionLayer.createProcessor(LinuxHardwareAbstractionLayer.java:43) ~[oshi-core-6.4.10.jar%2378!/:6.4.10] {}
	at MC-BOOTSTRAP/com.github.oshi@6.4.10/oshi.util.Memoizer$1.get(Memoizer.java:61) ~[oshi-core-6.4.10.jar%2378!/:6.4.10] {}
	at MC-BOOTSTRAP/com.github.oshi@6.4.10/oshi.hardware.common.AbstractHardwareAbstractionLayer.getProcessor(AbstractHardwareAbstractionLayer.java:48) ~[oshi-core-6.4.10.jar%2378!/:6.4.10] {}
	at TRANSFORMER/minecraft@1.21.1/net.minecraft.SystemReport.lambda$putHardware$4(SystemReport.java:79) ~[client-1.21.1-20240808.144430-srg.jar%23232!/:?] {re:mixin,pl:connector_pre_launch:A,re:classloading,pl:mixin:APP:create.mixins.json:accessor.SystemReportAccessor from mod create,pl:mixin:A,pl:connector_pre_launch:A}
	at TRANSFORMER/minecraft@1.21.1/net.minecraft.SystemReport.ignoreErrors(SystemReport.java:87) ~[client-1.21.1-20240808.144430-srg.jar%23232!/:?] {re:mixin,pl:connector_pre_launch:A,re:classloading,pl:mixin:APP:create.mixins.json:accessor.SystemReportAccessor from mod create,pl:mixin:A,pl:connector_pre_launch:A}
	at TRANSFORMER/minecraft@1.21.1/net.minecraft.SystemReport.putHardware(SystemReport.java:79) ~[client-1.21.1-20240808.144430-srg.jar%23232!/:?] {re:mixin,pl:connector_pre_launch:A,re:classloading,pl:mixin:APP:create.mixins.json:accessor.SystemReportAccessor from mod create,pl:mixin:A,pl:connector_pre_launch:A}
	at TRANSFORMER/minecraft@1.21.1/net.minecraft.SystemReport.lambda$new$2(SystemReport.java:56) ~[client-1.21.1-20240808.144430-srg.jar%23232!/:?] {re:mixin,pl:connector_pre_launch:A,re:classloading,pl:mixin:APP:create.mixins.json:accessor.SystemReportAccessor from mod create,pl:mixin:A,pl:connector_pre_launch:A}
	at TRANSFORMER/minecraft@1.21.1/net.minecraft.SystemReport.ignoreErrors(SystemReport.java:87) ~[client-1.21.1-20240808.144430-srg.jar%23232!/:?] {re:mixin,pl:connector_pre_launch:A,re:classloading,pl:mixin:APP:create.mixins.json:accessor.SystemReportAccessor from mod create,pl:mixin:A,pl:connector_pre_launch:A}
	at TRANSFORMER/minecraft@1.21.1/net.minecraft.SystemReport.<init>(SystemReport.java:56) ~[client-1.21.1-20240808.144430-srg.jar%23232!/:?] {re:mixin,pl:connector_pre_launch:A,re:classloading,pl:mixin:APP:create.mixins.json:accessor.SystemReportAccessor from mod create,pl:mixin:A,pl:connector_pre_launch:A}
	at TRANSFORMER/minecraft@1.21.1/net.minecraft.CrashReport.<init>(CrashReport.java:32) ~[client-1.21.1-20240808.144430-srg.jar%23232!/:?] {re:mixin,pl:connector_pre_launch:A,re:classloading,pl:connector_pre_launch:A}
	at TRANSFORMER/minecraft@1.21.1/net.minecraft.CrashReport.preload(CrashReport.java:206) ~[client-1.21.1-20240808.144430-srg.jar%23232!/:?] {re:mixin,pl:connector_pre_launch:A,re:classloading,pl:connector_pre_launch:A}
	at TRANSFORMER/minecraft@1.21.1/net.minecraft.client.main.Main.main(Main.java:111) ~[client-1.21.1-20240808.144430-srg.jar%23232!/:?] {re:mixin,pl:connector_pre_launch:A,pl:runtimedistcleaner:A,re:classloading,pl:mixin:APP:veil.debug.mixins.json:client.DebugMainMixin from mod veil,pl:mixin:A,pl:connector_pre_launch:A,pl:runtimedistcleaner:A}
	at java.base/jdk.internal.reflect.DirectMethodHandleAccessor.invoke(Unknown Source) ~[?:?] {}
	at java.base/java.lang.reflect.Method.invoke(Unknown Source) ~[?:?] {re:mixin}
	at MC-BOOTSTRAP/fml_loader@4.0.43/net.neoforged.fml.loading.targets.CommonLaunchHandler.runTarget(CommonLaunchHandler.java:136) ~[loader-4.0.43.jar%23119!/:4.0] {}
	at MC-BOOTSTRAP/fml_loader@4.0.43/net.neoforged.fml.loading.targets.CommonLaunchHandler.clientService(CommonLaunchHandler.java:124) ~[loader-4.0.43.jar%23119!/:4.0] {}
	at MC-BOOTSTRAP/fml_loader@4.0.43/net.neoforged.fml.loading.targets.CommonClientLaunchHandler.runService(CommonClientLaunchHandler.java:32) ~[loader-4.0.43.jar%23119!/:4.0] {}
	at MC-BOOTSTRAP/fml_loader@4.0.43/net.neoforged.fml.loading.targets.CommonLaunchHandler.lambda$launchService$4(CommonLaunchHandler.java:118) ~[loader-4.0.43.jar%23119!/:4.0] {}
	at MC-BOOTSTRAP/cpw.mods.modlauncher@11.0.5/cpw.mods.modlauncher.LaunchServiceHandlerDecorator.launch(LaunchServiceHandlerDecorator.java:30) [modlauncher-11.0.5.jar%23124!/:?] {}
	at MC-BOOTSTRAP/cpw.mods.modlauncher@11.0.5/cpw.mods.modlauncher.LaunchServiceHandler.launch(LaunchServiceHandler.java:53) [modlauncher-11.0.5.jar%23124!/:?] {}
	at MC-BOOTSTRAP/cpw.mods.modlauncher@11.0.5/cpw.mods.modlauncher.LaunchServiceHandler.launch(LaunchServiceHandler.java:71) [modlauncher-11.0.5.jar%23124!/:?] {}
	at MC-BOOTSTRAP/cpw.mods.modlauncher@11.0.5/cpw.mods.modlauncher.Launcher.run(Launcher.java:103) [modlauncher-11.0.5.jar%23124!/:?] {}
	at MC-BOOTSTRAP/cpw.mods.modlauncher@11.0.5/cpw.mods.modlauncher.Launcher.main(Launcher.java:74) [modlauncher-11.0.5.jar%23124!/:?] {}
	at MC-BOOTSTRAP/cpw.mods.modlauncher@11.0.5/cpw.mods.modlauncher.BootstrapLaunchConsumer.accept(BootstrapLaunchConsumer.java:26) [modlauncher-11.0.5.jar%23124!/:?] {}
	at MC-BOOTSTRAP/cpw.mods.modlauncher@11.0.5/cpw.mods.modlauncher.BootstrapLaunchConsumer.accept(BootstrapLaunchConsumer.java:23) [modlauncher-11.0.5.jar%23124!/:?] {}
	at cpw.mods.bootstraplauncher@2.0.2/cpw.mods.bootstraplauncher.BootstrapLauncher.run(BootstrapLauncher.java:210) [bootstraplauncher-2.0.2.jar:?] {}
	at cpw.mods.bootstraplauncher@2.0.2/cpw.mods.bootstraplauncher.BootstrapLauncher.main(BootstrapLauncher.java:69) [bootstraplauncher-2.0.2.jar:?] {}
Caused by: java.nio.file.AccessDeniedException: /sys/devices/system/cpu/bus_dcvs/DDR/soc:qcom,memlat:ddr:silver/freqvote_ms
	at java.base/sun.nio.fs.UnixException.translateToIOException(Unknown Source) ~[?:?] {}
	at java.base/sun.nio.fs.UnixException.rethrowAsIOException(Unknown Source) ~[?:?] {}
	at java.base/sun.nio.fs.UnixException.rethrowAsIOException(Unknown Source) ~[?:?] {}
	at java.base/sun.nio.fs.UnixFileAttributeViews$Basic.readAttributes(Unknown Source) ~[?:?] {}
	at java.base/sun.nio.fs.UnixFileSystemProvider.readAttributes(Unknown Source) ~[?:?] {}
	at java.base/sun.nio.fs.LinuxFileSystemProvider.readAttributes(Unknown Source) ~[?:?] {}
	at java.base/java.nio.file.Files.readAttributes(Unknown Source) ~[?:?] {re:mixin}
	at java.base/java.nio.file.FileTreeWalker.getAttributes(Unknown Source) ~[?:?] {}
	at java.base/java.nio.file.FileTreeWalker.visit(Unknown Source) ~[?:?] {}
	at java.base/java.nio.file.FileTreeWalker.next(Unknown Source) ~[?:?] {}
	... 41 more
[02:21:40] [pool-11-thread-1/INFO] [minecraft/Bootstrap]: ModernFix reached bootstrap stage (21.73 s after launch)
[02:21:40] [pool-11-thread-1/INFO] [configurable-loader/]: Loading Generated Config Loaders...
[02:21:40] [pool-11-thread-1/INFO] [configurable-loader/]: Loaded 'neruina'
[02:21:41] [pool-11-thread-1/INFO] [STDOUT/]: [com.mio.libpatcher.util.LogUtil:info:5]: [MioLibPatcher/INFO]: Patch target class: io/netty/util/internal/PlatformDependent
[02:21:41] [pool-11-thread-1/INFO] [io.ne.ut.in.PlatformDependent/]: Your platform does not provide complete low-level API for accessing direct buffers reliably. Unless explicitly requested, heap buffer will always be preferred to avoid potential system instability.
[02:21:43] [pool-11-thread-1/INFO] [Sound Physics - General/]: SPR Aeronautics mixin preApply: com.sonicether.soundphysics.mixin.SoundEventMixin -> net.minecraft.sounds.SoundEvent
[02:21:43] [pool-11-thread-1/INFO] [Sound Physics - General/]: SPR Aeronautics mixin postApply: com.sonicether.soundphysics.mixin.SoundEventMixin -> net.minecraft.sounds.SoundEvent
[02:21:43] [pool-11-thread-1/WARN] [mixin/]: @Redirect conflict. Skipping mixins.redirected_neoforge_1.21.1.json:net.minecraft.world.level.block.piston.PistonBaseBlockMixin from mod redirected->@Redirect::redirectDirections()[Lnet/minecraft/core/Direction; with priority 10, already redirected by lithium.mixins.json:alloc.enum_values.piston_block.PistonBaseBlockMixin from mod lithium->@Redirect::removeAllocation()[Lnet/minecraft/core/Direction; with priority 1000
[02:21:43] [pool-11-thread-1/WARN] [mixin/]: @Redirect conflict. Skipping mixins.redirected_neoforge_1.21.1.json:net.minecraft.world.level.block.piston.PistonBaseBlockMixin from mod redirected->@Redirect::redirectDirections()[Lnet/minecraft/core/Direction; with priority 10, already redirected by lithium.mixins.json:alloc.enum_values.piston_block.PistonBaseBlockMixin from mod lithium->@Redirect::removeAllocation()[Lnet/minecraft/core/Direction; with priority 1000
[02:21:43] [pool-11-thread-1/WARN] [mixin/]: @Redirect conflict. Skipping mixins.redirected_neoforge_1.21.1.json:net.minecraft.world.level.block.RedStoneWireBlockMixin from mod redirected->@Redirect::redirectDirections()[Lnet/minecraft/core/Direction; with priority 10, already redirected by lithium.mixins.json:alloc.enum_values.redstone_wire.RedStoneWireBlockMixin from mod lithium->@Redirect::removeAllocation1()[Lnet/minecraft/core/Direction; with priority 1000
[02:21:43] [pool-11-thread-1/WARN] [mixin/]: @Redirect conflict. Skipping mixins.redirected_neoforge_1.21.1.json:net.minecraft.world.level.block.RedStoneWireBlockMixin from mod redirected->@Redirect::redirectDirections()[Lnet/minecraft/core/Direction; with priority 10, already redirected by lithium.mixins.json:alloc.enum_values.redstone_wire.RedStoneWireBlockMixin from mod lithium->@Redirect::removeAllocation2()[Lnet/minecraft/core/Direction; with priority 1000
[02:21:45] [pool-11-thread-1/WARN] [mixin/]: Method overwrite conflict for getTemperature in lithium.mixins.json:world.temperature_cache.BiomeMixin from mod lithium, previously written by org.embeddedt.modernfix.common.mixin.perf.remove_biome_temperature_cache.BiomeMixin. Skipping method.
[02:21:47] [pool-11-thread-1/INFO] [Sound Physics - General/]: SPR Aeronautics mixin preApply: com.sonicether.soundphysics.mixin.LocalPlayerMixin -> net.minecraft.client.player.LocalPlayer
[02:21:47] [pool-11-thread-1/INFO] [Sound Physics - General/]: SPR Aeronautics mixin postApply: com.sonicether.soundphysics.mixin.LocalPlayerMixin -> net.minecraft.client.player.LocalPlayer
[02:21:47] [pool-11-thread-1/INFO] [Sound Physics - General/]: SPR Aeronautics mixin preApply: com.sonicether.soundphysics.mixin.ClientLevelChunkMutationMixin -> net.minecraft.world.level.chunk.LevelChunk
[02:21:47] [pool-11-thread-1/INFO] [Sound Physics - General/]: SPR Aeronautics mixin postApply: com.sonicether.soundphysics.mixin.ClientLevelChunkMutationMixin -> net.minecraft.world.level.chunk.LevelChunk
[02:21:51] [pool-11-thread-1/INFO] [minecraft/Bootstrap]: Vanilla bootstrap took 10717 milliseconds
[02:21:51] [main/INFO] [Sound Physics - General/]: SPR Aeronautics mixin preApply: com.sonicether.soundphysics.mixin.ClientLevelMixin -> net.minecraft.client.multiplayer.ClientLevel
[02:21:51] [main/INFO] [Sound Physics - General/]: SPR Aeronautics mixin postApply: com.sonicether.soundphysics.mixin.ClientLevelMixin -> net.minecraft.client.multiplayer.ClientLevel
[02:21:52] [Render thread/WARN] [minecraft/VanillaPackResourcesBuilder]: Assets URL 'union:/storage/emulated/0/Android/data/com.movtery.zalithlauncher.v2/files/.minecraft/libraries/net/minecraft/client/1.21.1-20240808.144430/client-1.21.1-20240808.144430-srg.jar%23232!/assets/.mcassetsroot' uses unexpected schema
[02:21:52] [Render thread/WARN] [minecraft/VanillaPackResourcesBuilder]: Assets URL 'union:/storage/emulated/0/Android/data/com.movtery.zalithlauncher.v2/files/.minecraft/libraries/net/minecraft/client/1.21.1-20240808.144430/client-1.21.1-20240808.144430-srg.jar%23232!/data/.mcassetsroot' uses unexpected schema
[02:21:52] [Render thread/INFO] [mojang/YggdrasilAuthenticationService]: Environment: Environment[sessionHost=https://sessionserver.mojang.com, servicesHost=https://api.minecraftservices.com, name=PROD]
[02:21:53] [Render thread/INFO] [minecraft/Minecraft]: Setting user: armorberserk
[02:21:53] [Render thread/INFO] [dannys-aot/]: Hello from Danny's AoT mod!
[02:21:53] [Render thread/INFO] [dannys-aot/]: Loaded mod config from /storage/emulated/0/Android/data/com.movtery.zalithlauncher.v2/files/.minecraft/versions/1.21.1 NeoForge 21.1.240/config/dannys-aot.json
[02:21:53] [Render thread/INFO] [dannys-aot/]: Registered custom advancement criteria triggers
[02:21:53] [Render thread/INFO] [dannys-aot/]: Registered village advancement handler
[02:21:54] [Render thread/WARN] [mixin/]: @ModifyConstant conflict. Skipping packetfixer.v1_20_5.neoforge.mixins.json:v1_20_5_neoforge.ServerCommonPacketListenerImplMixin from mod packetfixer->@ModifyConstant::packetfixer$tick$1(J)J with priority 1000, already redirected by connectivity.mixins.json:ServerPlayNetHandlerMixin from mod connectivity->@ModifyConstant::playTimeout(J)J with priority 1001
[02:21:54] [Render thread/INFO] [dannys-aot/]: VillagerTransformTracker initialized
[02:21:54] [Render thread/INFO] [dannys-aot/]: AwakenedPowerTracker initialized
[02:21:54] [Render thread/INFO] [dannys-aot/]: TitanDashTracker initialized
[02:21:54] [Render thread/INFO] [dannys-aot/]: Registered titan shift networking
[02:21:54] [Render thread/INFO] [dannys-aot/]: Registered syringe interaction handler
[02:21:54] [Render thread/INFO] [dannys-aot/]: Registered VillagePopulator
[02:21:54] [Render thread/INFO] [dannys-aot/]: Registered /daot commands
[02:21:54] [Render thread/INFO] [dannys-aot/]: Registered Titan and Small Titan spawns in Paradis biomes
[02:21:54] [Render thread/INFO] [dannys-aot/]: Registered Paths dimension chunk generator
[02:21:54] [Render thread/INFO] [dannys-aot/]: Registered Paradis dimension chunk generator
[02:21:54] [Render thread/INFO] [dannys-aot/]: Registered Paradis biome source
[02:21:54] [Render thread/INFO] [dannys-aot/]: Registered Overworld Docks Generator
[02:21:54] [Render thread/INFO] [dannys-aot/]: Registered Paradis Return Pillar Generator
[02:21:54] [Render thread/INFO] [dannys-aot/]: Registered Iceburst Ore Generator for Paradis
[02:21:54] [Render thread/INFO] [dannys-aot/]: Registered Titan Highlands Structure Generator (chapel, utgard)
[02:21:54] [Render thread/INFO] [Sound Physics - General/]: SPR Aeronautics mixin preApply: com.sonicether.soundphysics.mixin.ClientPacketListenerMixin -> net.minecraft.client.multiplayer.ClientPacketListener
[02:21:54] [Render thread/INFO] [Sound Physics - General/]: SPR Aeronautics mixin postApply: com.sonicether.soundphysics.mixin.ClientPacketListenerMixin -> net.minecraft.client.multiplayer.ClientPacketListener
[02:21:55] [Render thread/INFO] [dannys-aot/]: Registered TitanShiftSoundHandler for distance-delayed sounds
[02:21:55] [Render thread/INFO] [dannys-aot/]: Registered Paths ambient particle handler
[02:21:55] [Render thread/INFO] [dannys-aot/]: Registered VillagerTransformEffectHandler
[02:21:55] [Render thread/INFO] [mixin/]: BeforeConstant is searching for constants in method with descriptor (Lnet/minecraft/client/GuiMessage;)V
[02:21:55] [Render thread/INFO] [mixin/]:   BeforeConstant found STRING constant: value = , stringValue = null
[02:21:55] [Render thread/INFO] [mixin/]:     BeforeConstant found a matching constant TYPE at ordinal 0
[02:21:55] [Render thread/INFO] [mixin/]:       BeforeConstant found LdcInsn 
[02:21:55] [Render thread/INFO] [mixin/]:   BeforeConstant found STRING constant: value = \\r, stringValue = null
[02:21:55] [Render thread/INFO] [mixin/]:     BeforeConstant found a matching constant TYPE at ordinal 1
[02:21:55] [Render thread/INFO] [mixin/]:       BeforeConstant found LdcInsn \\r
[02:21:55] [Render thread/INFO] [mixin/]:   BeforeConstant found STRING constant: value = 
, stringValue = null
[02:21:55] [Render thread/INFO] [mixin/]:     BeforeConstant found a matching constant TYPE at ordinal 2
[02:21:55] [Render thread/INFO] [mixin/]:       BeforeConstant found LdcInsn 

[02:21:55] [Render thread/INFO] [mixin/]:   BeforeConstant found STRING constant: value = \\n, stringValue = null
[02:21:55] [Render thread/INFO] [mixin/]:     BeforeConstant found a matching constant TYPE at ordinal 3
[02:21:55] [Render thread/INFO] [mixin/]:       BeforeConstant found LdcInsn \\n
[02:21:55] [Render thread/INFO] [mixin/]:   BeforeConstant found CLASS constant: value = Ljava/lang/String;, typeValue = null
[02:21:55] [Render thread/INFO] [mixin/]:   BeforeConstant found STRING constant: value = [{}] [CHAT] {}, stringValue = null
[02:21:55] [Render thread/INFO] [mixin/]:     BeforeConstant found a matching constant TYPE at ordinal 4
[02:21:55] [Render thread/INFO] [mixin/]:       BeforeConstant found LdcInsn [{}] [CHAT] {}
[02:21:55] [Render thread/INFO] [mixin/]:   BeforeConstant found STRING constant: value = [CHAT] {}, stringValue = null
[02:21:55] [Render thread/INFO] [mixin/]:     BeforeConstant found a matching constant TYPE at ordinal 5
[02:21:55] [Render thread/INFO] [mixin/]:       BeforeConstant found LdcInsn [CHAT] {}
[02:21:55] [Render thread/INFO] [minecraft/Minecraft]: Backend library: LWJGL version 3.3.6-snapshot
[02:21:55] [Render thread/INFO] [mojang/Window]: OpenGL Vendor: Swung0x48, BZLZHH, Tungsten
[02:21:55] [Render thread/INFO] [mojang/Window]: OpenGL Renderer: Adreno (TM) 750 | OpenGL ES 3.2
[02:21:55] [Render thread/INFO] [mojang/Window]: OpenGL Version: 4.6.0 (4.0.0) MobileGlues 1.3.5
[02:21:55] [Render thread/INFO] [STDOUT/]: [com.mio.libpatcher.util.LogUtil:info:5]: [MioLibPatcher/INFO]: Patch target class: net/caffeinemc/mods/sodium/client/compatibility/checks/PostLaunchChecks
[02:21:55] [Render thread/INFO] [ImmediatelyFast/]: Initializing ImmediatelyFast 1.6.11+1.21.1 on Adreno (TM) 750 | OpenGL ES 3.2 (Swung0x48, BZLZHH, Tungsten) with OpenGL 4.6.0 (4.0.0) MobileGlues 1.3.5
[02:21:56] [modloading-worker-0/WARN] [mixin/]: @Redirect conflict. Skipping recipeessentials.mixins.json:RecipeManagerMixin from mod recipeessentials->@Redirect::logErrorOnce(Lorg/slf4j/Logger;Ljava/lang/String;Ljava/lang/Object;Ljava/lang/Object;)V with priority 200, already redirected by modernfix-modernfix.mixins.json:perf.datapack_reload_exceptions.RecipeManagerMixin from mod modernfix->@Redirect::silenceException(Lorg/slf4j/Logger;Ljava/lang/String;Ljava/lang/Object;Ljava/lang/Object;)V with priority 2000
[02:21:56] [modloading-worker-0/INFO] [ne.ne.ne.co.NeoForgeMod/NEOFORGE-MOD]: NeoForge mod loading, version 21.1.240, for MC 1.21.1
[02:21:56] [modloading-worker-0/INFO] [Veil/]: Veil is initializing.
[02:21:56] [modloading-worker-0/INFO] [de.su.si.co.te.TerraBlenderBridge/]: Injecting TerraBlender API classes
[02:21:56] [modloading-worker-0/WARN] [de.su.si.co.ut.HackyModuleInjector/]: Module terrablender is not present, skipping class injection
[02:21:56] [modloading-worker-0/INFO] [Puzzles Lib/]: Constructing components for pickupnotifier:common
[02:21:56] [modloading-worker-0/INFO] [co.cu.Cupboard/]: Loaded config for: cupboard.json
[02:21:56] [modloading-worker-0/WARN] [mixin/]: @ModifyConstant conflict. Skipping connectivity.mixins.json:ClientBoundCustomPayloadPacketLMixin from mod connectivity->@ModifyConstant::modifyLimit(I)I with priority 1, already redirected by packetfixer.v1_20_5.neoforge.mixins.json:v1_20_5_neoforge.ClientboundCustomPayloadPacketMixin from mod packetfixer->@ModifyConstant::packetfixer$newSize$2(I)I with priority 1000
[02:21:56] [modloading-worker-0/WARN] [mixin/]: @ModifyConstant conflict. Skipping connectivity.mixins.json:ClientBoundCustomPayloadPacketLMixin from mod connectivity->@ModifyConstant::modifyLimit2(I)I with priority 1, already redirected by packetfixer.v1_20_5.neoforge.mixins.json:v1_20_5_neoforge.ClientboundCustomPayloadPacketMixin from mod packetfixer->@ModifyConstant::packetfixer$newSize(I)I with priority 1000
[02:21:56] [modloading-worker-0/INFO] [Puzzles Lib/]: Dispatching loading event for config pickupnotifier/pickupnotifier-client.toml
[02:21:57] [modloading-worker-0/INFO] [Puzzles Lib/]: Constructing components for pickupnotifier:client
[02:21:57] [modloading-worker-0/INFO] [ne.fa.fa.im.cl.in.Indigo/]: [Indigo] Different rendering plugin detected; not applying Indigo.
[02:21:57] [modloading-worker-0/INFO] [STDOUT/]: [yalter.mousetweaks.Logger:Log:6]: [Mouse Tweaks] Main.initialize()
[02:21:57] [modloading-worker-0/INFO] [STDOUT/]: [yalter.mousetweaks.Logger:Log:6]: [Mouse Tweaks] Initialized.
[02:21:57] [modloading-worker-0/INFO] [STDOUT/]: [dev.lopyluna.create_lnl.content.utils.LiftsRegistry:register:61]: Registering Lift n' Load Data Components...
[02:21:57] [modloading-worker-0/INFO] [STDOUT/]: [dev.lopyluna.create_lnl.content.utils.LiftsRegistry:register:63]: Registering Lift n' Load Creative Tabs...
[02:21:57] [modloading-worker-0/INFO] [STDOUT/]: [dev.lopyluna.create_lnl.content.utils.LiftsRegistry:register:65]: Registering Lift n' Load Damage Types...
[02:21:57] [modloading-worker-0/INFO] [STDOUT/]: [dev.lopyluna.create_lnl.content.utils.LiftsRegistry:register:67]: Registering Lift n' Load Mob Effects...
[02:21:57] [modloading-worker-0/INFO] [STDOUT/]: [dev.lopyluna.create_lnl.content.utils.LiftsRegistry:register:69]: Registering Lift n' Load Particles...
[02:21:57] [modloading-worker-0/INFO] [STDOUT/]: [dev.lopyluna.create_lnl.content.utils.LiftsRegistry:register:71]: Registering Lift n' Load Recipes Serializers...
[02:21:57] [modloading-worker-0/INFO] [STDOUT/]: [dev.lopyluna.create_lnl.content.utils.LiftsRegistry:register:73]: Registering Lift n' Load Recipes...
[02:21:57] [modloading-worker-0/INFO] [STDOUT/]: [dev.lopyluna.create_lnl.content.utils.LiftsRegistry:register:75]: Registering Lift n' Load Menus...
[02:21:57] [modloading-worker-0/INFO] [STDOUT/]: [dev.lopyluna.create_lnl.content.utils.LiftsRegistry:register:77]: Registering Lift n' Load Sounds...
[02:21:57] [modloading-worker-0/INFO] [STDOUT/]: [dev.lopyluna.create_lnl.content.utils.LiftsRegistry:register:79]: Registering Lift n' Load Dimensions...
[02:21:57] [modloading-worker-0/INFO] [STDOUT/]: [dev.lopyluna.create_lnl.content.utils.LiftsRegistry:register:81]: Registering Lift n' Load Done
[02:21:57] [modloading-worker-0/INFO] [me.je.li.lo.PluginCaller/]: Sending ConfigManager...
[02:21:57] [modloading-worker-0/INFO] [me.je.li.lo.PluginCaller/]: Sending ConfigManager took 8.560 milliseconds
[02:21:58] [modloading-worker-0/INFO] [co.ha.ra.CreateRadar/]: Initializing Create Radar!
[02:21:58] [modloading-worker-0/INFO] [co.ha.ra.CreateRadar/]: Registering Items!
[02:21:58] [modloading-worker-0/INFO] [Puzzles Lib/]: Constructing components for puzzleslib:common
[02:21:58] [modloading-worker-0/INFO] [Puzzles Lib/]: Constructing components for puzzleslib:client
[02:21:58] [modloading-worker-0/INFO] [co.si.cr.Create/]: Create 6.0.10 initializing! Commit hash: ac0c444d9828da3453ae8cc65338e8de063286fb
[02:21:58] [modloading-worker-0/INFO] [YetAnotherConfigLib/]: Deserializing YACLConfig from '/storage/emulated/0/Android/data/com.movtery.zalithlauncher.v2/files/.minecraft/versions/1.21.1 NeoForge 21.1.240/config/yacl.json5'
[02:21:58] [modloading-worker-0/INFO] [co.ha.ra.CreateRadar/]: Registering blocks!
[02:21:58] [modloading-worker-0/INFO] [co.ha.ra.CreateRadar/]: Registering block entity types!
[02:21:58] [modloading-worker-0/INFO] [co.ha.ra.CreateRadar/]: Registering CreativeTabs!
[02:21:58] [modloading-worker-0/INFO] [co.ha.ra.CreateRadar/]: Registering Lang!
[02:22:00] [modloading-worker-0/INFO] [STDOUT/]: [com.mio.libpatcher.util.LogUtil:info:5]: [MioLibPatcher/INFO]: Patch target class: com/simibubi/create/compat/pojav/PojavChecker
[02:22:00] [modloading-worker-0/WARN] [co.si.cr.co.po.PojavChecker/]: [Create]: Detected presence of environment variable POJAV_LAUNCHER, which seems to indicate we are running on Android
[02:22:01] [modloading-worker-0/INFO] [de.ry.sa.Sable/]: Sable loaded!
[02:22:01] [modloading-worker-0/WARN] [de.ry.sa.Sable/]: NOTE: Sable is loaded with Flywheel. Sable contains extensive shader overrides and a full light-storage replacement. Expect this to cause compatibility issues. If issues arise, please report them to the Sable issue tracker (https://github.com/ryanhcode/sable/issues) instead of the Flywheel issue tracker.
[02:22:01] [modloading-worker-0/INFO] [co.de.sa.SableDestructive/]: [Sable: Destructive] common boot (server-safe)
[02:22:01] [modloading-worker-0/ERROR] [ne.ne.fm.ja.FMLModContainer/LOADING]: Failed to create mod instance. ModID: daotcompat, class com.armorberserk.daotcompat.DAOTCompat
java.lang.IllegalArgumentException: Cannot register listeners for abstract class net.neoforged.neoforge.client.event.InputEvent$MouseButton. Register a listener to one of its subclasses instead!
	at MC-BOOTSTRAP/net.neoforged.bus/net.neoforged.bus.EventBus.addToListeners(EventBus.java:272) ~[bus-8.0.5.jar%23122!/:?] {}
	at MC-BOOTSTRAP/net.neoforged.bus/net.neoforged.bus.EventBus.register(EventBus.java:267) ~[bus-8.0.5.jar%23122!/:?] {}
	at MC-BOOTSTRAP/net.neoforged.bus/net.neoforged.bus.EventBus.registerListener(EventBus.java:186) ~[bus-8.0.5.jar%23122!/:?] {}
	at MC-BOOTSTRAP/net.neoforged.bus/net.neoforged.bus.EventBus.register(EventBus.java:111) ~[bus-8.0.5.jar%23122!/:?] {}
	at TRANSFORMER/daotcompat@1.0.0/com.armorberserk.daotcompat.DAOTCompat.<init>(DAOTCompat.java:80) ~[daotcompat-1.3.2-HOTFIX.jar%23273!/:1.0.0] {re:classloading}
	at java.base/jdk.internal.reflect.DirectConstructorHandleAccessor.newInstance(Unknown Source) ~[?:?] {}
	at java.base/java.lang.reflect.Constructor.newInstanceWithCaller(Unknown Source) ~[?:?] {re:mixin}
	at java.base/java.lang.reflect.Constructor.newInstance(Unknown Source) ~[?:?] {re:mixin}
	at MC-BOOTSTRAP/fml_loader@4.0.43/net.neoforged.fml.javafmlmod.FMLModContainer.constructMod(FMLModContainer.java:122) ~[loader-4.0.43.jar%23119!/:4.0] {}
	at MC-BOOTSTRAP/fml_loader@4.0.43/net.neoforged.fml.ModLoader.lambda$constructMods$3(ModLoader.java:153) ~[loader-4.0.43.jar%23119!/:4.0] {re:mixin}
	at MC-BOOTSTRAP/fml_loader@4.0.43/net.neoforged.fml.ModLoader.lambda$dispatchParallelTask$7(ModLoader.java:231) ~[loader-4.0.43.jar%23119!/:4.0] {re:mixin}
	at java.base/java.util.concurrent.CompletableFuture.uniHandle(Unknown Source) [?:?] {re:mixin}
	at java.base/java.util.concurrent.CompletableFuture$UniHandle.tryFire(Unknown Source) [?:?] {}
	at java.base/java.util.concurrent.CompletableFuture$Completion.exec(Unknown Source) [?:?] {}
	at java.base/java.util.concurrent.ForkJoinTask.doExec(Unknown Source) [?:?] {}
	at java.base/java.util.concurrent.ForkJoinPool$WorkQueue.topLevelExec(Unknown Source) [?:?] {}
	at java.base/java.util.concurrent.ForkJoinPool.scan(Unknown Source) [?:?] {re:mixin,re:computing_frames}
	at java.base/java.util.concurrent.ForkJoinPool.runWorker(Unknown Source) [?:?] {re:mixin,re:computing_frames}
	at java.base/java.util.concurrent.ForkJoinWorkerThread.run(Unknown Source) [?:?] {re:mixin}
[02:22:01] [modloading-worker-0/INFO] [co.de.sa.SableDestructive/]: [Sable: Destructive] crash guard installed
[02:22:01] [modloading-worker-0/INFO] [co.sa.co.SableCollisiondamage/]: SCD-loaded
[02:22:01] [modloading-worker-0/INFO] [co.ex.cr.cr_aero_structures/]: Мод Create Aeronautics Structures загружается!
[02:22:01] [modloading-worker-0/INFO] [co.de.sa.SableDestructive/]: [Sable: Destructive] client visuals boot
[02:22:01] [modloading-worker-0/INFO] [co.ma.Ab.CreateAbyss/]: Create Abyss is in development, content disabled in production
[02:22:02] [Render thread/FATAL] [ne.ne.fm.ModLoader/LOADING]: Failed to wait for future Mod Construction, 1 errors found
[02:22:02] [Render thread/ERROR] [Sodium/]: Something has gone horribly wrong in mod loading; Sodium cannot continue.
[02:22:02] [Render thread/INFO] [Sound Physics - General/]: SPR Aeronautics mixin preApply: com.sonicether.soundphysics.mixin.SoundManagerAccessor -> net.minecraft.client.sounds.SoundManager
[02:22:02] [Render thread/INFO] [Sound Physics - General/]: SPR Aeronautics mixin postApply: com.sonicether.soundphysics.mixin.SoundManagerAccessor -> net.minecraft.client.sounds.SoundManager
[02:22:02] [Render thread/INFO] [Sound Physics - General/]: SPR Aeronautics mixin preApply: com.sonicether.soundphysics.mixin.SoundSystemMixin -> net.minecraft.client.sounds.SoundEngine
[02:22:02] [Render thread/INFO] [Sound Physics - General/]: SPR Aeronautics mixin preApply: com.sonicether.soundphysics.mixin.SoundEngineAccessor -> net.minecraft.client.sounds.SoundEngine
[02:22:02] [Render thread/INFO] [Sound Physics - General/]: SPR Aeronautics mixin postApply: com.sonicether.soundphysics.mixin.SoundSystemMixin -> net.minecraft.client.sounds.SoundEngine
[02:22:02] [Render thread/INFO] [Sound Physics - General/]: SPR Aeronautics mixin postApply: com.sonicether.soundphysics.mixin.SoundEngineAccessor -> net.minecraft.client.sounds.SoundEngine
[02:22:02] [Render thread/INFO] [Sound Physics - General/]: SPR Aeronautics mixin preApply: com.sonicether.soundphysics.mixin.LibraryMixin -> com.mojang.blaze3d.audio.Library
[02:22:02] [Render thread/INFO] [Sound Physics - General/]: SPR Aeronautics mixin postApply: com.sonicether.soundphysics.mixin.LibraryMixin -> com.mojang.blaze3d.audio.Library
[02:22:02] [Render thread/ERROR] [ne.ne.fm.ModLoader/]: Cowardly refusing to send event net.neoforged.neoforge.client.event.sound.SoundEngineLoadEvent to a broken mod state
[02:22:02] [Render thread/INFO] [Veil/]: GL Debug supported
[02:22:02] [Render thread/ERROR] [ne.ne.fm.ModLoader/]: Cowardly refusing to send event net.neoforged.neoforge.client.event.RegisterColorHandlersEvent$Block to a broken mod state
[02:22:02] [Render thread/ERROR] [ne.ne.fm.ModLoader/]: Cowardly refusing to send event net.neoforged.neoforge.client.event.RegisterColorHandlersEvent$Item to a broken mod state
[02:22:02] [Render thread/ERROR] [ne.ne.fm.ModLoader/]: Cowardly refusing to send event net.neoforged.neoforge.client.event.RegisterMaterialAtlasesEvent to a broken mod state
[02:22:02] [Render thread/ERROR] [ne.ne.fm.ModLoader/]: Cowardly refusing to send event foundry.veil.forge.event.ForgeVeilRegisterBlockLayersEvent to a broken mod state
[02:22:03] [Render thread/ERROR] [ne.ne.fm.ModLoader/]: Cowardly refusing to send event net.neoforged.neoforge.client.event.RegisterRenderBuffersEvent to a broken mod state
[02:22:03] [Render thread/ERROR] [ne.ne.fm.ModLoader/]: Cowardly refusing to send event net.neoforged.neoforge.client.event.RegisterParticleProvidersEvent to a broken mod state
[02:22:03] [Render thread/ERROR] [ne.ne.fm.ModLoader/]: Cowardly refusing to send event net.neoforged.neoforge.client.event.RenderLevelStageEvent$RegisterStageEvent to a broken mod state
[02:22:03] [Render thread/INFO] [Sound Physics - General/]: SPR Aeronautics mixin preApply: com.sonicether.soundphysics.mixin.DebugRendererMixin -> net.minecraft.client.renderer.debug.DebugRenderer
[02:22:03] [Render thread/INFO] [Sound Physics - General/]: SPR Aeronautics mixin postApply: com.sonicether.soundphysics.mixin.DebugRendererMixin -> net.minecraft.client.renderer.debug.DebugRenderer
[02:22:03] [Render thread/ERROR] [ne.ne.fm.ModLoader/]: Cowardly refusing to send event net.neoforged.neoforge.client.extensions.common.RegisterClientExtensionsEvent to a broken mod state
[02:22:03] [Render thread/ERROR] [ne.ne.fm.ModLoader/]: Cowardly refusing to send event net.neoforged.neoforge.client.event.RegisterSpriteSourceTypesEvent to a broken mod state
[02:22:03] [Render thread/ERROR] [ne.ne.fm.ModLoader/]: Cowardly refusing to send event net.neoforged.neoforge.client.event.RegisterMenuScreensEvent to a broken mod state
[02:22:03] [Render thread/ERROR] [ne.ne.fm.ModLoader/]: Cowardly refusing to send event net.neoforged.neoforge.client.event.RegisterClientReloadListenersEvent to a broken mod state
[02:22:03] [Render thread/ERROR] [ne.ne.fm.ModLoader/]: Cowardly refusing to send event net.neoforged.neoforge.client.event.EntityRenderersEvent$RegisterLayerDefinitions to a broken mod state
[02:22:03] [Render thread/ERROR] [ne.ne.fm.ModLoader/]: Cowardly refusing to send event net.neoforged.neoforge.client.event.EntityRenderersEvent$RegisterRenderers to a broken mod state
[02:22:03] [Render thread/ERROR] [ne.ne.fm.ModLoader/]: Cowardly refusing to send event net.neoforged.neoforge.client.event.RegisterClientTooltipComponentFactoriesEvent to a broken mod state
[02:22:03] [Render thread/ERROR] [ne.ne.fm.ModLoader/]: Cowardly refusing to send event net.neoforged.neoforge.client.event.RegisterEntitySpectatorShadersEvent to a broken mod state
[02:22:03] [Render thread/ERROR] [ne.ne.fm.ModLoader/]: Cowardly refusing to send event net.neoforged.neoforge.client.event.RegisterKeyMappingsEvent to a broken mod state
[02:22:03] [Render thread/ERROR] [ne.ne.fm.ModLoader/]: Cowardly refusing to send event net.neoforged.neoforge.client.event.RegisterRecipeBookCategoriesEvent to a broken mod state
[02:22:03] [Render thread/ERROR] [ne.ne.fm.ModLoader/]: Cowardly refusing to send event net.neoforged.neoforge.client.event.RegisterGuiLayersEvent to a broken mod state
[02:22:03] [Render thread/ERROR] [ne.ne.fm.ModLoader/]: Cowardly refusing to send event net.neoforged.neoforge.client.event.RegisterDimensionSpecialEffectsEvent to a broken mod state
[02:22:03] [Render thread/ERROR] [ne.ne.fm.ModLoader/]: Cowardly refusing to send event net.neoforged.neoforge.client.event.RegisterNamedRenderTypesEvent to a broken mod state
[02:22:03] [Render thread/ERROR] [ne.ne.fm.ModLoader/]: Cowardly refusing to send event net.neoforged.neoforge.client.event.RegisterColorHandlersEvent$ColorResolvers to a broken mod state
[02:22:03] [Render thread/ERROR] [ne.ne.fm.ModLoader/]: Cowardly refusing to send event net.neoforged.neoforge.client.event.RegisterItemDecorationsEvent to a broken mod state
[02:22:03] [Render thread/ERROR] [ne.ne.fm.ModLoader/]: Cowardly refusing to send event net.neoforged.neoforge.client.event.RegisterPresetEditorsEvent to a broken mod state
[02:22:03] [Render thread/ERROR] [ne.ne.fm.ModLoader/]: Cowardly refusing to send event net.neoforged.neoforge.client.gui.map.RegisterMapDecorationRenderersEvent to a broken mod state
[02:22:03] [Render thread/ERROR] [ne.ne.fm.ModLoader/]: Cowardly refusing to send event net.neoforged.neoforge.client.event.RegisterDimensionTransitionScreenEvent to a broken mod state
[02:22:03] [Render thread/ERROR] [ne.ne.fm.ModLoader/]: Cowardly refusing to send event net.neoforged.neoforge.client.event.RegisterJsonAnimationTypesEvent to a broken mod state
[02:22:03] [Render thread/INFO] [STDOUT/]: [com.mio.libpatcher.util.LogUtil:info:5]: [MioLibPatcher/INFO]: Patch target class: com/mojang/text2speech/Narrator
[02:22:03] [Render thread/WARN] [ModernFix/]: Failed to initialize Linux Narrator. Make sure you have libflite installed!
[02:22:04] [Render thread/INFO] [minecraft/ReloadableResourceManager]: Reloading ResourceManager: vanilla, fabric
[02:22:04] [Render thread/ERROR] [ne.ne.fm.ModLoader/]: Cowardly refusing to send event net.neoforged.neoforge.client.event.ModelEvent$RegisterGeometryLoaders to a broken mod state
[02:22:04] [Worker-ResourceReload-5/INFO] [minecraft/UnihexProvider]: Found unifont_all_no_pua-15.1.05.hex, loading
[02:22:04] [Worker-ResourceReload-2/ERROR] [ModernFix/]: Using vanilla stitcher implementation due to invalid loading state
[02:22:04] [Worker-ResourceReload-3/ERROR] [ModernFix/]: Using vanilla stitcher implementation due to invalid loading state
[02:22:04] [Worker-ResourceReload-4/ERROR] [ModernFix/]: Using vanilla stitcher implementation due to invalid loading state
[02:22:04] [Worker-ResourceReload-2/ERROR] [ModernFix/]: Using vanilla stitcher implementation due to invalid loading state
[02:22:04] [Worker-ResourceReload-4/ERROR] [ModernFix/]: Using vanilla stitcher implementation due to invalid loading state
[02:22:04] [Worker-ResourceReload-2/ERROR] [ModernFix/]: Using vanilla stitcher implementation due to invalid loading state
[02:22:04] [Worker-ResourceReload-4/ERROR] [ModernFix/]: Using vanilla stitcher implementation due to invalid loading state
[02:22:04] [Worker-ResourceReload-2/ERROR] [ModernFix/]: Using vanilla stitcher implementation due to invalid loading state
[02:22:04] [Worker-ResourceReload-4/ERROR] [ModernFix/]: Using vanilla stitcher implementation due to invalid loading state
[02:22:04] [Worker-ResourceReload-2/ERROR] [ModernFix/]: Using vanilla stitcher implementation due to invalid loading state
[02:22:04] [Worker-ResourceReload-2/ERROR] [ModernFix/]: Using vanilla stitcher implementation due to invalid loading state
[02:22:04] [Worker-ResourceReload-6/ERROR] [ModernFix/]: Using vanilla stitcher implementation due to invalid loading state
[02:22:04] [Worker-ResourceReload-6/ERROR] [ModernFix/]: Using vanilla stitcher implementation due to invalid loading state
[02:22:05] [Worker-ResourceReload-3/ERROR] [ModernFix/]: Using vanilla stitcher implementation due to invalid loading state
[02:22:05] [Worker-ResourceReload-4/INFO] [minecraft/UnihexProvider]: Found unifont_jp_patch-15.1.05.hex, loading
[02:22:05] [Worker-ResourceReload-0/WARN] [minecraft/BlockStateModelLoader]: Exception loading blockstate definition: 'dannys-aot:blockstates/path_sand.json' missing model for variant: 'dannys-aot:path_sand#'
[02:22:05] [Worker-ResourceReload-0/WARN] [minecraft/BlockStateModelLoader]: Exception loading blockstate definition: 'dannys-aot:blockstates/dark_path_sand.json' missing model for variant: 'dannys-aot:dark_path_sand#'
[02:22:05] [Worker-ResourceReload-0/WARN] [minecraft/BlockStateModelLoader]: Exception loading blockstate definition: 'dannys-aot:blockstates/path_sand_slab.json' missing model for variant: 'dannys-aot:path_sand_slab#type=double,waterlogged=false'
[02:22:05] [Worker-ResourceReload-0/WARN] [minecraft/BlockStateModelLoader]: Exception loading blockstate definition: 'dannys-aot:blockstates/path_sand_slab.json' missing model for variant: 'dannys-aot:path_sand_slab#type=top,waterlogged=true'
[02:22:05] [Worker-ResourceReload-0/WARN] [minecraft/BlockStateModelLoader]: Exception loading blockstate definition: 'dannys-aot:blockstates/path_sand_slab.json' missing model for variant: 'dannys-aot:path_sand_slab#type=bottom,waterlogged=false'
[02:22:05] [Worker-ResourceReload-0/WARN] [minecraft/BlockStateModelLoader]: Exception loading blockstate definition: 'dannys-aot:blockstates/path_sand_slab.json' missing model for variant: 'dannys-aot:path_sand_slab#type=top,waterlogged=false'
[02:22:05] [Worker-ResourceReload-0/WARN] [minecraft/BlockStateModelLoader]: Exception loading blockstate definition: 'dannys-aot:blockstates/path_sand_slab.json' missing model for variant: 'dannys-aot:path_sand_slab#type=double,waterlogged=true'
[02:22:05] [Worker-ResourceReload-0/WARN] [minecraft/BlockStateModelLoader]: Exception loading blockstate definition: 'dannys-aot:blockstates/path_sand_slab.json' missing model for variant: 'dannys-aot:path_sand_slab#type=bottom,waterlogged=true'
[02:22:05] [Worker-ResourceReload-0/WARN] [minecraft/BlockStateModelLoader]: Exception loading blockstate definition: 'dannys-aot:blockstates/dark_path_sand_slab.json' missing model for variant: 'dannys-aot:dark_path_sand_slab#type=bottom,waterlogged=false'
[02:22:05] [Worker-ResourceReload-0/WARN] [minecraft/BlockStateModelLoader]: Exception loading blockstate definition: 'dannys-aot:blockstates/dark_path_sand_slab.json' missing model for variant: 'dannys-aot:dark_path_sand_slab#type=double,waterlogged=true'
[02:22:05] [Worker-ResourceReload-0/WARN] [minecraft/BlockStateModelLoader]: Exception loading blockstate definition: 'dannys-aot:blockstates/dark_path_sand_slab.json' missing model for variant: 'dannys-aot:dark_path_sand_slab#type=top,waterlogged=true'
[02:22:05] [Worker-ResourceReload-0/WARN] [minecraft/BlockStateModelLoader]: Exception loading blockstate definition: 'dannys-aot:blockstates/dark_path_sand_slab.json' missing model for variant: 'dannys-aot:dark_path_sand_slab#type=bottom,waterlogged=true'
[02:22:05] [Worker-ResourceReload-0/WARN] [minecraft/BlockStateModelLoader]: Exception loading blockstate definition: 'dannys-aot:blockstates/dark_path_sand_slab.json' missing model for variant: 'dannys-aot:dark_path_sand_slab#type=double,waterlogged=false'
[02:22:05] [Worker-ResourceReload-0/WARN] [minecraft/BlockStateModelLoader]: Exception loading blockstate definition: 'dannys-aot:blockstates/dark_path_sand_slab.json' missing model for variant: 'dannys-aot:dark_path_sand_slab#type=top,waterlogged=false'
[02:22:05] [Worker-ResourceReload-0/WARN] [minecraft/BlockStateModelLoader]: Exception loading blockstate definition: 'dannys-aot:blockstates/ice_burst_stone.json' missing model for variant: 'dannys-aot:ice_burst_stone#'
[02:22:05] [Worker-ResourceReload-0/WARN] [minecraft/BlockStateModelLoader]: Exception loading blockstate definition: 'dannys-aot:blockstates/bursting_ice_burst_stone.json' missing model for variant: 'dannys-aot:bursting_ice_burst_stone#'
[02:22:05] [Worker-ResourceReload-0/WARN] [minecraft/BlockStateModelLoader]: Exception loading blockstate definition: 'dannys-aot:blockstates/small_ice_burst_shard.json' missing model for variant: 'dannys-aot:small_ice_burst_shard#facing=east,waterlogged=true'
[02:22:05] [Worker-ResourceReload-0/WARN] [minecraft/BlockStateModelLoader]: Exception loading blockstate definition: 'dannys-aot:blockstates/small_ice_burst_shard.json' missing model for variant: 'dannys-aot:small_ice_burst_shard#facing=south,waterlogged=true'
[02:22:05] [Worker-ResourceReload-0/WARN] [minecraft/BlockStateModelLoader]: Exception loading blockstate definition: 'dannys-aot:blockstates/small_ice_burst_shard.json' missing model for variant: 'dannys-aot:small_ice_burst_shard#facing=up,waterlogged=true'
[02:22:05] [Worker-ResourceReload-0/WARN] [minecraft/BlockStateModelLoader]: Exception loading blockstate definition: 'dannys-aot:blockstates/small_ice_burst_shard.json' missing model for variant: 'dannys-aot:small_ice_burst_shard#facing=down,waterlogged=false'
[02:22:05] [Worker-ResourceReload-0/WARN] [minecraft/BlockStateModelLoader]: Exception loading blockstate definition: 'dannys-aot:blockstates/small_ice_burst_shard.json' missing model for variant: 'dannys-aot:small_ice_burst_shard#facing=west,waterlogged=false'
[02:22:05] [Worker-ResourceReload-0/WARN] [minecraft/BlockStateModelLoader]: Exception loading blockstate definition: 'dannys-aot:blockstates/small_ice_burst_shard.json' missing model for variant: 'dannys-aot:small_ice_burst_shard#facing=south,waterlogged=false'
[02:22:05] [Worker-ResourceReload-0/WARN] [minecraft/BlockStateModelLoader]: Exception loading blockstate definition: 'dannys-aot:blockstates/small_ice_burst_shard.json' missing model for variant: 'dannys-aot:small_ice_burst_shard#facing=east,waterlogged=false'
[02:22:05] [Worker-ResourceReload-0/WARN] [minecraft/BlockStateModelLoader]: Exception loading blockstate definition: 'dannys-aot:blockstates/small_ice_burst_shard.json' missing model for variant: 'dannys-aot:small_ice_burst_shard#facing=north,waterlogged=true'
[02:22:05] [Worker-ResourceReload-0/WARN] [minecraft/BlockStateModelLoader]: Exception loading blockstate definition: 'dannys-aot:blockstates/small_ice_burst_shard.json' missing model for variant: 'dannys-aot:small_ice_burst_shard#facing=up,waterlogged=false'
[02:22:05] [Worker-ResourceReload-0/WARN] [minecraft/BlockStateModelLoader]: Exception loading blockstate definition: 'dannys-aot:blockstates/small_ice_burst_shard.json' missing model for variant: 'dannys-aot:small_ice_burst_shard#facing=down,waterlogged=true'
[02:22:05] [Worker-ResourceReload-0/WARN] [minecraft/BlockStateModelLoader]: Exception loading blockstate definition: 'dannys-aot:blockstates/small_ice_burst_shard.json' missing model for variant: 'dannys-aot:small_ice_burst_shard#facing=west,waterlogged=true'
[02:22:05] [Worker-ResourceReload-0/WARN] [minecraft/BlockStateModelLoader]: Exception loading blockstate definition: 'dannys-aot:blockstates/small_ice_burst_shard.json' missing model for variant: 'dannys-aot:small_ice_burst_shard#facing=north,waterlogged=false'
[02:22:05] [Worker-ResourceReload-0/WARN] [minecraft/BlockStateModelLoader]: Exception loading blockstate definition: 'dannys-aot:blockstates/medium_ice_burst_shard.json' missing model for variant: 'dannys-aot:medium_ice_burst_shard#facing=east,waterlogged=false'
[02:22:05] [Worker-ResourceReload-0/WARN] [minecraft/BlockStateModelLoader]: Exception loading blockstate definition: 'dannys-aot:blockstates/medium_ice_burst_shard.json' missing model for variant: 'dannys-aot:medium_ice_burst_shard#facing=north,waterlogged=true'
[02:22:05] [Worker-ResourceReload-0/WARN] [minecraft/BlockStateModelLoader]: Exception loading blockstate definition: 'dannys-aot:blockstates/medium_ice_burst_shard.json' missing model for variant: 'dannys-aot:medium_ice_burst_shard#facing=up,waterlogged=false'
[02:22:05] [Worker-ResourceReload-0/WARN] [minecraft/BlockStateModelLoader]: Exception loading blockstate definition: 'dannys-aot:blockstates/medium_ice_burst_shard.json' missing model for variant: 'dannys-aot:medium_ice_burst_shard#facing=west,waterlogged=true'
[02:22:05] [Worker-ResourceReload-0/WARN] [minecraft/BlockStateModelLoader]: Exception loading blockstate definition: 'dannys-aot:blockstates/medium_ice_burst_shard.json' missing model for variant: 'dannys-aot:medium_ice_burst_shard#facing=down,waterlogged=false'
[02:22:05] [Worker-ResourceReload-0/WARN] [minecraft/BlockStateModelLoader]: Exception loading blockstate definition: 'dannys-aot:blockstates/medium_ice_burst_shard.json' missing model for variant: 'dannys-aot:medium_ice_burst_shard#facing=south,waterlogged=false'
[02:22:05] [Worker-ResourceReload-0/WARN] [minecraft/BlockStateModelLoader]: Exception loading blockstate definition: 'dannys-aot:blockstates/medium_ice_burst_shard.json' missing model for variant: 'dannys-aot:medium_ice_burst_shard#facing=up,waterlogged=true'
[02:22:05] [Worker-ResourceReload-0/WARN] [minecraft/BlockStateModelLoader]: Exception loading blockstate definition: 'dannys-aot:blockstates/medium_ice_burst_shard.json' missing model for variant: 'dannys-aot:medium_ice_burst_shard#facing=west,waterlogged=false'
[02:22:05] [Worker-ResourceReload-0/WARN] [minecraft/BlockStateModelLoader]: Exception loading blockstate definition: 'dannys-aot:blockstates/medium_ice_burst_shard.json' missing model for variant: 'dannys-aot:medium_ice_burst_shard#facing=east,waterlogged=true'
[02:22:05] [Worker-ResourceReload-0/WARN] [minecraft/BlockStateModelLoader]: Exception loading blockstate definition: 'dannys-aot:blockstates/medium_ice_burst_shard.json' missing model for variant: 'dannys-aot:medium_ice_burst_shard#facing=north,waterlogged=false'
[02:22:05] [Worker-ResourceReload-0/WARN] [minecraft/BlockStateModelLoader]: Exception loading blockstate definition: 'dannys-aot:blockstates/medium_ice_burst_shard.json' missing model for variant: 'dannys-aot:medium_ice_burst_shard#facing=down,waterlogged=true'
[02:22:05] [Worker-ResourceReload-0/WARN] [minecraft/BlockStateModelLoader]: Exception loading blockstate definition: 'dannys-aot:blockstates/medium_ice_burst_shard.json' missing model for variant: 'dannys-aot:medium_ice_burst_shard#facing=south,waterlogged=true'
[02:22:05] [Worker-ResourceReload-0/WARN] [minecraft/BlockStateModelLoader]: Exception loading blockstate definition: 'dannys-aot:blockstates/large_ice_burst_shard.json' missing model for variant: 'dannys-aot:large_ice_burst_shard#facing=east,waterlogged=true'
[02:22:05] [Worker-ResourceReload-0/WARN] [minecraft/BlockStateModelLoader]: Exception loading blockstate definition: 'dannys-aot:blockstates/large_ice_burst_shard.json' missing model for variant: 'dannys-aot:large_ice_burst_shard#facing=west,waterlogged=false'
[02:22:05] [Worker-ResourceReload-0/WARN] [minecraft/BlockStateModelLoader]: Exception loading blockstate definition: 'dannys-aot:blockstates/large_ice_burst_shard.json' missing model for variant: 'dannys-aot:large_ice_burst_shard#facing=down,waterlogged=false'
[02:22:05] [Worker-ResourceReload-0/WARN] [minecraft/BlockStateModelLoader]: Exception loading blockstate definition: 'dannys-aot:blockstates/large_ice_burst_shard.json' missing model for variant: 'dannys-aot:large_ice_burst_shard#facing=south,waterlogged=true'
[02:22:05] [Worker-ResourceReload-0/WARN] [minecraft/BlockStateModelLoader]: Exception loading blockstate definition: 'dannys-aot:blockstates/large_ice_burst_shard.json' missing model for variant: 'dannys-aot:large_ice_burst_shard#facing=down,waterlogged=true'
[02:22:05] [Worker-ResourceReload-0/WARN] [minecraft/BlockStateModelLoader]: Exception loading blockstate definition: 'dannys-aot:blockstates/large_ice_burst_shard.json' missing model for variant: 'dannys-aot:large_ice_burst_shard#facing=up,waterlogged=false'
[02:22:05] [Worker-ResourceReload-0/WARN] [minecraft/BlockStateModelLoader]: Exception loading blockstate definition: 'dannys-aot:blockstates/large_ice_burst_shard.json' missing model for variant: 'dannys-aot:large_ice_burst_shard#facing=north,waterlogged=false'
[02:22:05] [Worker-ResourceReload-0/WARN] [minecraft/BlockStateModelLoader]: Exception loading blockstate definition: 'dannys-aot:blockstates/large_ice_burst_shard.json' missing model for variant: 'dannys-aot:large_ice_burst_shard#facing=west,waterlogged=true'
[02:22:05] [Worker-ResourceReload-0/WARN] [minecraft/BlockStateModelLoader]: Exception loading blockstate definition: 'dannys-aot:blockstates/large_ice_burst_shard.json' missing model for variant: 'dannys-aot:large_ice_burst_shard#facing=north,waterlogged=true'
[02:22:05] [Worker-ResourceReload-0/WARN] [minecraft/BlockStateModelLoader]: Exception loading blockstate definition: 'dannys-aot:blockstates/large_ice_burst_shard.json' missing model for variant: 'dannys-aot:large_ice_burst_shard#facing=south,waterlogged=false'
[02:22:05] [Worker-ResourceReload-0/WARN] [minecraft/BlockStateModelLoader]: Exception loading blockstate definition: 'dannys-aot:blockstates/large_ice_burst_shard.json' missing model for variant: 'dannys-aot:large_ice_burst_shard#facing=east,waterlogged=false'
[02:22:05] [Worker-ResourceReload-0/WARN] [minecraft/BlockStateModelLoader]: Exception loading blockstate definition: 'dannys-aot:blockstates/large_ice_burst_shard.json' missing model for variant: 'dannys-aot:large_ice_burst_shard#facing=up,waterlogged=true'
[02:22:05] [Worker-ResourceReload-0/WARN] [minecraft/BlockStateModelLoader]: Exception loading blockstate definition: 'dannys-aot:blockstates/ice_burst_shard_cluster.json' missing model for variant: 'dannys-aot:ice_burst_shard_cluster#facing=south,waterlogged=false'
[02:22:05] [Worker-ResourceReload-0/WARN] [minecraft/BlockStateModelLoader]: Exception loading blockstate definition: 'dannys-aot:blockstates/ice_burst_shard_cluster.json' missing model for variant: 'dannys-aot:ice_burst_shard_cluster#facing=north,waterlogged=true'
[02:22:05] [Worker-ResourceReload-0/WARN] [minecraft/BlockStateModelLoader]: Exception loading blockstate definition: 'dannys-aot:blockstates/ice_burst_shard_cluster.json' missing model for variant: 'dannys-aot:ice_burst_shard_cluster#facing=east,waterlogged=false'
[02:22:05] [Worker-ResourceReload-0/WARN] [minecraft/BlockStateModelLoader]: Exception loading blockstate definition: 'dannys-aot:blockstates/ice_burst_shard_cluster.json' missing model for variant: 'dannys-aot:ice_burst_shard_cluster#facing=up,waterlogged=false'
[02:22:05] [Worker-ResourceReload-0/WARN] [minecraft/BlockStateModelLoader]: Exception loading blockstate definition: 'dannys-aot:blockstates/ice_burst_shard_cluster.json' missing model for variant: 'dannys-aot:ice_burst_shard_cluster#facing=east,waterlogged=true'
[02:22:05] [Worker-ResourceReload-0/WARN] [minecraft/BlockStateModelLoader]: Exception loading blockstate definition: 'dannys-aot:blockstates/ice_burst_shard_cluster.json' missing model for variant: 'dannys-aot:ice_burst_shard_cluster#facing=west,waterlogged=false'
[02:22:05] [Worker-ResourceReload-0/WARN] [minecraft/BlockStateModelLoader]: Exception loading blockstate definition: 'dannys-aot:blockstates/ice_burst_shard_cluster.json' missing model for variant: 'dannys-aot:ice_burst_shard_cluster#facing=south,waterlogged=true'
[02:22:05] [Worker-ResourceReload-0/WARN] [minecraft/BlockStateModelLoader]: Exception loading blockstate definition: 'dannys-aot:blockstates/ice_burst_shard_cluster.json' missing model for variant: 'dannys-aot:ice_burst_shard_cluster#facing=up,waterlogged=true'
[02:22:05] [Worker-ResourceReload-0/WARN] [minecraft/BlockStateModelLoader]: Exception loading blockstate definition: 'dannys-aot:blockstates/ice_burst_shard_cluster.json' missing model for variant: 'dannys-aot:ice_burst_shard_cluster#facing=down,waterlogged=true'
[02:22:05] [Worker-ResourceReload-0/WARN] [minecraft/BlockStateModelLoader]: Exception loading blockstate definition: 'dannys-aot:blockstates/ice_burst_shard_cluster.json' missing model for variant: 'dannys-aot:ice_burst_shard_cluster#facing=north,waterlogged=false'
[02:22:05] [Worker-ResourceReload-0/WARN] [minecraft/BlockStateModelLoader]: Exception loading blockstate definition: 'dannys-aot:blockstates/ice_burst_shard_cluster.json' missing model for variant: 'dannys-aot:ice_burst_shard_cluster#facing=down,waterlogged=false'
[02:22:05] [Worker-ResourceReload-0/WARN] [minecraft/BlockStateModelLoader]: Exception loading blockstate definition: 'dannys-aot:blockstates/ice_burst_shard_cluster.json' missing model for variant: 'dannys-aot:ice_burst_shard_cluster#facing=west,waterlogged=true'
[02:22:05] [Worker-ResourceReload-0/WARN] [minecraft/BlockStateModelLoader]: Exception loading blockstate definition: 'dannys-aot:blockstates/hardened_block.json' missing model for variant: 'dannys-aot:hardened_block#'
[02:22:05] [Worker-ResourceReload-0/WARN] [minecraft/BlockStateModelLoader]: Exception loading blockstate definition: 'dannys-aot:blockstates/hardened_slab.json' missing model for variant: 'dannys-aot:hardened_slab#type=bottom,waterlogged=false'
[02:22:05] [Worker-ResourceReload-0/WARN] [minecraft/BlockStateModelLoader]: Exception loading blockstate definition: 'dannys-aot:blockstates/hardened_slab.json' missing model for variant: 'dannys-aot:hardened_slab#type=top,waterlogged=false'
[02:22:05] [Worker-ResourceReload-0/WARN] [minecraft/BlockStateModelLoader]: Exception loading blockstate definition: 'dannys-aot:blockstates/hardened_slab.json' missing model for variant: 'dannys-aot:hardened_slab#type=double,waterlogged=true'
[02:22:05] [Worker-ResourceReload-0/WARN] [minecraft/BlockStateModelLoader]: Exception loading blockstate definition: 'dannys-aot:blockstates/hardened_slab.json' missing model for variant: 'dannys-aot:hardened_slab#type=top,waterlogged=true'
[02:22:05] [Worker-ResourceReload-0/WARN] [minecraft/BlockStateModelLoader]: Exception loading blockstate definition: 'dannys-aot:blockstates/hardened_slab.json' missing model for variant: 'dannys-aot:hardened_slab#type=double,waterlogged=false'
[02:22:05] [Worker-ResourceReload-0/WARN] [minecraft/BlockStateModelLoader]: Exception loading blockstate definition: 'dannys-aot:blockstates/hardened_slab.json' missing model for variant: 'dannys-aot:hardened_slab#type=bottom,waterlogged=true'
[02:22:05] [Worker-ResourceReload-0/WARN] [minecraft/BlockStateModelLoader]: Exception loading blockstate definition: 'dannys-aot:blockstates/hardened_stairs.json' missing model for variant: 'dannys-aot:hardened_stairs#facing=east,half=top,shape=inner_left,waterlogged=false'
[02:22:05] [Worker-ResourceReload-0/WARN] [minecraft/BlockStateModelLoader]: Exception loading blockstate definition: 'dannys-aot:blockstates/hardened_stairs.json' missing model for variant: 'dannys-aot:hardened_stairs#facing=west,half=bottom,shape=inner_left,waterlogged=true'
[02:22:05] [Worker-ResourceReload-0/WARN] [minecraft/BlockStateModelLoader]: Exception loading blockstate definition: 'dannys-aot:blockstates/hardened_stairs.json' missing model for variant: 'dannys-aot:hardened_stairs#facing=east,half=bottom,shape=inner_left,waterlogged=false'
[02:22:05] [Worker-ResourceReload-0/WARN] [minecraft/BlockStateModelLoader]: Exception loading blockstate definition: 'dannys-aot:blockstates/hardened_stairs.json' missing model for variant: 'dannys-aot:hardened_stairs#facing=south,half=top,shape=straight,waterlogged=true'
[02:22:05] [Worker-ResourceReload-0/WARN] [minecraft/BlockStateModelLoader]: Exception loading blockstate definition: 'dannys-aot:blockstates/hardened_stairs.json' missing model for variant: 'dannys-aot:hardened_stairs#facing=west,half=top,shape=straight,waterlogged=false'
[02:22:05] [Worker-ResourceReload-0/WARN] [minecraft/BlockStateModelLoader]: Exception loading blockstate definition: 'dannys-aot:blockstates/hardened_stairs.json' missing model for variant: 'dannys-aot:hardened_stairs#facing=west,half=bottom,shape=inner_right,waterlogged=false'
[02:22:05] [Worker-ResourceReload-0/WARN] [minecraft/BlockStateModelLoader]: Exception loading blockstate definition: 'dannys-aot:blockstates/hardened_stairs.json' missing model for variant: 'dannys-aot:hardened_stairs#facing=east,half=bottom,shape=outer_left,waterlogged=false'
[02:22:05] [Worker-ResourceReload-0/WARN] [minecraft/BlockStateModelLoader]: Exception loading blockstate definition: 'dannys-aot:blockstates/hardened_stairs.json' missing model for variant: 'dannys-aot:hardened_stairs#facing=west,half=top,shape=straight,waterlogged=true'
[02:22:05] [Worker-ResourceReload-0/WARN] [minecraft/BlockStateModelLoader]: Exception loading blockstate definition: 'dannys-aot:blockstates/hardened_stairs.json' missing model for variant: 'dannys-aot:hardened_stairs#facing=north,half=bottom,shape=outer_right,waterlogged=true'
[02:22:05] [Worker-ResourceReload-0/WARN] [minecraft/BlockStateModelLoader]: Exception loading blockstate definition: 'dannys-aot:blockstates/hardened_stairs.json' missing model for variant: 'dannys-aot:hardened_stairs#facing=east,half=top,shape=outer_left,waterlogged=false'
[02:22:05] [Worker-ResourceReload-0/WARN] [minecraft/BlockStateModelLoader]: Exception loading blockstate definition: 'dannys-aot:blockstates/hardened_stairs.json' missing model for variant: 'dannys-aot:hardened_stairs#facing=south,half=bottom,shape=inner_right,waterlogged=true'
[02:22:05] [Worker-ResourceReload-0/WARN] [minecraft/BlockStateModelLoader]: Exception loading blockstate definition: 'dannys-aot:blockstates/hardened_stairs.json' missing model for variant: 'dannys-aot:hardened_stairs#facing=south,half=bottom,shape=straight,waterlogged=true'
[02:22:05] [Worker-ResourceReload-0/WARN] [minecraft/BlockStateModelLoader]: Exception loading blockstate definition: 'dannys-aot:blockstates/hardened_stairs.json' missing model for variant: 'dannys-aot:hardened_stairs#facing=south,half=top,shape=inner_right,waterlogged=true'
[02:22:05] [Worker-ResourceReload-0/WARN] [minecraft/BlockStateModelLoader]: Exception loading blockstate definition: 'dannys-aot:blockstates/hardened_stairs.json' missing model for variant: 'dannys-aot:hardened_stairs#facing=south,half=bottom,shape=outer_left,waterlogged=false'
[02:22:05] [Worker-ResourceReload-0/WARN] [minecraft/BlockStateModelLoader]: Exception loading blockstate definition: 'dannys-aot:blockstates/hardened_stairs.json' missing model for variant: 'dannys-aot:hardened_stairs#facing=east,half=bottom,shape=straight,waterlogged=false'
[02:22:05] [Worker-ResourceReload-0/WARN] [minecraft/BlockStateModelLoader]: Exception loading blockstate definition: 'dannys-aot:blockstates/hardened_stairs.json' missing model for variant: 'dannys-aot:hardened_stairs#facing=west,half=bottom,shape=outer_left,waterlogged=true'
[02:22:05] [Worker-ResourceReload-0/WARN] [minecraft/BlockStateModelLoader]: Exception loading blockstate definition: 'dannys-aot:blockstates/hardened_stairs.json' missing model for variant: 'dannys-aot:hardened_stairs#facing=north,half=top,shape=outer_left,waterlogged=true'
[02:22:05] [Worker-ResourceReload-0/WARN] [minecraft/BlockStateModelLoader]: Exception loading blockstate definition: 'dannys-aot:blockstates/hardened_stairs.json' missing model for variant: 'dannys-aot:hardened_stairs#facing=east,half=top,shape=outer_left,waterlogged=true'
[02:22:05] [Worker-ResourceReload-0/WARN] [minecraft/BlockStateModelLoader]: Exception loading blockstate definition: 'dannys-aot:blockstates/hardened_stairs.json' missing model for variant: 'dannys-aot:hardened_stairs#facing=west,half=top,shape=inner_right,waterlogged=false'
[02:22:05] [Worker-ResourceReload-0/WARN] [minecraft/BlockStateModelLoader]: Exception loading blockstate definition: 'dannys-aot:blockstates/hardened_stairs.json' missing model for variant: 'dannys-aot:hardened_stairs#facing=west,half=top,shape=outer_left,waterlogged=false'
[02:22:05] [Worker-ResourceReload-0/WARN] [minecraft/BlockStateModelLoader]: Exception loading blockstate definition: 'dannys-aot:blockstates/hardened_stairs.json' missing model for variant: 'dannys-aot:hardened_stairs#facing=east,half=top,shape=outer_right,waterlogged=false'
[02:22:05] [Worker-ResourceReload-0/WARN] [minecraft/BlockStateModelLoader]: Exception loading blockstate definition: 'dannys-aot:blockstates/hardened_stairs.json' missing model for variant: 'dannys-aot:hardened_stairs#facing=south,half=bottom,shape=outer_right,waterlogged=true'
[02:22:05] [Worker-ResourceReload-0/WARN] [minecraft/BlockStateModelLoader]: Exception loading blockstate definition: 'dannys-aot:blockstates/hardened_stairs.json' missing model for variant: 'dannys-aot:hardened_stairs#facing=east,half=top,shape=straight,waterlogged=true'
[02:22:05] [Worker-ResourceReload-0/WARN] [minecraft/BlockStateModelLoader]: Exception loading blockstate definition: 'dannys-aot:blockstates/hardened_stairs.json' missing model for variant: 'dannys-aot:hardened_stairs#facing=south,half=top,shape=inner_left,waterlogged=true'
[02:22:05] [Worker-ResourceReload-0/WARN] [minecraft/BlockStateModelLoader]: Exception loading blockstate definition: 'dannys-aot:blockstates/hardened_stairs.json' missing model for variant: 'dannys-aot:hardened_stairs#facing=south,half=bottom,shape=outer_left,waterlogged=true'
[02:22:05] [Worker-ResourceReload-0/WARN] [minecraft/BlockStateModelLoader]: Exception loading blockstate definition: 'dannys-aot:blockstates/hardened_stairs.json' missing model for variant: 'dannys-aot:hardened_stairs#facing=north,half=bottom,shape=straight,waterlogged=true'
[02:22:05] [Worker-ResourceReload-0/WARN] [minecraft/BlockStateModelLoader]: Exception loading blockstate definition: 'dannys-aot:blockstates/hardened_stairs.json' missing model for variant: 'dannys-aot:hardened_stairs#facing=east,half=top,shape=inner_left,waterlogged=true'
[02:22:05] [Worker-ResourceReload-0/WARN] [minecraft/BlockStateModelLoader]: Exception loading blockstate definition: 'dannys-aot:blockstates/hardened_stairs.json' missing model for variant: 'dannys-aot:hardened_stairs#facing=south,half=bottom,shape=outer_right,waterlogged=false'
[02:22:05] [Worker-ResourceReload-0/WARN] [minecraft/BlockStateModelLoader]: Exception loading blockstate definition: 'dannys-aot:blockstates/hardened_stairs.json' missing model for variant: 'dannys-aot:hardened_stairs#facing=west,half=top,shape=inner_right,waterlogged=true'
[02:22:05] [Worker-ResourceReload-0/WARN] [minecraft/BlockStateModelLoader]: Exception loading blockstate definition: 'dannys-aot:blockstates/hardened_stairs.json' missing model for variant: 'dannys-aot:hardened_stairs#facing=north,half=bottom,shape=inner_left,waterlogged=false'
[02:22:05] [Worker-ResourceReload-0/WARN] [minecraft/BlockStateModelLoader]: Exception loading blockstate definition: 'dannys-aot:blockstates/hardened_stairs.json' missing model for variant: 'dannys-aot:hardened_stairs#facing=east,half=bottom,shape=inner_left,waterlogged=true'
[02:22:05] [Worker-ResourceReload-0/WARN] [minecraft/BlockStateModelLoader]: Exception loading blockstate definition: 'dannys-aot:blockstates/hardened_stairs.json' missing model for variant: 'dannys-aot:hardened_stairs#facing=east,half=bottom,shape=inner_right,waterlogged=true'
[02:22:05] [Worker-ResourceReload-0/WARN] [minecraft/BlockStateModelLoader]: Exception loading blockstate definition: 'dannys-aot:blockstates/hardened_stairs.json' missing model for variant: 'dannys-aot:hardened_stairs#facing=east,half=top,shape=inner_right,waterlogged=true'
[02:22:05] [Worker-ResourceReload-0/WARN] [minecraft/BlockStateModelLoader]: Exception loading blockstate definition: 'dannys-aot:blockstates/hardened_stairs.json' missing model for variant: 'dannys-aot:hardened_stairs#facing=north,half=bottom,shape=outer_left,waterlogged=false'
[02:22:05] [Worker-ResourceReload-0/WARN] [minecraft/BlockStateModelLoader]: Exception loading blockstate definition: 'dannys-aot:blockstates/hardened_stairs.json' missing model for variant: 'dannys-aot:hardened_stairs#facing=south,half=top,shape=outer_right,waterlogged=true'
[02:22:05] [Worker-ResourceReload-0/WARN] [minecraft/BlockStateModelLoader]: Exception loading blockstate definition: 'dannys-aot:blockstates/hardened_stairs.json' missing model for variant: 'dannys-aot:hardened_stairs#facing=west,half=bottom,shape=straight,waterlogged=false'
[02:22:05] [Worker-ResourceReload-0/WARN] [minecraft/BlockStateModelLoader]: Exception loading blockstate definition: 'dannys-aot:blockstates/hardened_stairs.json' missing model for variant: 'dannys-aot:hardened_stairs#facing=north,half=top,shape=inner_left,waterlogged=false'
[02:22:05] [Worker-ResourceReload-0/WARN] [minecraft/BlockStateModelLoader]: Exception loading blockstate definition: 'dannys-aot:blockstates/hardened_stairs.json' missing model for variant: 'dannys-aot:hardened_stairs#facing=north,half=bottom,shape=outer_right,waterlogged=false'
[02:22:05] [Worker-ResourceReload-0/WARN] [minecraft/BlockStateModelLoader]: Exception loading blockstate definition: 'dannys-aot:blockstates/hardened_stairs.json' missing model for variant: 'dannys-aot:hardened_stairs#facing=south,half=bottom,shape=inner_left,waterlogged=false'
[02:22:05] [Worker-ResourceReload-0/WARN] [minecraft/BlockStateModelLoader]: Exception loading blockstate definition: 'dannys-aot:blockstates/hardened_stairs.json' missing model for variant: 'dannys-aot:hardened_stairs#facing=south,half=bottom,shape=inner_left,waterlogged=true'
[02:22:05] [Worker-ResourceReload-0/WARN] [minecraft/BlockStateModelLoader]: Exception loading blockstate definition: 'dannys-aot:blockstates/hardened_stairs.json' missing model for variant: 'dannys-aot:hardened_stairs#facing=east,half=top,shape=outer_right,waterlogged=true'
[02:22:05] [Worker-ResourceReload-0/WARN] [minecraft/BlockStateModelLoader]: Exception loading blockstate definition: 'dannys-aot:blockstates/hardened_stairs.json' missing model for variant: 'dannys-aot:hardened_stairs#facing=west,half=bottom,shape=outer_right,waterlogged=true'
[02:22:05] [Worker-ResourceReload-0/WARN] [minecraft/BlockStateModelLoader]: Exception loading blockstate definition: 'dannys-aot:blockstates/hardened_stairs.json' missing model for variant: 'dannys-aot:hardened_stairs#facing=west,half=top,shape=inner_left,waterlogged=true'
[02:22:05] [Worker-ResourceReload-0/WARN] [minecraft/BlockStateModelLoader]: Exception loading blockstate definition: 'dannys-aot:blockstates/hardened_stairs.json' missing model for variant: 'dannys-aot:hardened_stairs#facing=west,half=top,shape=outer_right,waterlogged=false'
[02:22:05] [Worker-ResourceReload-0/WARN] [minecraft/BlockStateModelLoader]: Exception loading blockstate definition: 'dannys-aot:blockstates/hardened_stairs.json' missing model for variant: 'dannys-aot:hardened_stairs#facing=west,half=bottom,shape=straight,waterlogged=true'
[02:22:05] [Worker-ResourceReload-0/WARN] [minecraft/BlockStateModelLoader]: Exception loading blockstate definition: 'dannys-aot:blockstates/hardened_stairs.json' missing model for variant: 'dannys-aot:hardened_stairs#facing=north,half=bottom,shape=straight,waterlogged=false'
[02:22:05] [Worker-ResourceReload-0/WARN] [minecraft/BlockStateModelLoader]: Exception loading blockstate definition: 'dannys-aot:blockstates/hardened_stairs.json' missing model for variant: 'dannys-aot:hardened_stairs#facing=west,half=bottom,shape=inner_right,waterlogged=true'
[02:22:05] [Worker-ResourceReload-0/WARN] [minecraft/BlockStateModelLoader]: Exception loading blockstate definition: 'dannys-aot:blockstates/hardened_stairs.json' missing model for variant: 'dannys-aot:hardened_stairs#facing=east,half=top,shape=straight,waterlogged=false'
[02:22:05] [Worker-ResourceReload-0/WARN] [minecraft/BlockStateModelLoader]: Exception loading blockstate definition: 'dannys-aot:blockstates/hardened_stairs.json' missing model for variant: 'dannys-aot:hardened_stairs#facing=east,half=bottom,shape=inner_right,waterlogged=false'
[02:22:05] [Worker-ResourceReload-0/WARN] [minecraft/BlockStateModelLoader]: Exception loading blockstate definition: 'dannys-aot:blockstates/hardened_stairs.json' missing model for variant: 'dannys-aot:hardened_stairs#facing=south,half=top,shape=inner_right,waterlogged=false'
[02:22:05] [Worker-ResourceReload-0/WARN] [minecraft/BlockStateModelLoader]: Exception loading blockstate definition: 'dannys-aot:blockstates/hardened_stairs.json' missing model for variant: 'dannys-aot:hardened_stairs#facing=south,half=top,shape=straight,waterlogged=false'
[02:22:05] [Worker-ResourceReload-0/WARN] [minecraft/BlockStateModelLoader]: Exception loading blockstate definition: 'dannys-aot:blockstates/hardened_stairs.json' missing model for variant: 'dannys-aot:hardened_stairs#facing=north,half=top,shape=inner_right,waterlogged=true'
[02:22:05] [Worker-ResourceReload-0/WARN] [minecraft/BlockStateModelLoader]: Exception loading blockstate definition: 'dannys-aot:blockstates/hardened_stairs.json' missing model for variant: 'dannys-aot:hardened_stairs#facing=south,half=bottom,shape=straight,waterlogged=false'
[02:22:05] [Worker-ResourceReload-0/WARN] [minecraft/BlockStateModelLoader]: Exception loading blockstate definition: 'dannys-aot:blockstates/hardened_stairs.json' missing model for variant: 'dannys-aot:hardened_stairs#facing=south,half=top,shape=inner_left,waterlogged=false'
[02:22:05] [Worker-ResourceReload-0/WARN] [minecraft/BlockStateModelLoader]: Exception loading blockstate definition: 'dannys-aot:blockstates/hardened_stairs.json' missing model for variant: 'dannys-aot:hardened_stairs#facing=north,half=top,shape=inner_right,waterlogged=false'
[02:22:05] [Worker-ResourceReload-0/WARN] [minecraft/BlockStateModelLoader]: Exception loading blockstate definition: 'dannys-aot:blockstates/hardened_stairs.json' missing model for variant: 'dannys-aot:hardened_stairs#facing=north,half=bottom,shape=inner_left,waterlogged=true'
[02:22:05] [Worker-ResourceReload-0/WARN] [minecraft/BlockStateModelLoader]: Exception loading blockstate definition: 'dannys-aot:blockstates/hardened_stairs.json' missing model for variant: 'dannys-aot:hardened_stairs#facing=north,half=top,shape=outer_left,waterlogged=false'
[02:22:05] [Worker-ResourceReload-0/WARN] [minecraft/BlockStateModelLoader]: Exception loading blockstate definition: 'dannys-aot:blockstates/hardened_stairs.json' missing model for variant: 'dannys-aot:hardened_stairs#facing=west,half=top,shape=outer_right,waterlogged=true'
[02:22:05] [Worker-ResourceReload-0/WARN] [minecraft/BlockStateModelLoader]: Exception loading blockstate definition: 'dannys-aot:blockstates/hardened_stairs.json' missing model for variant: 'dannys-aot:hardened_stairs#facing=west,half=top,shape=outer_left,waterlogged=true'
[02:22:05] [Worker-ResourceReload-0/WARN] [minecraft/BlockStateModelLoader]: Exception loading blockstate definition: 'dannys-aot:blockstates/hardened_stairs.json' missing model for variant: 'dannys-aot:hardened_stairs#facing=north,half=bottom,shape=inner_right,waterlogged=false'
[02:22:05] [Worker-ResourceReload-0/WARN] [minecraft/BlockStateModelLoader]: Exception loading blockstate definition: 'dannys-aot:blockstates/hardened_stairs.json' missing model for variant: 'dannys-aot:hardened_stairs#facing=south,half=bottom,shape=inner_right,waterlogged=false'
[02:22:05] [Worker-ResourceReload-0/WARN] [minecraft/BlockStateModelLoader]: Exception loading blockstate definition: 'dannys-aot:blockstates/hardened_stairs.json' missing model for variant: 'dannys-aot:hardened_stairs#facing=north,half=top,shape=outer_right,waterlogged=true'
[02:22:05] [Worker-ResourceReload-0/WARN] [minecraft/BlockStateModelLoader]: Exception loading blockstate definition: 'dannys-aot:blockstates/hardened_stairs.json' missing model for variant: 'dannys-aot:hardened_stairs#facing=east,half=bottom,shape=outer_right,waterlogged=false'
[02:22:05] [Worker-ResourceReload-0/WARN] [minecraft/BlockStateModelLoader]: Exception loading blockstate definition: 'dannys-aot:blockstates/hardened_stairs.json' missing model for variant: 'dannys-aot:hardened_stairs#facing=east,half=bottom,shape=outer_right,waterlogged=true'
[02:22:05] [Worker-ResourceReload-0/WARN] [minecraft/BlockStateModelLoader]: Exception loading blockstate definition: 'dannys-aot:blockstates/hardened_stairs.json' missing model for variant: 'dannys-aot:hardened_stairs#facing=north,half=top,shape=inner_left,waterlogged=true'
[02:22:05] [Worker-ResourceReload-0/WARN] [minecraft/BlockStateModelLoader]: Exception loading blockstate definition: 'dannys-aot:blockstates/hardened_stairs.json' missing model for variant: 'dannys-aot:hardened_stairs#facing=north,half=bottom,shape=outer_left,waterlogged=true'
[02:22:05] [Worker-ResourceReload-0/WARN] [minecraft/BlockStateModelLoader]: Exception loading blockstate definition: 'dannys-aot:blockstates/hardened_stairs.json' missing model for variant: 'dannys-aot:hardened_stairs#facing=south,half=top,shape=outer_right,waterlogged=false'
[02:22:05] [Worker-ResourceReload-0/WARN] [minecraft/BlockStateModelLoader]: Exception loading blockstate definition: 'dannys-aot:blockstates/hardened_stairs.json' missing model for variant: 'dannys-aot:hardened_stairs#facing=west,half=bottom,shape=inner_left,waterlogged=false'
[02:22:05] [Worker-ResourceReload-0/WARN] [minecraft/BlockStateModelLoader]: Exception loading blockstate definition: 'dannys-aot:blockstates/hardened_stairs.json' missing model for variant: 'dannys-aot:hardened_stairs#facing=west,half=bottom,shape=outer_left,waterlogged=false'
[02:22:05] [Worker-ResourceReload-0/WARN] [minecraft/BlockStateModelLoader]: Exception loading blockstate definition: 'dannys-aot:blockstates/hardened_stairs.json' missing model for variant: 'dannys-aot:hardened_stairs#facing=north,half=top,shape=straight,waterlogged=true'
[02:22:05] [Worker-ResourceReload-0/WARN] [minecraft/BlockStateModelLoader]: Exception loading blockstate definition: 'dannys-aot:blockstates/hardened_stairs.json' missing model for variant: 'dannys-aot:hardened_stairs#facing=north,half=top,shape=outer_right,waterlogged=false'
[02:22:05] [Worker-ResourceReload-0/WARN] [minecraft/BlockStateModelLoader]: Exception loading blockstate definition: 'dannys-aot:blockstates/hardened_stairs.json' missing model for variant: 'dannys-aot:hardened_stairs#facing=south,half=top,shape=outer_left,waterlogged=false'
[02:22:05] [Worker-ResourceReload-0/WARN] [minecraft/BlockStateModelLoader]: Exception loading blockstate definition: 'dannys-aot:blockstates/hardened_stairs.json' missing model for variant: 'dannys-aot:hardened_stairs#facing=east,half=bottom,shape=outer_left,waterlogged=true'
[02:22:05] [Worker-ResourceReload-0/WARN] [minecraft/BlockStateModelLoader]: Exception loading blockstate definition: 'dannys-aot:blockstates/hardened_stairs.json' missing model for variant: 'dannys-aot:hardened_stairs#facing=east,half=bottom,shape=straight,waterlogged=true'
[02:22:05] [Worker-ResourceReload-0/WARN] [minecraft/BlockStateModelLoader]: Exception loading blockstate definition: 'dannys-aot:blockstates/hardened_stairs.json' missing model for variant: 'dannys-aot:hardened_stairs#facing=west,half=bottom,shape=outer_right,waterlogged=false'
[02:22:05] [Worker-ResourceReload-0/WARN] [minecraft/BlockStateModelLoader]: Exception loading blockstate definition: 'dannys-aot:blockstates/hardened_stairs.json' missing model for variant: 'dannys-aot:hardened_stairs#facing=west,half=top,shape=inner_left,waterlogged=false'
[02:22:05] [Worker-ResourceReload-0/WARN] [minecraft/BlockStateModelLoader]: Exception loading blockstate definition: 'dannys-aot:blockstates/hardened_stairs.json' missing model for variant: 'dannys-aot:hardened_stairs#facing=south,half=top,shape=outer_left,waterlogged=true'
[02:22:05] [Worker-ResourceReload-0/WARN] [minecraft/BlockStateModelLoader]: Exception loading blockstate definition: 'dannys-aot:blockstates/hardened_stairs.json' missing model for variant: 'dannys-aot:hardened_stairs#facing=east,half=top,shape=inner_right,waterlogged=false'
[02:22:05] [Worker-ResourceReload-0/WARN] [minecraft/BlockStateModelLoader]: Exception loading blockstate definition: 'dannys-aot:blockstates/hardened_stairs.json' missing model for variant: 'dannys-aot:hardened_stairs#facing=north,half=top,shape=straight,waterlogged=false'
[02:22:05] [Worker-ResourceReload-0/WARN] [minecraft/BlockStateModelLoader]: Exception loading blockstate definition: 'dannys-aot:blockstates/hardened_stairs.json' missing model for variant: 'dannys-aot:hardened_stairs#facing=north,half=bottom,shape=inner_right,waterlogged=true'
[02:22:05] [Worker-ResourceReload-0/WARN] [minecraft/BlockStateModelLoader]: Exception loading blockstate definition: 'dannys-aot:blockstates/ultra_hardened_block.json' missing model for variant: 'dannys-aot:ultra_hardened_block#'
[02:22:05] [Worker-ResourceReload-0/WARN] [minecraft/BlockStateModelLoader]: Exception loading blockstate definition: 'dannys-aot:blockstates/ultra_hardened_slab.json' missing model for variant: 'dannys-aot:ultra_hardened_slab#type=bottom,waterlogged=true'
[02:22:05] [Worker-ResourceReload-0/WARN] [minecraft/BlockStateModelLoader]: Exception loading blockstate definition: 'dannys-aot:blockstates/ultra_hardened_slab.json' missing model for variant: 'dannys-aot:ultra_hardened_slab#type=top,waterlogged=true'
[02:22:05] [Worker-ResourceReload-0/WARN] [minecraft/BlockStateModelLoader]: Exception loading blockstate definition: 'dannys-aot:blockstates/ultra_hardened_slab.json' missing model for variant: 'dannys-aot:ultra_hardened_slab#type=top,waterlogged=false'
[02:22:05] [Worker-ResourceReload-0/WARN] [minecraft/BlockStateModelLoader]: Exception loading blockstate definition: 'dannys-aot:blockstates/ultra_hardened_slab.json' missing model for variant: 'dannys-aot:ultra_hardened_slab#type=double,waterlogged=false'
[02:22:05] [Worker-ResourceReload-0/WARN] [minecraft/BlockStateModelLoader]: Exception loading blockstate definition: 'dannys-aot:blockstates/ultra_hardened_slab.json' missing model for variant: 'dannys-aot:ultra_hardened_slab#type=bottom,waterlogged=false'
[02:22:05] [Worker-ResourceReload-0/WARN] [minecraft/BlockStateModelLoader]: Exception loading blockstate definition: 'dannys-aot:blockstates/ultra_hardened_slab.json' missing model for variant: 'dannys-aot:ultra_hardened_slab#type=double,waterlogged=true'
[02:22:05] [Worker-ResourceReload-0/WARN] [minecraft/BlockStateModelLoader]: Exception loading blockstate definition: 'dannys-aot:blockstates/ultra_hardened_stairs.json' missing model for variant: 'dannys-aot:ultra_hardened_stairs#facing=east,half=bottom,shape=straight,waterlogged=false'
[02:22:05] [Worker-ResourceReload-0/WARN] [minecraft/BlockStateModelLoader]: Exception loading blockstate definition: 'dannys-aot:blockstates/ultra_hardened_stairs.json' missing model for variant: 'dannys-aot:ultra_hardened_stairs#facing=east,half=bottom,shape=inner_left,waterlogged=false'
[02:22:05] [Worker-ResourceReload-0/WARN] [minecraft/BlockStateModelLoader]: Exception loading blockstate definition: 'dannys-aot:blockstates/ultra_hardened_stairs.json' missing model for variant: 'dannys-aot:ultra_hardened_stairs#facing=south,half=bottom,shape=outer_left,waterlogged=false'
[02:22:05] [Worker-ResourceReload-0/WARN] [minecraft/BlockStateModelLoader]: Exception loading blockstate definition: 'dannys-aot:blockstates/ultra_hardened_stairs.json' missing model for variant: 'dannys-aot:ultra_hardened_stairs#facing=west,half=top,shape=straight,waterlogged=false'
[02:22:05] [Worker-ResourceReload-0/WARN] [minecraft/BlockStateModelLoader]: Exception loading blockstate definition: 'dannys-aot:blockstates/ultra_hardened_stairs.json' missing model for variant: 'dannys-aot:ultra_hardened_stairs#facing=west,half=bottom,shape=inner_left,waterlogged=true'
[02:22:05] [Worker-ResourceReload-0/WARN] [minecraft/BlockStateModelLoader]: Exception loading blockstate definition: 'dannys-aot:blockstates/ultra_hardened_stairs.json' missing model for variant: 'dannys-aot:ultra_hardened_stairs#facing=south,half=bottom,shape=straight,waterlogged=true'
[02:22:05] [Worker-ResourceReload-0/WARN] [minecraft/BlockStateModelLoader]: Exception loading blockstate definition: 'dannys-aot:blockstates/ultra_hardened_stairs.json' missing model for variant: 'dannys-aot:ultra_hardened_stairs#facing=south,half=top,shape=inner_right,waterlogged=true'
[02:22:05] [Worker-ResourceReload-0/WARN] [minecraft/BlockStateModelLoader]: Exception loading blockstate definition: 'dannys-aot:blockstates/ultra_hardened_stairs.json' missing model for variant: 'dannys-aot:ultra_hardened_stairs#facing=west,half=bottom,shape=outer_left,waterlogged=true'
[02:22:05] [Worker-ResourceReload-0/WARN] [minecraft/BlockStateModelLoader]: Exception loading blockstate definition: 'dannys-aot:blockstates/ultra_hardened_stairs.json' missing model for variant: 'dannys-aot:ultra_hardened_stairs#facing=north,half=bottom,shape=inner_left,waterlogged=false'
[02:22:05] [Worker-ResourceReload-0/WARN] [minecraft/BlockStateModelLoader]: Exception loading blockstate definition: 'dannys-aot:blockstates/ultra_hardened_stairs.json' missing model for variant: 'dannys-aot:ultra_hardened_stairs#facing=south,half=bottom,shape=inner_left,waterlogged=false'
[02:22:05] [Worker-ResourceReload-0/WARN] [minecraft/BlockStateModelLoader]: Exception loading blockstate definition: 'dannys-aot:blockstates/ultra_hardened_stairs.json' missing model for variant: 'dannys-aot:ultra_hardened_stairs#facing=west,half=top,shape=inner_left,waterlogged=false'
[02:22:05] [Worker-ResourceReload-0/WARN] [minecraft/BlockStateModelLoader]: Exception loading blockstate definition: 'dannys-aot:blockstates/ultra_hardened_stairs.json' missing model for variant: 'dannys-aot:ultra_hardened_stairs#facing=north,half=bottom,shape=inner_right,waterlogged=true'
[02:22:05] [Worker-ResourceReload-0/WARN] [minecraft/BlockStateModelLoader]: Exception loading blockstate definition: 'dannys-aot:blockstates/ultra_hardened_stairs.json' missing model for variant: 'dannys-aot:ultra_hardened_stairs#facing=south,half=top,shape=outer_left,waterlogged=true'
[02:22:05] [Worker-ResourceReload-0/WARN] [minecraft/BlockStateModelLoader]: Exception loading blockstate definition: 'dannys-aot:blockstates/ultra_hardened_stairs.json' missing model for variant: 'dannys-aot:ultra_hardened_stairs#facing=east,half=top,shape=outer_left,waterlogged=false'
[02:22:05] [Worker-ResourceReload-0/WARN] [minecraft/BlockStateModelLoader]: Exception loading blockstate definition: 'dannys-aot:blockstates/ultra_hardened_stairs.json' missing model for variant: 'dannys-aot:ultra_hardened_stairs#facing=north,half=bottom,shape=outer_left,waterlogged=false'
[02:22:05] [Worker-ResourceReload-0/WARN] [minecraft/BlockStateModelLoader]: Exception loading blockstate definition: 'dannys-aot:blockstates/ultra_hardened_stairs.json' missing model for variant: 'dannys-aot:ultra_hardened_stairs#facing=south,half=top,shape=outer_right,waterlogged=true'
[02:22:05] [Worker-ResourceReload-0/WARN] [minecraft/BlockStateModelLoader]: Exception loading blockstate definition: 'dannys-aot:blockstates/ultra_hardened_stairs.json' missing model for variant: 'dannys-aot:ultra_hardened_stairs#facing=south,half=top,shape=straight,waterlogged=true'
[02:22:05] [Worker-ResourceReload-0/WARN] [minecraft/BlockStateModelLoader]: Exception loading blockstate definition: 'dannys-aot:blockstates/ultra_hardened_stairs.json' missing model for variant: 'dannys-aot:ultra_hardened_stairs#facing=east,half=top,shape=inner_right,waterlogged=false'
[02:22:05] [Worker-ResourceReload-0/WARN] [minecraft/BlockStateModelLoader]: Exception loading blockstate definition: 'dannys-aot:blockstates/ultra_hardened_stairs.json' missing model for variant: 'dannys-aot:ultra_hardened_stairs#facing=west,half=top,shape=inner_right,waterlogged=false'
[02:22:05] [Worker-ResourceReload-0/WARN] [minecraft/BlockStateModelLoader]: Exception loading blockstate definition: 'dannys-aot:blockstates/ultra_hardened_stairs.json' missing model for variant: 'dannys-aot:ultra_hardened_stairs#facing=south,half=bottom,shape=outer_right,waterlogged=false'
[02:22:05] [Worker-ResourceReload-0/WARN] [minecraft/BlockStateModelLoader]: Exception loading blockstate definition: 'dannys-aot:blockstates/ultra_hardened_stairs.json' missing model for variant: 'dannys-aot:ultra_hardened_stairs#facing=east,half=bottom,shape=outer_right,waterlogged=false'
[02:22:05] [Worker-ResourceReload-0/WARN] [minecraft/BlockStateModelLoader]: Exception loading blockstate definition: 'dannys-aot:blockstates/ultra_hardened_stairs.json' missing model for variant: 'dannys-aot:ultra_hardened_stairs#facing=south,half=top,shape=outer_right,waterlogged=false'
[02:22:05] [Worker-ResourceReload-0/WARN] [minecraft/BlockStateModelLoader]: Exception loading blockstate definition: 'dannys-aot:blockstates/ultra_hardened_stairs.json' missing model for variant: 'dannys-aot:ultra_hardened_stairs#facing=west,half=bottom,shape=inner_left,waterlogged=false'
[02:22:05] [Worker-ResourceReload-0/WARN] [minecraft/BlockStateModelLoader]: Exception loading blockstate definition: 'dannys-aot:blockstates/ultra_hardened_stairs.json' missing model for variant: 'dannys-aot:ultra_hardened_stairs#facing=north,half=bottom,shape=outer_right,waterlogged=true'
[02:22:05] [Worker-ResourceReload-0/WARN] [minecraft/BlockStateModelLoader]: Exception loading blockstate definition: 'dannys-aot:blockstates/ultra_hardened_stairs.json' missing model for variant: 'dannys-aot:ultra_hardened_stairs#facing=east,half=top,shape=inner_right,waterlogged=true'
[02:22:05] [Worker-ResourceReload-0/WARN] [minecraft/BlockStateModelLoader]: Exception loading blockstate definition: 'dannys-aot:blockstates/ultra_hardened_stairs.json' missing model for variant: 'dannys-aot:ultra_hardened_stairs#facing=north,half=top,shape=straight,waterlogged=true'
[02:22:05] [Worker-ResourceReload-0/WARN] [minecraft/BlockStateModelLoader]: Exception loading blockstate definition: 'dannys-aot:blockstates/ultra_hardened_stairs.json' missing model for variant: 'dannys-aot:ultra_hardened_stairs#facing=north,half=top,shape=outer_right,waterlogged=true'
[02:22:05] [Worker-ResourceReload-0/WARN] [minecraft/BlockStateModelLoader]: Exception loading blockstate definition: 'dannys-aot:blockstates/ultra_hardened_stairs.json' missing model for variant: 'dannys-aot:ultra_hardened_stairs#facing=south,half=bottom,shape=inner_right,waterlogged=true'
[02:22:05] [Worker-ResourceReload-0/WARN] [minecraft/BlockStateModelLoader]: Exception loading blockstate definition: 'dannys-aot:blockstates/ultra_hardened_stairs.json' missing model for variant: 'dannys-aot:ultra_hardened_stairs#facing=east,half=bottom,shape=outer_left,waterlogged=false'
[02:22:05] [Worker-ResourceReload-0/WARN] [minecraft/BlockStateModelLoader]: Exception loading blockstate definition: 'dannys-aot:blockstates/ultra_hardened_stairs.json' missing model for variant: 'dannys-aot:ultra_hardened_stairs#facing=north,half=top,shape=inner_right,waterlogged=true'
[02:22:05] [Worker-ResourceReload-0/WARN] [minecraft/BlockStateModelLoader]: Exception loading blockstate definition: 'dannys-aot:blockstates/ultra_hardened_stairs.json' missing model for variant: 'dannys-aot:ultra_hardened_stairs#facing=west,half=bottom,shape=outer_left,waterlogged=false'
[02:22:05] [Worker-ResourceReload-0/WARN] [minecraft/BlockStateModelLoader]: Exception loading blockstate definition: 'dannys-aot:blockstates/ultra_hardened_stairs.json' missing model for variant: 'dannys-aot:ultra_hardened_stairs#facing=north,half=top,shape=outer_left,waterlogged=true'
[02:22:05] [Worker-ResourceReload-0/WARN] [minecraft/BlockStateModelLoader]: Exception loading blockstate definition: 'dannys-aot:blockstates/ultra_hardened_stairs.json' missing model for variant: 'dannys-aot:ultra_hardened_stairs#facing=west,half=top,shape=outer_left,waterlogged=false'
[02:22:05] [Worker-ResourceReload-0/WARN] [minecraft/BlockStateModelLoader]: Exception loading blockstate definition: 'dannys-aot:blockstates/ultra_hardened_stairs.json' missing model for variant: 'dannys-aot:ultra_hardened_stairs#facing=south,half=bottom,shape=outer_right,waterlogged=true'
[02:22:05] [Worker-ResourceReload-0/WARN] [minecraft/BlockStateModelLoader]: Exception loading blockstate definition: 'dannys-aot:blockstates/ultra_hardened_stairs.json' missing model for variant: 'dannys-aot:ultra_hardened_stairs#facing=west,half=bottom,shape=inner_right,waterlogged=false'
[02:22:05] [Worker-ResourceReload-0/WARN] [minecraft/BlockStateModelLoader]: Exception loading blockstate definition: 'dannys-aot:blockstates/ultra_hardened_stairs.json' missing model for variant: 'dannys-aot:ultra_hardened_stairs#facing=east,half=bottom,shape=inner_right,waterlogged=false'
[02:22:05] [Worker-ResourceReload-0/WARN] [minecraft/BlockStateModelLoader]: Exception loading blockstate definition: 'dannys-aot:blockstates/ultra_hardened_stairs.json' missing model for variant: 'dannys-aot:ultra_hardened_stairs#facing=south,half=top,shape=straight,waterlogged=false'
[02:22:05] [Worker-ResourceReload-0/WARN] [minecraft/BlockStateModelLoader]: Exception loading blockstate definition: 'dannys-aot:blockstates/ultra_hardened_stairs.json' missing model for variant: 'dannys-aot:ultra_hardened_stairs#facing=north,half=top,shape=straight,waterlogged=false'
[02:22:05] [Worker-ResourceReload-0/WARN] [minecraft/BlockStateModelLoader]: Exception loading blockstate definition: 'dannys-aot:blockstates/ultra_hardened_stairs.json' missing model for variant: 'dannys-aot:ultra_hardened_stairs#facing=south,half=top,shape=inner_right,waterlogged=false'
[02:22:05] [Worker-ResourceReload-0/WARN] [minecraft/BlockStateModelLoader]: Exception loading blockstate definition: 'dannys-aot:blockstates/ultra_hardened_stairs.json' missing model for variant: 'dannys-aot:ultra_hardened_stairs#facing=east,half=top,shape=straight,waterlogged=false'
[02:22:05] [Worker-ResourceReload-0/WARN] [minecraft/BlockStateModelLoader]: Exception loading blockstate definition: 'dannys-aot:blockstates/ultra_hardened_stairs.json' missing model for variant: 'dannys-aot:ultra_hardened_stairs#facing=west,half=top,shape=outer_right,waterlogged=false'
[02:22:05] [Worker-ResourceReload-0/WARN] [minecraft/BlockStateModelLoader]: Exception loading blockstate definition: 'dannys-aot:blockstates/ultra_hardened_stairs.json' missing model for variant: 'dannys-aot:ultra_hardened_stairs#facing=west,half=bottom,shape=straight,waterlogged=true'
[02:22:05] [Worker-ResourceReload-0/WARN] [minecraft/BlockStateModelLoader]: Exception loading blockstate definition: 'dannys-aot:blockstates/ultra_hardened_stairs.json' missing model for variant: 'dannys-aot:ultra_hardened_stairs#facing=west,half=bottom,shape=inner_right,waterlogged=true'
[02:22:05] [Worker-ResourceReload-0/WARN] [minecraft/BlockStateModelLoader]: Exception loading blockstate definition: 'dannys-aot:blockstates/ultra_hardened_stairs.json' missing model for variant: 'dannys-aot:ultra_hardened_stairs#facing=west,half=top,shape=inner_left,waterlogged=true'
[02:22:05] [Worker-ResourceReload-0/WARN] [minecraft/BlockStateModelLoader]: Exception loading blockstate definition: 'dannys-aot:blockstates/ultra_hardened_stairs.json' missing model for variant: 'dannys-aot:ultra_hardened_stairs#facing=north,half=top,shape=inner_right,waterlogged=false'
[02:22:05] [Worker-ResourceReload-0/WARN] [minecraft/BlockStateModelLoader]: Exception loading blockstate definition: 'dannys-aot:blockstates/ultra_hardened_stairs.json' missing model for variant: 'dannys-aot:ultra_hardened_stairs#facing=east,half=bottom,shape=straight,waterlogged=true'
[02:22:05] [Worker-ResourceReload-0/WARN] [minecraft/BlockStateModelLoader]: Exception loading blockstate definition: 'dannys-aot:blockstates/ultra_hardened_stairs.json' missing model for variant: 'dannys-aot:ultra_hardened_stairs#facing=west,half=bottom,shape=straight,waterlogged=false'
[02:22:05] [Worker-ResourceReload-0/WARN] [minecraft/BlockStateModelLoader]: Exception loading blockstate definition: 'dannys-aot:blockstates/ultra_hardened_stairs.json' missing model for variant: 'dannys-aot:ultra_hardened_stairs#facing=west,half=bottom,shape=outer_right,waterlogged=false'
[02:22:05] [Worker-ResourceReload-0/WARN] [minecraft/BlockStateModelLoader]: Exception loading blockstate definition: 'dannys-aot:blockstates/ultra_hardened_stairs.json' missing model for variant: 'dannys-aot:ultra_hardened_stairs#facing=east,half=top,shape=inner_left,waterlogged=true'
[02:22:05] [Worker-ResourceReload-0/WARN] [minecraft/BlockStateModelLoader]: Exception loading blockstate definition: 'dannys-aot:blockstates/ultra_hardened_stairs.json' missing model for variant: 'dannys-aot:ultra_hardened_stairs#facing=north,half=top,shape=inner_left,waterlogged=false'
[02:22:05] [Worker-ResourceReload-0/WARN] [minecraft/BlockStateModelLoader]: Exception loading blockstate definition: 'dannys-aot:blockstates/ultra_hardened_stairs.json' missing model for variant: 'dannys-aot:ultra_hardened_stairs#facing=north,half=bottom,shape=straight,waterlogged=false'
[02:22:05] [Worker-ResourceReload-0/WARN] [minecraft/BlockStateModelLoader]: Exception loading blockstate definition: 'dannys-aot:blockstates/ultra_hardened_stairs.json' missing model for variant: 'dannys-aot:ultra_hardened_stairs#facing=north,half=bottom,shape=outer_left,waterlogged=true'
[02:22:05] [Worker-ResourceReload-0/WARN] [minecraft/BlockStateModelLoader]: Exception loading blockstate definition: 'dannys-aot:blockstates/ultra_hardened_stairs.json' missing model for variant: 'dannys-aot:ultra_hardened_stairs#facing=south,half=bottom,shape=inner_left,waterlogged=true'
[02:22:05] [Worker-ResourceReload-0/WARN] [minecraft/BlockStateModelLoader]: Exception loading blockstate definition: 'dannys-aot:blockstates/ultra_hardened_stairs.json' missing model for variant: 'dannys-aot:ultra_hardened_stairs#facing=east,half=top,shape=outer_right,waterlogged=true'
[02:22:05] [Worker-ResourceReload-0/WARN] [minecraft/BlockStateModelLoader]: Exception loading blockstate definition: 'dannys-aot:blockstates/ultra_hardened_stairs.json' missing model for variant: 'dannys-aot:ultra_hardened_stairs#facing=north,half=top,shape=outer_right,waterlogged=false'
[02:22:05] [Worker-ResourceReload-0/WARN] [minecraft/BlockStateModelLoader]: Exception loading blockstate definition: 'dannys-aot:blockstates/ultra_hardened_stairs.json' missing model for variant: 'dannys-aot:ultra_hardened_stairs#facing=east,half=bottom,shape=inner_right,waterlogged=true'
[02:22:05] [Worker-ResourceReload-0/WARN] [minecraft/BlockStateModelLoader]: Exception loading blockstate definition: 'dannys-aot:blockstates/ultra_hardened_stairs.json' missing model for variant: 'dannys-aot:ultra_hardened_stairs#facing=north,half=bottom,shape=straight,waterlogged=true'
[02:22:05] [Worker-ResourceReload-0/WARN] [minecraft/BlockStateModelLoader]: Exception loading blockstate definition: 'dannys-aot:blockstates/ultra_hardened_stairs.json' missing model for variant: 'dannys-aot:ultra_hardened_stairs#facing=north,half=bottom,shape=outer_right,waterlogged=false'
[02:22:05] [Worker-ResourceReload-0/WARN] [minecraft/BlockStateModelLoader]: Exception loading blockstate definition: 'dannys-aot:blockstates/ultra_hardened_stairs.json' missing model for variant: 'dannys-aot:ultra_hardened_stairs#facing=east,half=bottom,shape=outer_left,waterlogged=true'
[02:22:05] [Worker-ResourceReload-0/WARN] [minecraft/BlockStateModelLoader]: Exception loading blockstate definition: 'dannys-aot:blockstates/ultra_hardened_stairs.json' missing model for variant: 'dannys-aot:ultra_hardened_stairs#facing=north,half=top,shape=inner_left,waterlogged=true'
[02:22:05] [Worker-ResourceReload-0/WARN] [minecraft/BlockStateModelLoader]: Exception loading blockstate definition: 'dannys-aot:blockstates/ultra_hardened_stairs.json' missing model for variant: 'dannys-aot:ultra_hardened_stairs#facing=east,half=bottom,shape=inner_left,waterlogged=true'
[02:22:05] [Worker-ResourceReload-0/WARN] [minecraft/BlockStateModelLoader]: Exception loading blockstate definition: 'dannys-aot:blockstates/ultra_hardened_stairs.json' missing model for variant: 'dannys-aot:ultra_hardened_stairs#facing=south,half=top,shape=outer_left,waterlogged=false'
[02:22:05] [Worker-ResourceReload-0/WARN] [minecraft/BlockStateModelLoader]: Exception loading blockstate definition: 'dannys-aot:blockstates/ultra_hardened_stairs.json' missing model for variant: 'dannys-aot:ultra_hardened_stairs#facing=west,half=top,shape=straight,waterlogged=true'
[02:22:05] [Worker-ResourceReload-0/WARN] [minecraft/BlockStateModelLoader]: Exception loading blockstate definition: 'dannys-aot:blockstates/ultra_hardened_stairs.json' missing model for variant: 'dannys-aot:ultra_hardened_stairs#facing=south,half=bottom,shape=straight,waterlogged=false'
[02:22:05] [Worker-ResourceReload-0/WARN] [minecraft/BlockStateModelLoader]: Exception loading blockstate definition: 'dannys-aot:blockstates/ultra_hardened_stairs.json' missing model for variant: 'dannys-aot:ultra_hardened_stairs#facing=west,half=top,shape=outer_right,waterlogged=true'
[02:22:05] [Worker-ResourceReload-0/WARN] [minecraft/BlockStateModelLoader]: Exception loading blockstate definition: 'dannys-aot:blockstates/ultra_hardened_stairs.json' missing model for variant: 'dannys-aot:ultra_hardened_stairs#facing=north,half=bottom,shape=inner_right,waterlogged=false'
[02:22:05] [Worker-ResourceReload-0/WARN] [minecraft/BlockStateModelLoader]: Exception loading blockstate definition: 'dannys-aot:blockstates/ultra_hardened_stairs.json' missing model for variant: 'dannys-aot:ultra_hardened_stairs#facing=north,half=top,shape=outer_left,waterlogged=false'
[02:22:05] [Worker-ResourceReload-0/WARN] [minecraft/BlockStateModelLoader]: Exception loading blockstate definition: 'dannys-aot:blockstates/ultra_hardened_stairs.json' missing model for variant: 'dannys-aot:ultra_hardened_stairs#facing=west,half=top,shape=inner_right,waterlogged=true'
[02:22:05] [Worker-ResourceReload-0/WARN] [minecraft/BlockStateModelLoader]: Exception loading blockstate definition: 'dannys-aot:blockstates/ultra_hardened_stairs.json' missing model for variant: 'dannys-aot:ultra_hardened_stairs#facing=west,half=top,shape=outer_left,waterlogged=true'
[02:22:05] [Worker-ResourceReload-0/WARN] [minecraft/BlockStateModelLoader]: Exception loading blockstate definition: 'dannys-aot:blockstates/ultra_hardened_stairs.json' missing model for variant: 'dannys-aot:ultra_hardened_stairs#facing=west,half=bottom,shape=outer_right,waterlogged=true'
[02:22:05] [Worker-ResourceReload-0/WARN] [minecraft/BlockStateModelLoader]: Exception loading blockstate definition: 'dannys-aot:blockstates/ultra_hardened_stairs.json' missing model for variant: 'dannys-aot:ultra_hardened_stairs#facing=east,half=top,shape=inner_left,waterlogged=false'
[02:22:05] [Worker-ResourceReload-0/WARN] [minecraft/BlockStateModelLoader]: Exception loading blockstate definition: 'dannys-aot:blockstates/ultra_hardened_stairs.json' missing model for variant: 'dannys-aot:ultra_hardened_stairs#facing=south,half=top,shape=inner_left,waterlogged=false'
[02:22:05] [Worker-ResourceReload-0/WARN] [minecraft/BlockStateModelLoader]: Exception loading blockstate definition: 'dannys-aot:blockstates/ultra_hardened_stairs.json' missing model for variant: 'dannys-aot:ultra_hardened_stairs#facing=south,half=bottom,shape=inner_right,waterlogged=false'
[02:22:05] [Worker-ResourceReload-0/WARN] [minecraft/BlockStateModelLoader]: Exception loading blockstate definition: 'dannys-aot:blockstates/ultra_hardened_stairs.json' missing model for variant: 'dannys-aot:ultra_hardened_stairs#facing=south,half=bottom,shape=outer_left,waterlogged=true'
[02:22:05] [Worker-ResourceReload-0/WARN] [minecraft/BlockStateModelLoader]: Exception loading blockstate definition: 'dannys-aot:blockstates/ultra_hardened_stairs.json' missing model for variant: 'dannys-aot:ultra_hardened_stairs#facing=north,half=bottom,shape=inner_left,waterlogged=true'
[02:22:05] [Worker-ResourceReload-0/WARN] [minecraft/BlockStateModelLoader]: Exception loading blockstate definition: 'dannys-aot:blockstates/ultra_hardened_stairs.json' missing model for variant: 'dannys-aot:ultra_hardened_stairs#facing=east,half=top,shape=outer_left,waterlogged=true'
[02:22:05] [Worker-ResourceReload-0/WARN] [minecraft/BlockStateModelLoader]: Exception loading blockstate definition: 'dannys-aot:blockstates/ultra_hardened_stairs.json' missing model for variant: 'dannys-aot:ultra_hardened_stairs#facing=east,half=bottom,shape=outer_right,waterlogged=true'
[02:22:05] [Worker-ResourceReload-0/WARN] [minecraft/BlockStateModelLoader]: Exception loading blockstate definition: 'dannys-aot:blockstates/ultra_hardened_stairs.json' missing model for variant: 'dannys-aot:ultra_hardened_stairs#facing=south,half=top,shape=inner_left,waterlogged=true'
[02:22:05] [Worker-ResourceReload-0/WARN] [minecraft/BlockStateModelLoader]: Exception loading blockstate definition: 'dannys-aot:blockstates/ultra_hardened_stairs.json' missing model for variant: 'dannys-aot:ultra_hardened_stairs#facing=east,half=top,shape=straight,waterlogged=true'
[02:22:05] [Worker-ResourceReload-0/WARN] [minecraft/BlockStateModelLoader]: Exception loading blockstate definition: 'dannys-aot:blockstates/ultra_hardened_stairs.json' missing model for variant: 'dannys-aot:ultra_hardened_stairs#facing=east,half=top,shape=outer_right,waterlogged=false'
[02:22:05] [Worker-ResourceReload-0/WARN] [minecraft/BlockStateModelLoader]: Exception loading blockstate definition: 'dannys-aot:blockstates/block_of_iceburst.json' missing model for variant: 'dannys-aot:block_of_iceburst#'
[02:22:05] [Worker-ResourceReload-0/WARN] [minecraft/BlockStateModelLoader]: Exception loading blockstate definition: 'dannys-aot:blockstates/bamboo_leaves.json' missing model for variant: 'dannys-aot:bamboo_leaves#distance=6,persistent=true,waterlogged=false'
[02:22:05] [Worker-ResourceReload-0/WARN] [minecraft/BlockStateModelLoader]: Exception loading blockstate definition: 'dannys-aot:blockstates/bamboo_leaves.json' missing model for variant: 'dannys-aot:bamboo_leaves#distance=2,persistent=false,waterlogged=false'
[02:22:05] [Worker-ResourceReload-0/WARN] [minecraft/BlockStateModelLoader]: Exception loading blockstate definition: 'dannys-aot:blockstates/bamboo_leaves.json' missing model for variant: 'dannys-aot:bamboo_leaves#distance=6,persistent=false,waterlogged=true'
[02:22:05] [Worker-ResourceReload-0/WARN] [minecraft/BlockStateModelLoader]: Exception loading blockstate definition: 'dannys-aot:blockstates/bamboo_leaves.json' missing model for variant: 'dannys-aot:bamboo_leaves#distance=6,persistent=false,waterlogged=false'
[02:22:05] [Worker-ResourceReload-0/WARN] [minecraft/BlockStateModelLoader]: Exception loading blockstate definition: 'dannys-aot:blockstates/bamboo_leaves.json' missing model for variant: 'dannys-aot:bamboo_leaves#distance=2,persistent=true,waterlogged=true'
[02:22:05] [Worker-ResourceReload-0/WARN] [minecraft/BlockStateModelLoader]: Exception loading blockstate definition: 'dannys-aot:blockstates/bamboo_leaves.json' missing model for variant: 'dannys-aot:bamboo_leaves#distance=1,persistent=true,waterlogged=true'
[02:22:05] [Worker-ResourceReload-0/WARN] [minecraft/BlockStateModelLoader]: Exception loading blockstate definition: 'dannys-aot:blockstates/bamboo_leaves.json' missing model for variant: 'dannys-aot:bamboo_leaves#distance=3,persistent=true,waterlogged=false'
[02:22:05] [Worker-ResourceReload-0/WARN] [minecraft/BlockStateModelLoader]: Exception loading blockstate definition: 'dannys-aot:blockstates/bamboo_leaves.json' missing model for variant: 'dannys-aot:bamboo_leaves#distance=3,persistent=false,waterlogged=true'
[02:22:05] [Worker-ResourceReload-0/WARN] [minecraft/BlockStateModelLoader]: Exception loading blockstate definition: 'dannys-aot:blockstates/bamboo_leaves.json' missing model for variant: 'dannys-aot:bamboo_leaves#distance=4,persistent=false,waterlogged=false'
[02:22:05] [Worker-ResourceReload-0/WARN] [minecraft/BlockStateModelLoader]: Exception loading blockstate definition: 'dannys-aot:blockstates/bamboo_leaves.json' missing model for variant: 'dannys-aot:bamboo_leaves#distance=1,persistent=false,waterlogged=true'
[02:22:05] [Worker-ResourceReload-0/WARN] [minecraft/BlockStateModelLoader]: Exception loading blockstate definition: 'dannys-aot:blockstates/bamboo_leaves.json' missing model for variant: 'dannys-aot:bamboo_leaves#distance=4,persistent=false,waterlogged=true'
[02:22:05] [Worker-ResourceReload-0/WARN] [minecraft/BlockStateModelLoader]: Exception loading blockstate definition: 'dannys-aot:blockstates/bamboo_leaves.json' missing model for variant: 'dannys-aot:bamboo_leaves#distance=1,persistent=true,waterlogged=false'
[02:22:05] [Worker-ResourceReload-0/WARN] [minecraft/BlockStateModelLoader]: Exception loading blockstate definition: 'dannys-aot:blockstates/bamboo_leaves.json' missing model for variant: 'dannys-aot:bamboo_leaves#distance=3,persistent=true,waterlogged=true'
[02:22:05] [Worker-ResourceReload-0/WARN] [minecraft/BlockStateModelLoader]: Exception loading blockstate definition: 'dannys-aot:blockstates/bamboo_leaves.json' missing model for variant: 'dannys-aot:bamboo_leaves#distance=4,persistent=true,waterlogged=true'
[02:22:05] [Worker-ResourceReload-0/WARN] [minecraft/BlockStateModelLoader]: Exception loading blockstate definition: 'dannys-aot:blockstates/bamboo_leaves.json' missing model for variant: 'dannys-aot:bamboo_leaves#distance=5,persistent=true,waterlogged=true'
[02:22:05] [Worker-ResourceReload-0/WARN] [minecraft/BlockStateModelLoader]: Exception loading blockstate definition: 'dannys-aot:blockstates/bamboo_leaves.json' missing model for variant: 'dannys-aot:bamboo_leaves#distance=6,persistent=true,waterlogged=true'
[02:22:05] [Worker-ResourceReload-0/WARN] [minecraft/BlockStateModelLoader]: Exception loading blockstate definition: 'dannys-aot:blockstates/bamboo_leaves.json' missing model for variant: 'dannys-aot:bamboo_leaves#distance=7,persistent=true,waterlogged=true'
[02:22:05] [Worker-ResourceReload-0/WARN] [minecraft/BlockStateModelLoader]: Exception loading blockstate definition: 'dannys-aot:blockstates/bamboo_leaves.json' missing model for variant: 'dannys-aot:bamboo_leaves#distance=3,persistent=false,waterlogged=false'
[02:22:05] [Worker-ResourceReload-0/WARN] [minecraft/BlockStateModelLoader]: Exception loading blockstate definition: 'dannys-aot:blockstates/bamboo_leaves.json' missing model for variant: 'dannys-aot:bamboo_leaves#distance=2,persistent=false,waterlogged=true'
[02:22:05] [Worker-ResourceReload-0/WARN] [minecraft/BlockStateModelLoader]: Exception loading blockstate definition: 'dannys-aot:blockstates/bamboo_leaves.json' missing model for variant: 'dannys-aot:bamboo_leaves#distance=7,persistent=false,waterlogged=false'
[02:22:05] [Worker-ResourceReload-0/WARN] [minecraft/BlockStateModelLoader]: Exception loading blockstate definition: 'dannys-aot:blockstates/bamboo_leaves.json' missing model for variant: 'dannys-aot:bamboo_leaves#distance=1,persistent=false,waterlogged=false'
[02:22:05] [Worker-ResourceReload-0/WARN] [minecraft/BlockStateModelLoader]: Exception loading blockstate definition: 'dannys-aot:blockstates/bamboo_leaves.json' missing model for variant: 'dannys-aot:bamboo_leaves#distance=7,persistent=false,waterlogged=true'
[02:22:05] [Worker-ResourceReload-0/WARN] [minecraft/BlockStateModelLoader]: Exception loading blockstate definition: 'dannys-aot:blockstates/bamboo_leaves.json' missing model for variant: 'dannys-aot:bamboo_leaves#distance=5,persistent=true,waterlogged=false'
[02:22:05] [Worker-ResourceReload-0/WARN] [minecraft/BlockStateModelLoader]: Exception loading blockstate definition: 'dannys-aot:blockstates/bamboo_leaves.json' missing model for variant: 'dannys-aot:bamboo_leaves#distance=5,persistent=false,waterlogged=false'
[02:22:05] [Worker-ResourceReload-0/WARN] [minecraft/BlockStateModelLoader]: Exception loading blockstate definition: 'dannys-aot:blockstates/bamboo_leaves.json' missing model for variant: 'dannys-aot:bamboo_leaves#distance=4,persistent=true,waterlogged=false'
[02:22:05] [Worker-ResourceReload-0/WARN] [minecraft/BlockStateModelLoader]: Exception loading blockstate definition: 'dannys-aot:blockstates/bamboo_leaves.json' missing model for variant: 'dannys-aot:bamboo_leaves#distance=7,persistent=true,waterlogged=false'
[02:22:05] [Worker-ResourceReload-0/WARN] [minecraft/BlockStateModelLoader]: Exception loading blockstate definition: 'dannys-aot:blockstates/bamboo_leaves.json' missing model for variant: 'dannys-aot:bamboo_leaves#distance=2,persistent=true,waterlogged=false'
[02:22:05] [Worker-ResourceReload-0/WARN] [minecraft/BlockStateModelLoader]: Exception loading blockstate definition: 'dannys-aot:blockstates/bamboo_leaves.json' missing model for variant: 'dannys-aot:bamboo_leaves#distance=5,persistent=false,waterlogged=true'
[02:22:05] [Worker-ResourceReload-0/WARN] [minecraft/BlockStateModelLoader]: Exception loading blockstate definition: 'dannys-aot:blockstates/iron_bamboo_sapling.json' missing model for variant: 'dannys-aot:iron_bamboo_sapling#'
[02:22:05] [Worker-ResourceReload-0/WARN] [minecraft/BlockStateModelLoader]: Exception loading blockstate definition: 'dannys-aot:blockstates/iron_bamboo.json' missing model for variant: 'dannys-aot:iron_bamboo#age=1,leaves=small,stage=1'
[02:22:05] [Worker-ResourceReload-0/WARN] [minecraft/BlockStateModelLoader]: Exception loading blockstate definition: 'dannys-aot:blockstates/iron_bamboo.json' missing model for variant: 'dannys-aot:iron_bamboo#age=0,leaves=large,stage=1'
[02:22:05] [Worker-ResourceReload-0/WARN] [minecraft/BlockStateModelLoader]: Exception loading blockstate definition: 'dannys-aot:blockstates/iron_bamboo.json' missing model for variant: 'dannys-aot:iron_bamboo#age=0,leaves=large,stage=0'
[02:22:05] [Worker-ResourceReload-0/WARN] [minecraft/BlockStateModelLoader]: Exception loading blockstate definition: 'dannys-aot:blockstates/iron_bamboo.json' missing model for variant: 'dannys-aot:iron_bamboo#age=1,leaves=small,stage=0'
[02:22:05] [Worker-ResourceReload-0/WARN] [minecraft/BlockStateModelLoader]: Exception loading blockstate definition: 'dannys-aot:blockstates/iron_bamboo.json' missing model for variant: 'dannys-aot:iron_bamboo#age=1,leaves=none,stage=0'
[02:22:05] [Worker-ResourceReload-0/WARN] [minecraft/BlockStateModelLoader]: Exception loading blockstate definition: 'dannys-aot:blockstates/iron_bamboo.json' missing model for variant: 'dannys-aot:iron_bamboo#age=1,leaves=none,stage=1'
[02:22:05] [Worker-ResourceReload-0/WARN] [minecraft/BlockStateModelLoader]: Exception loading blockstate definition: 'dannys-aot:blockstates/iron_bamboo.json' missing model for variant: 'dannys-aot:iron_bamboo#age=0,leaves=none,stage=1'
[02:22:05] [Worker-ResourceReload-0/WARN] [minecraft/BlockStateModelLoader]: Exception loading blockstate definition: 'dannys-aot:blockstates/iron_bamboo.json' missing model for variant: 'dannys-aot:iron_bamboo#age=0,leaves=none,stage=0'
[02:22:05] [Worker-ResourceReload-0/WARN] [minecraft/BlockStateModelLoader]: Exception loading blockstate definition: 'dannys-aot:blockstates/iron_bamboo.json' missing model for variant: 'dannys-aot:iron_bamboo#age=1,leaves=large,stage=1'
[02:22:05] [Worker-ResourceReload-0/WARN] [minecraft/BlockStateModelLoader]: Exception loading blockstate definition: 'dannys-aot:blockstates/iron_bamboo.json' missing model for variant: 'dannys-aot:iron_bamboo#age=0,leaves=small,stage=0'
[02:22:05] [Worker-ResourceReload-0/WARN] [minecraft/BlockStateModelLoader]: Exception loading blockstate definition: 'dannys-aot:blockstates/iron_bamboo.json' missing model for variant: 'dannys-aot:iron_bamboo#age=1,leaves=large,stage=0'
[02:22:05] [Worker-ResourceReload-0/WARN] [minecraft/BlockStateModelLoader]: Exception loading blockstate definition: 'dannys-aot:blockstates/iron_bamboo.json' missing model for variant: 'dannys-aot:iron_bamboo#age=0,leaves=small,stage=1'
[02:22:05] [Worker-ResourceReload-0/WARN] [minecraft/BlockStateModelLoader]: Exception loading blockstate definition: 'dannys-aot:blockstates/iceburst_furnace.json' missing model for variant: 'dannys-aot:iceburst_furnace#facing=south,lit=false'
[02:22:05] [Worker-ResourceReload-0/WARN] [minecraft/BlockStateModelLoader]: Exception loading blockstate definition: 'dannys-aot:blockstates/iceburst_furnace.json' missing model for variant: 'dannys-aot:iceburst_furnace#facing=west,lit=true'
[02:22:05] [Worker-ResourceReload-0/WARN] [minecraft/BlockStateModelLoader]: Exception loading blockstate definition: 'dannys-aot:blockstates/iceburst_furnace.json' missing model for variant: 'dannys-aot:iceburst_furnace#facing=east,lit=true'
[02:22:05] [Worker-ResourceReload-0/WARN] [minecraft/BlockStateModelLoader]: Exception loading blockstate definition: 'dannys-aot:blockstates/iceburst_furnace.json' missing model for variant: 'dannys-aot:iceburst_furnace#facing=east,lit=false'
[02:22:05] [Worker-ResourceReload-0/WARN] [minecraft/BlockStateModelLoader]: Exception loading blockstate definition: 'dannys-aot:blockstates/iceburst_furnace.json' missing model for variant: 'dannys-aot:iceburst_furnace#facing=north,lit=true'
[02:22:05] [Worker-ResourceReload-0/WARN] [minecraft/BlockStateModelLoader]: Exception loading blockstate definition: 'dannys-aot:blockstates/iceburst_furnace.json' missing model for variant: 'dannys-aot:iceburst_furnace#facing=west,lit=false'
[02:22:05] [Worker-ResourceReload-0/WARN] [minecraft/BlockStateModelLoader]: Exception loading blockstate definition: 'dannys-aot:blockstates/iceburst_furnace.json' missing model for variant: 'dannys-aot:iceburst_furnace#facing=south,lit=true'
[02:22:05] [Worker-ResourceReload-0/WARN] [minecraft/BlockStateModelLoader]: Exception loading blockstate definition: 'dannys-aot:blockstates/iceburst_furnace.json' missing model for variant: 'dannys-aot:iceburst_furnace#facing=north,lit=false'
[02:22:05] [Worker-ResourceReload-0/WARN] [minecraft/BlockStateModelLoader]: Exception loading blockstate definition: 'dannys-aot:blockstates/paradis_portal.json' missing model for variant: 'dannys-aot:paradis_portal#'
[02:22:05] [Worker-ResourceReload-0/WARN] [minecraft/BlockStateModelLoader]: Exception loading blockstate definition: 'dannys-aot:blockstates/titan_dummy.json' missing model for variant: 'dannys-aot:titan_dummy#center=true'
[02:22:05] [Worker-ResourceReload-0/WARN] [minecraft/BlockStateModelLoader]: Exception loading blockstate definition: 'dannys-aot:blockstates/titan_dummy.json' missing model for variant: 'dannys-aot:titan_dummy#center=false'
[02:22:05] [Worker-ResourceReload-0/WARN] [minecraft/BlockStateModelLoader]: Exception loading blockstate definition: 'dannys-aot:blockstates/regiment_banner.json' missing model for variant: 'dannys-aot:regiment_banner#rotation=5'
[02:22:05] [Worker-ResourceReload-0/WARN] [minecraft/BlockStateModelLoader]: Exception loading blockstate definition: 'dannys-aot:blockstates/regiment_banner.json' missing model for variant: 'dannys-aot:regiment_banner#rotation=6'
[02:22:05] [Worker-ResourceReload-0/WARN] [minecraft/BlockStateModelLoader]: Exception loading blockstate definition: 'dannys-aot:blockstates/regiment_banner.json' missing model for variant: 'dannys-aot:regiment_banner#rotation=3'
[02:22:05] [Worker-ResourceReload-0/WARN] [minecraft/BlockStateModelLoader]: Exception loading blockstate definition: 'dannys-aot:blockstates/regiment_banner.json' missing model for variant: 'dannys-aot:regiment_banner#rotation=4'
[02:22:05] [Worker-ResourceReload-0/WARN] [minecraft/BlockStateModelLoader]: Exception loading blockstate definition: 'dannys-aot:blockstates/regiment_banner.json' missing model for variant: 'dannys-aot:regiment_banner#rotation=1'
[02:22:05] [Worker-ResourceReload-0/WARN] [minecraft/BlockStateModelLoader]: Exception loading blockstate definition: 'dannys-aot:blockstates/regiment_banner.json' missing model for variant: 'dannys-aot:regiment_banner#rotation=2'
[02:22:05] [Worker-ResourceReload-0/WARN] [minecraft/BlockStateModelLoader]: Exception loading blockstate definition: 'dannys-aot:blockstates/regiment_banner.json' missing model for variant: 'dannys-aot:regiment_banner#rotation=0'
[02:22:05] [Worker-ResourceReload-0/WARN] [minecraft/BlockStateModelLoader]: Exception loading blockstate definition: 'dannys-aot:blockstates/regiment_banner.json' missing model for variant: 'dannys-aot:regiment_banner#rotation=13'
[02:22:05] [Worker-ResourceReload-0/WARN] [minecraft/BlockStateModelLoader]: Exception loading blockstate definition: 'dannys-aot:blockstates/regiment_banner.json' missing model for variant: 'dannys-aot:regiment_banner#rotation=12'
[02:22:05] [Worker-ResourceReload-0/WARN] [minecraft/BlockStateModelLoader]: Exception loading blockstate definition: 'dannys-aot:blockstates/regiment_banner.json' missing model for variant: 'dannys-aot:regiment_banner#rotation=15'
[02:22:05] [Worker-ResourceReload-0/WARN] [minecraft/BlockStateModelLoader]: Exception loading blockstate definition: 'dannys-aot:blockstates/regiment_banner.json' missing model for variant: 'dannys-aot:regiment_banner#rotation=14'
[02:22:05] [Worker-ResourceReload-0/WARN] [minecraft/BlockStateModelLoader]: Exception loading blockstate definition: 'dannys-aot:blockstates/regiment_banner.json' missing model for variant: 'dannys-aot:regiment_banner#rotation=11'
[02:22:05] [Worker-ResourceReload-0/WARN] [minecraft/BlockStateModelLoader]: Exception loading blockstate definition: 'dannys-aot:blockstates/regiment_banner.json' missing model for variant: 'dannys-aot:regiment_banner#rotation=10'
[02:22:05] [Worker-ResourceReload-0/WARN] [minecraft/BlockStateModelLoader]: Exception loading blockstate definition: 'dannys-aot:blockstates/regiment_banner.json' missing model for variant: 'dannys-aot:regiment_banner#rotation=9'
[02:22:05] [Worker-ResourceReload-0/WARN] [minecraft/BlockStateModelLoader]: Exception loading blockstate definition: 'dannys-aot:blockstates/regiment_banner.json' missing model for variant: 'dannys-aot:regiment_banner#rotation=7'
[02:22:05] [Worker-ResourceReload-0/WARN] [minecraft/BlockStateModelLoader]: Exception loading blockstate definition: 'dannys-aot:blockstates/regiment_banner.json' missing model for variant: 'dannys-aot:regiment_banner#rotation=8'
[02:22:05] [Worker-ResourceReload-0/WARN] [minecraft/BlockStateModelLoader]: Exception loading blockstate definition: 'dannys-aot:blockstates/wall_regiment_banner.json' missing model for variant: 'dannys-aot:wall_regiment_banner#facing=east'
[02:22:05] [Worker-ResourceReload-0/WARN] [minecraft/BlockStateModelLoader]: Exception loading blockstate definition: 'dannys-aot:blockstates/wall_regiment_banner.json' missing model for variant: 'dannys-aot:wall_regiment_banner#facing=west'
[02:22:05] [Worker-ResourceReload-0/WARN] [minecraft/BlockStateModelLoader]: Exception loading blockstate definition: 'dannys-aot:blockstates/wall_regiment_banner.json' missing model for variant: 'dannys-aot:wall_regiment_banner#facing=north'
[02:22:05] [Worker-ResourceReload-0/WARN] [minecraft/BlockStateModelLoader]: Exception loading blockstate definition: 'dannys-aot:blockstates/wall_regiment_banner.json' missing model for variant: 'dannys-aot:wall_regiment_banner#facing=south'
[02:22:05] [Worker-ResourceReload-0/WARN] [minecraft/BlockStateModelLoader]: Exception loading blockstate definition: 'dannys-aot:blockstates/armor_potion_block.json' missing model for variant: 'dannys-aot:armor_potion_block#'
[02:22:05] [Worker-ResourceReload-0/WARN] [minecraft/BlockStateModelLoader]: Exception loading blockstate definition: 'dannys-aot:blockstates/strws.json' missing model for variant: 'dannys-aot:strws#facing=west'
[02:22:05] [Worker-ResourceReload-0/WARN] [minecraft/BlockStateModelLoader]: Exception loading blockstate definition: 'dannys-aot:blockstates/strws.json' missing model for variant: 'dannys-aot:strws#facing=north'
[02:22:05] [Worker-ResourceReload-0/WARN] [minecraft/BlockStateModelLoader]: Exception loading blockstate definition: 'dannys-aot:blockstates/strws.json' missing model for variant: 'dannys-aot:strws#facing=east'
[02:22:05] [Worker-ResourceReload-0/WARN] [minecraft/BlockStateModelLoader]: Exception loading blockstate definition: 'dannys-aot:blockstates/strws.json' missing model for variant: 'dannys-aot:strws#facing=south'
[02:22:05] [Worker-ResourceReload-0/WARN] [minecraft/BlockStateModelLoader]: Exception loading blockstate definition: 'dannys-aot:blockstates/strws_part.json' missing model for variant: 'dannys-aot:strws_part#facing=south,lat_off=2,y_off=2'
[02:22:05] [Worker-ResourceReload-0/WARN] [minecraft/BlockStateModelLoader]: Exception loading blockstate definition: 'dannys-aot:blockstates/strws_part.json' missing model for variant: 'dannys-aot:strws_part#facing=north,lat_off=1,y_off=2'
[02:22:05] [Worker-ResourceReload-0/WARN] [minecraft/BlockStateModelLoader]: Exception loading blockstate definition: 'dannys-aot:blockstates/strws_part.json' missing model for variant: 'dannys-aot:strws_part#facing=south,lat_off=2,y_off=1'
[02:22:05] [Worker-ResourceReload-0/WARN] [minecraft/BlockStateModelLoader]: Exception loading blockstate definition: 'dannys-aot:blockstates/strws_part.json' missing model for variant: 'dannys-aot:strws_part#facing=north,lat_off=1,y_off=1'
[02:22:05] [Worker-ResourceReload-0/WARN] [minecraft/BlockStateModelLoader]: Exception loading blockstate definition: 'dannys-aot:blockstates/strws_part.json' missing model for variant: 'dannys-aot:strws_part#facing=south,lat_off=2,y_off=0'
[02:22:05] [Worker-ResourceReload-0/WARN] [minecraft/BlockStateModelLoader]: Exception loading blockstate definition: 'dannys-aot:blockstates/strws_part.json' missing model for variant: 'dannys-aot:strws_part#facing=north,lat_off=1,y_off=0'
[02:22:05] [Worker-ResourceReload-0/WARN] [minecraft/BlockStateModelLoader]: Exception loading blockstate definition: 'dannys-aot:blockstates/strws_part.json' missing model for variant: 'dannys-aot:strws_part#facing=south,lat_off=1,y_off=2'
[02:22:05] [Worker-ResourceReload-0/WARN] [minecraft/BlockStateModelLoader]: Exception loading blockstate definition: 'dannys-aot:blockstates/strws_part.json' missing model for variant: 'dannys-aot:strws_part#facing=south,lat_off=0,y_off=0'
[02:22:05] [Worker-ResourceReload-0/WARN] [minecraft/BlockStateModelLoader]: Exception loading blockstate definition: 'dannys-aot:blockstates/strws_part.json' missing model for variant: 'dannys-aot:strws_part#facing=south,lat_off=1,y_off=0'
[02:22:05] [Worker-ResourceReload-0/WARN] [minecraft/BlockStateModelLoader]: Exception loading blockstate definition: 'dannys-aot:blockstates/strws_part.json' missing model for variant: 'dannys-aot:strws_part#facing=south,lat_off=1,y_off=1'
[02:22:05] [Worker-ResourceReload-0/WARN] [minecraft/BlockStateModelLoader]: Exception loading blockstate definition: 'dannys-aot:blockstates/strws_part.json' missing model for variant: 'dannys-aot:strws_part#facing=north,lat_off=2,y_off=0'
[02:22:05] [Worker-ResourceReload-0/WARN] [minecraft/BlockStateModelLoader]: Exception loading blockstate definition: 'dannys-aot:blockstates/strws_part.json' missing model for variant: 'dannys-aot:strws_part#facing=north,lat_off=2,y_off=1'
[02:22:05] [Worker-ResourceReload-0/WARN] [minecraft/BlockStateModelLoader]: Exception loading blockstate definition: 'dannys-aot:blockstates/strws_part.json' missing model for variant: 'dannys-aot:strws_part#facing=south,lat_off=0,y_off=1'
[02:22:05] [Worker-ResourceReload-0/WARN] [minecraft/BlockStateModelLoader]: Exception loading blockstate definition: 'dannys-aot:blockstates/strws_part.json' missing model for variant: 'dannys-aot:strws_part#facing=north,lat_off=2,y_off=2'
[02:22:05] [Worker-ResourceReload-0/WARN] [minecraft/BlockStateModelLoader]: Exception loading blockstate definition: 'dannys-aot:blockstates/strws_part.json' missing model for variant: 'dannys-aot:strws_part#facing=south,lat_off=0,y_off=2'
[02:22:05] [Worker-ResourceReload-0/WARN] [minecraft/BlockStateModelLoader]: Exception loading blockstate definition: 'dannys-aot:blockstates/strws_part.json' missing model for variant: 'dannys-aot:strws_part#facing=east,lat_off=2,y_off=0'
[02:22:05] [Worker-ResourceReload-0/WARN] [minecraft/BlockStateModelLoader]: Exception loading blockstate definition: 'dannys-aot:blockstates/strws_part.json' missing model for variant: 'dannys-aot:strws_part#facing=east,lat_off=2,y_off=1'
[02:22:05] [Worker-ResourceReload-0/WARN] [minecraft/BlockStateModelLoader]: Exception loading blockstate definition: 'dannys-aot:blockstates/strws_part.json' missing model for variant: 'dannys-aot:strws_part#facing=east,lat_off=2,y_off=2'
[02:22:05] [Worker-ResourceReload-0/WARN] [minecraft/BlockStateModelLoader]: Exception loading blockstate definition: 'dannys-aot:blockstates/strws_part.json' missing model for variant: 'dannys-aot:strws_part#facing=north,lat_off=0,y_off=2'
[02:22:05] [Worker-ResourceReload-0/WARN] [minecraft/BlockStateModelLoader]: Exception loading blockstate definition: 'dannys-aot:blockstates/strws_part.json' missing model for variant: 'dannys-aot:strws_part#facing=north,lat_off=0,y_off=1'
[02:22:05] [Worker-ResourceReload-0/WARN] [minecraft/BlockStateModelLoader]: Exception loading blockstate definition: 'dannys-aot:blockstates/strws_part.json' missing model for variant: 'dannys-aot:strws_part#facing=north,lat_off=0,y_off=0'
[02:22:05] [Worker-ResourceReload-0/WARN] [minecraft/BlockStateModelLoader]: Exception loading blockstate definition: 'dannys-aot:blockstates/strws_part.json' missing model for variant: 'dannys-aot:strws_part#facing=west,lat_off=0,y_off=1'
[02:22:05] [Worker-ResourceReload-0/WARN] [minecraft/BlockStateModelLoader]: Exception loading blockstate definition: 'dannys-aot:blockstates/strws_part.json' missing model for variant: 'dannys-aot:strws_part#facing=west,lat_off=0,y_off=2'
[02:22:05] [Worker-ResourceReload-0/WARN] [minecraft/BlockStateModelLoader]: Exception loading blockstate definition: 'dannys-aot:blockstates/strws_part.json' missing model for variant: 'dannys-aot:strws_part#facing=west,lat_off=0,y_off=0'
[02:22:05] [Worker-ResourceReload-0/WARN] [minecraft/BlockStateModelLoader]: Exception loading blockstate definition: 'dannys-aot:blockstates/strws_part.json' missing model for variant: 'dannys-aot:strws_part#facing=west,lat_off=2,y_off=0'
[02:22:05] [Worker-ResourceReload-0/WARN] [minecraft/BlockStateModelLoader]: Exception loading blockstate definition: 'dannys-aot:blockstates/strws_part.json' missing model for variant: 'dannys-aot:strws_part#facing=east,lat_off=0,y_off=0'
[02:22:05] [Worker-ResourceReload-0/WARN] [minecraft/BlockStateModelLoader]: Exception loading blockstate definition: 'dannys-aot:blockstates/strws_part.json' missing model for variant: 'dannys-aot:strws_part#facing=west,lat_off=2,y_off=2'
[02:22:05] [Worker-ResourceReload-0/WARN] [minecraft/BlockStateModelLoader]: Exception loading blockstate definition: 'dannys-aot:blockstates/strws_part.json' missing model for variant: 'dannys-aot:strws_part#facing=east,lat_off=0,y_off=2'
[02:22:05] [Worker-ResourceReload-0/WARN] [minecraft/BlockStateModelLoader]: Exception loading blockstate definition: 'dannys-aot:blockstates/strws_part.json' missing model for variant: 'dannys-aot:strws_part#facing=east,lat_off=1,y_off=2'
[02:22:05] [Worker-ResourceReload-0/WARN] [minecraft/BlockStateModelLoader]: Exception loading blockstate definition: 'dannys-aot:blockstates/strws_part.json' missing model for variant: 'dannys-aot:strws_part#facing=west,lat_off=2,y_off=1'
[02:22:05] [Worker-ResourceReload-0/WARN] [minecraft/BlockStateModelLoader]: Exception loading blockstate definition: 'dannys-aot:blockstates/strws_part.json' missing model for variant: 'dannys-aot:strws_part#facing=east,lat_off=0,y_off=1'
[02:22:05] [Worker-ResourceReload-0/WARN] [minecraft/BlockStateModelLoader]: Exception loading blockstate definition: 'dannys-aot:blockstates/strws_part.json' missing model for variant: 'dannys-aot:strws_part#facing=west,lat_off=1,y_off=1'
[02:22:05] [Worker-ResourceReload-0/WARN] [minecraft/BlockStateModelLoader]: Exception loading blockstate definition: 'dannys-aot:blockstates/strws_part.json' missing model for variant: 'dannys-aot:strws_part#facing=east,lat_off=1,y_off=0'
[02:22:05] [Worker-ResourceReload-0/WARN] [minecraft/BlockStateModelLoader]: Exception loading blockstate definition: 'dannys-aot:blockstates/strws_part.json' missing model for variant: 'dannys-aot:strws_part#facing=west,lat_off=1,y_off=0'
[02:22:05] [Worker-ResourceReload-0/WARN] [minecraft/BlockStateModelLoader]: Exception loading blockstate definition: 'dannys-aot:blockstates/strws_part.json' missing model for variant: 'dannys-aot:strws_part#facing=east,lat_off=1,y_off=1'
[02:22:05] [Worker-ResourceReload-0/WARN] [minecraft/BlockStateModelLoader]: Exception loading blockstate definition: 'dannys-aot:blockstates/strws_part.json' missing model for variant: 'dannys-aot:strws_part#facing=west,lat_off=1,y_off=2'
[02:22:05] [Worker-ResourceReload-0/WARN] [minecraft/ModelBakery]: Unable to load model: 'dannys-aot:item/ultrahard_steel_ingot' referenced from: dannys-aot:item/ultrahard_steel_ingot: java.io.FileNotFoundException: dannys-aot:models/item/ultrahard_steel_ingot.json
[02:22:05] [Worker-ResourceReload-0/WARN] [minecraft/ModelBakery]: Unable to load model: 'dannys-aot:item/basement_key' referenced from: dannys-aot:item/basement_key: java.io.FileNotFoundException: dannys-aot:models/item/basement_key.json
[02:22:05] [Worker-ResourceReload-0/WARN] [minecraft/ModelBakery]: Unable to load model: 'dannys-aot:item/syringe' referenced from: dannys-aot:item/syringe: java.io.FileNotFoundException: dannys-aot:models/item/syringe.json
[02:22:05] [Worker-ResourceReload-0/WARN] [minecraft/ModelBakery]: Unable to load model: 'dannys-aot:item/block_of_iceburst' referenced from: dannys-aot:item/block_of_iceburst: java.io.FileNotFoundException: dannys-aot:models/item/block_of_iceburst.json
[02:22:05] [Worker-ResourceReload-0/WARN] [minecraft/ModelBakery]: Unable to load model: 'dannys-aot:item/commander_trench_coat_scout' referenced from: dannys-aot:item/commander_trench_coat_scout: java.io.FileNotFoundException: dannys-aot:models/item/commander_trench_coat_scout.json
[02:22:05] [Worker-ResourceReload-0/WARN] [minecraft/ModelBakery]: Unable to load model: 'dannys-aot:item/odm_spring' referenced from: dannys-aot:item/odm_spring: java.io.FileNotFoundException: dannys-aot:models/item/odm_spring.json
[02:22:05] [Worker-ResourceReload-0/WARN] [minecraft/ModelBakery]: Unable to load model: 'dannys-aot:item/garrison_banner' referenced from: dannys-aot:item/garrison_banner: java.io.FileNotFoundException: dannys-aot:models/item/garrison_banner.json
[02:22:05] [Worker-ResourceReload-0/WARN] [minecraft/ModelBakery]: Unable to load model: 'dannys-aot:item/trench_coat' referenced from: dannys-aot:item/trench_coat: java.io.FileNotFoundException: dannys-aot:models/item/trench_coat.json
[02:22:05] [Worker-ResourceReload-0/WARN] [minecraft/ModelBakery]: Unable to load model: 'dannys-aot:item/marley_uniform_leggings' referenced from: dannys-aot:item/marley_uniform_leggings: java.io.FileNotFoundException: dannys-aot:models/item/marley_uniform_leggings.json
[02:22:05] [Worker-ResourceReload-0/WARN] [minecraft/ModelBakery]: Unable to load model: 'dannys-aot:item/iceburst_furnace' referenced from: dannys-aot:item/iceburst_furnace: java.io.FileNotFoundException: dannys-aot:models/item/iceburst_furnace.json
[02:22:05] [Worker-ResourceReload-0/WARN] [minecraft/ModelBakery]: Unable to load model: 'dannys-aot:item/garrison_uniform' referenced from: dannys-aot:item/garrison_uniform: java.io.FileNotFoundException: dannys-aot:models/item/garrison_uniform.json
[02:22:05] [Worker-ResourceReload-0/WARN] [minecraft/ModelBakery]: Unable to load model: 'dannys-aot:item/blue_flare_cartridge' referenced from: dannys-aot:item/blue_flare_cartridge: java.io.FileNotFoundException: dannys-aot:models/item/blue_flare_cartridge.json
[02:22:05] [Worker-ResourceReload-0/WARN] [minecraft/ModelBakery]: Unable to load model: 'dannys-aot:item/titan_spawn_egg' referenced from: dannys-aot:item/titan_spawn_egg: java.io.FileNotFoundException: dannys-aot:models/item/titan_spawn_egg.json
[02:22:05] [Worker-ResourceReload-0/WARN] [minecraft/ModelBakery]: Unable to load model: 'dannys-aot:item/gas_canister' referenced from: dannys-aot:item/gas_canister: java.io.FileNotFoundException: dannys-aot:models/item/gas_canister.json
[02:22:05] [Worker-ResourceReload-0/WARN] [minecraft/ModelBakery]: Unable to load model: 'dannys-aot:item/ice_burst_shard_cluster' referenced from: dannys-aot:item/ice_burst_shard_cluster: java.io.FileNotFoundException: dannys-aot:models/item/ice_burst_shard_cluster.json
[02:22:05] [Worker-ResourceReload-0/WARN] [minecraft/ModelBakery]: Unable to load model: 'dannys-aot:item/odm_gear' referenced from: dannys-aot:item/odm_gear: java.io.FileNotFoundException: dannys-aot:models/item/odm_gear.json
[02:22:05] [Worker-ResourceReload-0/WARN] [minecraft/ModelBakery]: Unable to load model: 'dannys-aot:item/gold_cloak_banner' referenced from: dannys-aot:item/gold_cloak_banner: java.io.FileNotFoundException: dannys-aot:models/item/gold_cloak_banner.json
[02:22:05] [Worker-ResourceReload-0/WARN] [minecraft/ModelBakery]: Unable to load model: 'dannys-aot:item/armored_titan_spawn_egg' referenced from: dannys-aot:item/armored_titan_spawn_egg: java.io.FileNotFoundException: dannys-aot:models/item/armored_titan_spawn_egg.json
[02:22:05] [Worker-ResourceReload-0/WARN] [minecraft/ModelBakery]: Unable to load model: 'dannys-aot:item/apg_cartridge' referenced from: dannys-aot:item/apg_cartridge: java.io.FileNotFoundException: dannys-aot:models/item/apg_cartridge.json
[02:22:05] [Worker-ResourceReload-0/WARN] [minecraft/ModelBakery]: Unable to load model: 'dannys-aot:item/odm_boots' referenced from: dannys-aot:item/odm_boots: java.io.FileNotFoundException: dannys-aot:models/item/odm_boots.json
[02:22:05] [Worker-ResourceReload-0/WARN] [minecraft/ModelBakery]: Unable to load model: 'dannys-aot:item/small_ice_burst_shard' referenced from: dannys-aot:item/small_ice_burst_shard: java.io.FileNotFoundException: dannys-aot:models/item/small_ice_burst_shard.json
[02:22:05] [Worker-ResourceReload-0/WARN] [minecraft/ModelBakery]: Unable to load model: 'dannys-aot:item/bloodline_reroll' referenced from: dannys-aot:item/bloodline_reroll: java.io.FileNotFoundException: dannys-aot:models/item/bloodline_reroll.json
[02:22:05] [Worker-ResourceReload-0/WARN] [minecraft/ModelBakery]: Unable to load model: 'dannys-aot:item/vintage_wine' referenced from: dannys-aot:item/vintage_wine: java.io.FileNotFoundException: dannys-aot:models/item/vintage_wine.json
[02:22:05] [Worker-ResourceReload-0/WARN] [minecraft/ModelBakery]: Unable to load model: 'dannys-aot:item/dark_path_sand' referenced from: dannys-aot:item/dark_path_sand: java.io.FileNotFoundException: dannys-aot:models/item/dark_path_sand.json
[02:22:05] [Worker-ResourceReload-0/WARN] [minecraft/ModelBakery]: Unable to load model: 'dannys-aot:item/black_cloak' referenced from: dannys-aot:item/black_cloak: java.io.FileNotFoundException: dannys-aot:models/item/black_cloak.json
[02:22:05] [Worker-ResourceReload-0/WARN] [minecraft/ModelBakery]: Unable to load model: 'dannys-aot:item/marley_uniform_chestplate' referenced from: dannys-aot:item/marley_uniform_chestplate: java.io.FileNotFoundException: dannys-aot:models/item/marley_uniform_chestplate.json
[02:22:05] [Worker-ResourceReload-0/WARN] [minecraft/ModelBakery]: Unable to load model: 'dannys-aot:item/marley_armband_eldian' referenced from: dannys-aot:item/marley_armband_eldian: java.io.FileNotFoundException: dannys-aot:models/item/marley_armband_eldian.json
[02:22:05] [Worker-ResourceReload-0/WARN] [minecraft/ModelBakery]: Unable to load model: 'dannys-aot:item/uniform' referenced from: dannys-aot:item/uniform: java.io.FileNotFoundException: dannys-aot:models/item/uniform.json
[02:22:05] [Worker-ResourceReload-0/WARN] [minecraft/ModelBakery]: Unable to load model: 'dannys-aot:item/cultist_robe' referenced from: dannys-aot:item/cultist_robe: java.io.FileNotFoundException: dannys-aot:models/item/cultist_robe.json
[02:22:05] [Worker-ResourceReload-0/WARN] [minecraft/ModelBakery]: Unable to load model: 'dannys-aot:item/green_scout_cloak' referenced from: dannys-aot:item/green_scout_cloak: java.io.FileNotFoundException: dannys-aot:models/item/green_scout_cloak.json
[02:22:05] [Worker-ResourceReload-0/WARN] [minecraft/ModelBakery]: Unable to load model: 'dannys-aot:item/marley_armband_cadet' referenced from: dannys-aot:item/marley_armband_cadet: java.io.FileNotFoundException: dannys-aot:models/item/marley_armband_cadet.json
[02:22:05] [Worker-ResourceReload-0/WARN] [minecraft/ModelBakery]: Unable to load model: 'dannys-aot:item/hardened_stairs' referenced from: dannys-aot:item/hardened_stairs: java.io.FileNotFoundException: dannys-aot:models/item/hardened_stairs.json
[02:22:05] [Worker-ResourceReload-0/WARN] [minecraft/ModelBakery]: Unable to load model: 'dannys-aot:item/red_flare_cartridge' referenced from: dannys-aot:item/red_flare_cartridge: java.io.FileNotFoundException: dannys-aot:models/item/red_flare_cartridge.json
[02:22:05] [Worker-ResourceReload-0/WARN] [minecraft/ModelBakery]: Unable to load model: 'dannys-aot:item/marley_trench_coat' referenced from: dannys-aot:item/marley_trench_coat: java.io.FileNotFoundException: dannys-aot:models/item/marley_trench_coat.json
[02:22:05] [Worker-ResourceReload-0/WARN] [minecraft/ModelBakery]: Unable to load model: 'dannys-aot:item/canned_herring' referenced from: dannys-aot:item/canned_herring: java.io.FileNotFoundException: dannys-aot:models/item/canned_herring.json
[02:22:05] [Worker-ResourceReload-0/WARN] [minecraft/ModelBakery]: Unable to load model: 'dannys-aot:item/odm_cyllinder' referenced from: dannys-aot:item/odm_cyllinder: java.io.FileNotFoundException: dannys-aot:models/item/odm_cyllinder.json
[02:22:05] [Worker-ResourceReload-0/WARN] [minecraft/ModelBakery]: Unable to load model: 'dannys-aot:item/commander_trench_coat' referenced from: dannys-aot:item/commander_trench_coat: java.io.FileNotFoundException: dannys-aot:models/item/commander_trench_coat.json
[02:22:05] [Worker-ResourceReload-0/WARN] [minecraft/ModelBakery]: Unable to load model: 'dannys-aot:item/commander_trench_coat_military_police' referenced from: dannys-aot:item/commander_trench_coat_military_police: java.io.FileNotFoundException: dannys-aot:models/item/commander_trench_coat_military_police.json
[02:22:05] [Worker-ResourceReload-0/WARN] [minecraft/ModelBakery]: Unable to load model: 'dannys-aot:item/hardened_block' referenced from: dannys-aot:item/hardened_block: java.io.FileNotFoundException: dannys-aot:models/item/hardened_block.json
[02:22:05] [Worker-ResourceReload-0/WARN] [minecraft/ModelBakery]: Unable to load model: 'dannys-aot:item/blade' referenced from: dannys-aot:item/blade: java.io.FileNotFoundException: dannys-aot:models/item/blade.json
[02:22:05] [Worker-ResourceReload-0/WARN] [minecraft/ModelBakery]: Unable to load model: 'dannys-aot:item/trench_coat_scout' referenced from: dannys-aot:item/trench_coat_scout: java.io.FileNotFoundException: dannys-aot:models/item/trench_coat_scout.json
[02:22:05] [Worker-ResourceReload-0/WARN] [minecraft/ModelBakery]: Unable to load model: 'dannys-aot:item/path_sand' referenced from: dannys-aot:item/path_sand: java.io.FileNotFoundException: dannys-aot:models/item/path_sand.json
[02:22:05] [Worker-ResourceReload-0/WARN] [minecraft/ModelBakery]: Unable to load model: 'dannys-aot:item/trench_coat_royal' referenced from: dannys-aot:item/trench_coat_royal: java.io.FileNotFoundException: dannys-aot:models/item/trench_coat_royal.json
[02:22:05] [Worker-ResourceReload-0/WARN] [minecraft/ModelBakery]: Unable to load model: 'dannys-aot:item/musket' referenced from: dannys-aot:item/musket: java.io.FileNotFoundException: dannys-aot:models/item/musket.json
[02:22:05] [Worker-ResourceReload-0/WARN] [minecraft/ModelBakery]: Unable to load model: 'dannys-aot:item/ultra_hardened_stairs' referenced from: dannys-aot:item/ultra_hardened_stairs: java.io.FileNotFoundException: dannys-aot:models/item/ultra_hardened_stairs.json
[02:22:05] [Worker-ResourceReload-0/WARN] [minecraft/ModelBakery]: Unable to load model: 'dannys-aot:item/titan_dummy' referenced from: dannys-aot:item/titan_dummy: java.io.FileNotFoundException: dannys-aot:models/item/titan_dummy.json
[02:22:05] [Worker-ResourceReload-0/WARN] [minecraft/ModelBakery]: Unable to load model: 'dannys-aot:item/marley_uniform_boots' referenced from: dannys-aot:item/marley_uniform_boots: java.io.FileNotFoundException: dannys-aot:models/item/marley_uniform_boots.json
[02:22:05] [Worker-ResourceReload-0/WARN] [minecraft/ModelBakery]: Unable to load model: 'dannys-aot:item/bursting_ice_burst_stone' referenced from: dannys-aot:item/bursting_ice_burst_stone: java.io.FileNotFoundException: dannys-aot:models/item/bursting_ice_burst_stone.json
[02:22:05] [Worker-ResourceReload-0/WARN] [minecraft/ModelBakery]: Unable to load model: 'dannys-aot:item/marley_eldian_uniform_chestplate' referenced from: dannys-aot:item/marley_eldian_uniform_chestplate: java.io.FileNotFoundException: dannys-aot:models/item/marley_eldian_uniform_chestplate.json
[02:22:05] [Worker-ResourceReload-0/WARN] [minecraft/ModelBakery]: Unable to load model: 'dannys-aot:item/purple_flare_cartridge' referenced from: dannys-aot:item/purple_flare_cartridge: java.io.FileNotFoundException: dannys-aot:models/item/purple_flare_cartridge.json
[02:22:05] [Worker-ResourceReload-0/WARN] [minecraft/ModelBakery]: Unable to load model: 'dannys-aot:item/marley_armband_soldier' referenced from: dannys-aot:item/marley_armband_soldier: java.io.FileNotFoundException: dannys-aot:models/item/marley_armband_soldier.json
[02:22:05] [Worker-ResourceReload-0/WARN] [minecraft/ModelBakery]: Unable to load model: 'dannys-aot:item/apg_suit' referenced from: dannys-aot:item/apg_suit: java.io.FileNotFoundException: dannys-aot:models/item/apg_suit.json
[02:22:05] [Worker-ResourceReload-0/WARN] [minecraft/ModelBakery]: Unable to load model: 'dannys-aot:item/ultrahard_leather' referenced from: dannys-aot:item/ultrahard_leather: java.io.FileNotFoundException: dannys-aot:models/item/ultrahard_leather.json
[02:22:05] [Worker-ResourceReload-0/WARN] [minecraft/ModelBakery]: Unable to load model: 'dannys-aot:item/scout_uniform' referenced from: dannys-aot:item/scout_uniform: java.io.FileNotFoundException: dannys-aot:models/item/scout_uniform.json
[02:22:05] [Worker-ResourceReload-0/WARN] [minecraft/ModelBakery]: Unable to load model: 'dannys-aot:item/apg_gun' referenced from: dannys-aot:item/apg_gun: java.io.FileNotFoundException: dannys-aot:models/item/apg_gun.json
[02:22:05] [Worker-ResourceReload-0/WARN] [minecraft/ModelBakery]: Unable to load model: 'dannys-aot:item/zekes_glasses' referenced from: dannys-aot:item/zekes_glasses: java.io.FileNotFoundException: dannys-aot:models/item/zekes_glasses.json
[02:22:05] [Worker-ResourceReload-0/WARN] [minecraft/ModelBakery]: Unable to load model: 'dannys-aot:item/armor_potion' referenced from: dannys-aot:item/armor_potion: java.io.FileNotFoundException: dannys-aot:models/item/armor_potion.json
[02:22:05] [Worker-ResourceReload-0/WARN] [minecraft/ModelBakery]: Unable to load model: 'dannys-aot:item/gold_cloak' referenced from: dannys-aot:item/gold_cloak: java.io.FileNotFoundException: dannys-aot:models/item/gold_cloak.json
[02:22:05] [Worker-ResourceReload-0/WARN] [minecraft/ModelBakery]: Unable to load model: 'dannys-aot:item/kennyhat' referenced from: dannys-aot:item/kennyhat: java.io.FileNotFoundException: dannys-aot:models/item/kennyhat.json
[02:22:05] [Worker-ResourceReload-0/WARN] [minecraft/ModelBakery]: Unable to load model: 'dannys-aot:item/iron_bamboo' referenced from: dannys-aot:item/iron_bamboo: java.io.FileNotFoundException: dannys-aot:models/item/iron_bamboo.json
[02:22:05] [Worker-ResourceReload-0/WARN] [minecraft/ModelBakery]: Unable to load model: 'dannys-aot:item/military_police_uniform' referenced from: dannys-aot:item/military_police_uniform: java.io.FileNotFoundException: dannys-aot:models/item/military_police_uniform.json
[02:22:05] [Worker-ResourceReload-0/WARN] [minecraft/ModelBakery]: Unable to load model: 'dannys-aot:item/hardened_iron_bamboo' referenced from: dannys-aot:item/hardened_iron_bamboo: java.io.FileNotFoundException: dannys-aot:models/item/hardened_iron_bamboo.json
[02:22:05] [Worker-ResourceReload-0/WARN] [minecraft/ModelBakery]: Unable to load model: 'dannys-aot:item/green_flare_cartridge' referenced from: dannys-aot:item/green_flare_cartridge: java.io.FileNotFoundException: dannys-aot:models/item/green_flare_cartridge.json
[02:22:05] [Worker-ResourceReload-0/WARN] [minecraft/ModelBakery]: Unable to load model: 'dannys-aot:item/canned_herring_open' referenced from: dannys-aot:item/canned_herring_open: java.io.FileNotFoundException: dannys-aot:models/item/canned_herring_open.json
[02:22:05] [Worker-ResourceReload-0/WARN] [minecraft/ModelBakery]: Unable to load model: 'dannys-aot:item/shifter_muscles' referenced from: dannys-aot:item/shifter_muscles: java.io.FileNotFoundException: dannys-aot:models/item/shifter_muscles.json
[02:22:05] [Worker-ResourceReload-0/WARN] [minecraft/ModelBakery]: Unable to load model: 'dannys-aot:item/ice_burst_cluster' referenced from: dannys-aot:item/ice_burst_cluster: java.io.FileNotFoundException: dannys-aot:models/item/ice_burst_cluster.json
[02:22:05] [Worker-ResourceReload-0/WARN] [minecraft/ModelBakery]: Unable to load model: 'dannys-aot:item/green_cloak' referenced from: dannys-aot:item/green_cloak: java.io.FileNotFoundException: dannys-aot:models/item/green_cloak.json
[02:22:05] [Worker-ResourceReload-0/WARN] [minecraft/ModelBakery]: Unable to load model: 'dannys-aot:item/royal_cloak' referenced from: dannys-aot:item/royal_cloak: java.io.FileNotFoundException: dannys-aot:models/item/royal_cloak.json
[02:22:05] [Worker-ResourceReload-0/WARN] [minecraft/ModelBakery]: Unable to load model: 'dannys-aot:item/ice_burst_stone' referenced from: dannys-aot:item/ice_burst_stone: java.io.FileNotFoundException: dannys-aot:models/item/ice_burst_stone.json
[02:22:05] [Worker-ResourceReload-0/WARN] [minecraft/ModelBakery]: Unable to load model: 'dannys-aot:item/black_flare_cartridge' referenced from: dannys-aot:item/black_flare_cartridge: java.io.FileNotFoundException: dannys-aot:models/item/black_flare_cartridge.json
[02:22:05] [Worker-ResourceReload-0/WARN] [minecraft/ModelBakery]: Unable to load model: 'dannys-aot:item/colossal_titan_spawn_egg' referenced from: dannys-aot:item/colossal_titan_spawn_egg: java.io.FileNotFoundException: dannys-aot:models/item/colossal_titan_spawn_egg.json
[02:22:05] [Worker-ResourceReload-0/WARN] [minecraft/ModelBakery]: Unable to load model: 'dannys-aot:item/ultra_hardened_block' referenced from: dannys-aot:item/ultra_hardened_block: java.io.FileNotFoundException: dannys-aot:models/item/ultra_hardened_block.json
[02:22:05] [Worker-ResourceReload-0/WARN] [minecraft/ModelBakery]: Unable to load model: 'dannys-aot:item/female_titan_spawn_egg' referenced from: dannys-aot:item/female_titan_spawn_egg: java.io.FileNotFoundException: dannys-aot:models/item/female_titan_spawn_egg.json
[02:22:05] [Worker-ResourceReload-0/WARN] [minecraft/ModelBakery]: Unable to load model: 'dannys-aot:item/dark_path_sand_slab' referenced from: dannys-aot:item/dark_path_sand_slab: java.io.FileNotFoundException: dannys-aot:models/item/dark_path_sand_slab.json
[02:22:05] [Worker-ResourceReload-0/WARN] [minecraft/ModelBakery]: Unable to load model: 'dannys-aot:item/red_scarf' referenced from: dannys-aot:item/red_scarf: java.io.FileNotFoundException: dannys-aot:models/item/red_scarf.json
[02:22:05] [Worker-ResourceReload-0/WARN] [minecraft/ModelBakery]: Unable to load model: 'dannys-aot:item/green_military_police_cloak' referenced from: dannys-aot:item/green_military_police_cloak: java.io.FileNotFoundException: dannys-aot:models/item/green_military_police_cloak.json
[02:22:05] [Worker-ResourceReload-0/WARN] [minecraft/ModelBakery]: Unable to load model: 'dannys-aot:item/warhammer_titan_spawn_egg' referenced from: dannys-aot:item/warhammer_titan_spawn_egg: java.io.FileNotFoundException: dannys-aot:models/item/warhammer_titan_spawn_egg.json
[02:22:05] [Worker-ResourceReload-0/WARN] [minecraft/ModelBakery]: Unable to load model: 'dannys-aot:item/hardened_slab' referenced from: dannys-aot:item/hardened_slab: java.io.FileNotFoundException: dannys-aot:models/item/hardened_slab.json
[02:22:05] [Worker-ResourceReload-0/WARN] [minecraft/ModelBakery]: Unable to load model: 'dannys-aot:item/marley_trench_coat_warrior' referenced from: dannys-aot:item/marley_trench_coat_warrior: java.io.FileNotFoundException: dannys-aot:models/item/marley_trench_coat_warrior.json
[02:22:05] [Worker-ResourceReload-0/WARN] [minecraft/ModelBakery]: Unable to load model: 'dannys-aot:item/marley_uniform_helmet' referenced from: dannys-aot:item/marley_uniform_helmet: java.io.FileNotFoundException: dannys-aot:models/item/marley_uniform_helmet.json
[02:22:05] [Worker-ResourceReload-0/WARN] [minecraft/ModelBakery]: Unable to load model: 'dannys-aot:item/blade_component' referenced from: dannys-aot:item/blade_component: java.io.FileNotFoundException: dannys-aot:models/item/blade_component.json
[02:22:05] [Worker-ResourceReload-0/WARN] [minecraft/ModelBakery]: Unable to load model: 'dannys-aot:item/military_police_banner' referenced from: dannys-aot:item/military_police_banner: java.io.FileNotFoundException: dannys-aot:models/item/military_police_banner.json
[02:22:05] [Worker-ResourceReload-0/WARN] [minecraft/ModelBakery]: Unable to load model: 'dannys-aot:item/flinstock' referenced from: dannys-aot:item/flinstock: java.io.FileNotFoundException: dannys-aot:models/item/flinstock.json
[02:22:05] [Worker-ResourceReload-0/WARN] [minecraft/ModelBakery]: Unable to load model: 'dannys-aot:item/trench_coat_garrison' referenced from: dannys-aot:item/trench_coat_garrison: java.io.FileNotFoundException: dannys-aot:models/item/trench_coat_garrison.json
[02:22:05] [Worker-ResourceReload-0/WARN] [minecraft/ModelBakery]: Unable to load model: 'dannys-aot:item/handcuffs' referenced from: dannys-aot:item/handcuffs: java.io.FileNotFoundException: dannys-aot:models/item/handcuffs.json
[02:22:05] [Worker-ResourceReload-0/WARN] [minecraft/ModelBakery]: Unable to load model: 'dannys-aot:item/large_ice_burst_shard' referenced from: dannys-aot:item/large_ice_burst_shard: java.io.FileNotFoundException: dannys-aot:models/item/large_ice_burst_shard.json
[02:22:05] [Worker-ResourceReload-0/WARN] [minecraft/ModelBakery]: Unable to load model: 'dannys-aot:item/commander_trench_coat_garrison' referenced from: dannys-aot:item/commander_trench_coat_garrison: java.io.FileNotFoundException: dannys-aot:models/item/commander_trench_coat_garrison.json
[02:22:05] [Worker-ResourceReload-0/WARN] [minecraft/ModelBakery]: Unable to load model: 'dannys-aot:item/ultra_hardened_slab' referenced from: dannys-aot:item/ultra_hardened_slab: java.io.FileNotFoundException: dannys-aot:models/item/ultra_hardened_slab.json
[02:22:05] [Worker-ResourceReload-0/WARN] [minecraft/ModelBakery]: Unable to load model: 'dannys-aot:item/thunder_spear' referenced from: dannys-aot:item/thunder_spear: java.io.FileNotFoundException: dannys-aot:models/item/thunder_spear.json
[02:22:05] [Worker-ResourceReload-0/WARN] [minecraft/ModelBakery]: Unable to load model: 'dannys-aot:item/medium_ice_burst_shard' referenced from: dannys-aot:item/medium_ice_burst_shard: java.io.FileNotFoundException: dannys-aot:models/item/medium_ice_burst_shard.json
[02:22:05] [Worker-ResourceReload-0/WARN] [minecraft/ModelBakery]: Unable to load model: 'dannys-aot:item/green_garrison_cloak' referenced from: dannys-aot:item/green_garrison_cloak: java.io.FileNotFoundException: dannys-aot:models/item/green_garrison_cloak.json
[02:22:05] [Worker-ResourceReload-0/WARN] [minecraft/ModelBakery]: Unable to load model: 'dannys-aot:item/scout_banner' referenced from: dannys-aot:item/scout_banner: java.io.FileNotFoundException: dannys-aot:models/item/scout_banner.json
[02:22:05] [Worker-ResourceReload-0/WARN] [minecraft/ModelBakery]: Unable to load model: 'dannys-aot:item/bamboo_leaves' referenced from: dannys-aot:item/bamboo_leaves: java.io.FileNotFoundException: dannys-aot:models/item/bamboo_leaves.json
[02:22:05] [Worker-ResourceReload-0/WARN] [minecraft/ModelBakery]: Unable to load model: 'dannys-aot:item/attack_titan_spawn_egg' referenced from: dannys-aot:item/attack_titan_spawn_egg: java.io.FileNotFoundException: dannys-aot:models/item/attack_titan_spawn_egg.json
[02:22:05] [Worker-ResourceReload-0/WARN] [minecraft/ModelBakery]: Unable to load model: 'dannys-aot:item/path_sand_slab' referenced from: dannys-aot:item/path_sand_slab: java.io.FileNotFoundException: dannys-aot:models/item/path_sand_slab.json
[02:22:05] [Worker-ResourceReload-0/WARN] [minecraft/ModelBakery]: Unable to load model: 'dannys-aot:item/strws' referenced from: dannys-aot:item/strws: java.io.FileNotFoundException: dannys-aot:models/item/strws.json
[02:22:05] [Worker-ResourceReload-0/WARN] [minecraft/ModelBakery]: Unable to load model: 'dannys-aot:item/odm_apg' referenced from: dannys-aot:item/odm_apg: java.io.FileNotFoundException: dannys-aot:models/item/odm_apg.json
[02:22:05] [Worker-ResourceReload-0/WARN] [minecraft/ModelBakery]: Unable to load model: 'dannys-aot:item/odm_wires' referenced from: dannys-aot:item/odm_wires: java.io.FileNotFoundException: dannys-aot:models/item/odm_wires.json
[02:22:05] [Worker-ResourceReload-0/WARN] [minecraft/ModelBakery]: Unable to load model: 'dannys-aot:item/marley_armband_warrior' referenced from: dannys-aot:item/marley_armband_warrior: java.io.FileNotFoundException: dannys-aot:models/item/marley_armband_warrior.json
[02:22:05] [Worker-ResourceReload-0/WARN] [minecraft/ModelBakery]: Unable to load model: 'dannys-aot:item/yellow_flare_cartridge' referenced from: dannys-aot:item/yellow_flare_cartridge: java.io.FileNotFoundException: dannys-aot:models/item/yellow_flare_cartridge.json
[02:22:05] [Worker-ResourceReload-0/WARN] [minecraft/ModelBakery]: Unable to load model: 'dannys-aot:item/empty_syringe' referenced from: dannys-aot:item/empty_syringe: java.io.FileNotFoundException: dannys-aot:models/item/empty_syringe.json
[02:22:05] [Worker-ResourceReload-0/WARN] [minecraft/ModelBakery]: Unable to load model: 'dannys-aot:item/marley_eldian_uniform_helmet' referenced from: dannys-aot:item/marley_eldian_uniform_helmet: java.io.FileNotFoundException: dannys-aot:models/item/marley_eldian_uniform_helmet.json
[02:22:05] [Worker-ResourceReload-0/WARN] [minecraft/ModelBakery]: Unable to load model: 'dannys-aot:item/handcuffs_key' referenced from: dannys-aot:item/handcuffs_key: java.io.FileNotFoundException: dannys-aot:models/item/handcuffs_key.json
[02:22:05] [Worker-ResourceReload-0/WARN] [minecraft/ModelBakery]: Unable to load model: 'dannys-aot:item/marley_cadet_trench_coat' referenced from: dannys-aot:item/marley_cadet_trench_coat: java.io.FileNotFoundException: dannys-aot:models/item/marley_cadet_trench_coat.json
[02:22:05] [Worker-ResourceReload-0/WARN] [minecraft/ModelBakery]: Unable to load model: 'dannys-aot:item/trench_coat_military_police' referenced from: dannys-aot:item/trench_coat_military_police: java.io.FileNotFoundException: dannys-aot:models/item/trench_coat_military_police.json
[02:22:05] [Worker-ResourceReload-0/WARN] [minecraft/ModelBakery]: Unable to load model: 'dannys-aot:item/flare_gun' referenced from: dannys-aot:item/flare_gun: java.io.FileNotFoundException: dannys-aot:models/item/flare_gun.json
[02:22:05] [Worker-ResourceReload-0/WARN] [minecraft/ModelBakery]: Unable to load model: 'dannys-aot:item/training_corps_banner' referenced from: dannys-aot:item/training_corps_banner: java.io.FileNotFoundException: dannys-aot:models/item/training_corps_banner.json
[02:22:05] [Worker-ResourceReload-0/ERROR] [ne.ne.fm.ModLoader/]: Cowardly refusing to send event net.neoforged.neoforge.client.event.ModelEvent$RegisterAdditional to a broken mod state
[02:22:06] [Worker-ResourceReload-0/ERROR] [ne.ne.fm.ModLoader/]: Cowardly refusing to send event net.neoforged.neoforge.client.event.ModelEvent$ModifyBakingResult to a broken mod state
[02:22:06] [Render thread/WARN] [mo.ch.aa.AAAParticles/]: AAAParticles is running un unsupported platform LINUX_NOT_X64, this mod will be no-op!
[02:22:07] [Render thread/WARN] [minecraft/SoundEngine]: Missing sound for event: minecraft:item.goat_horn.play
[02:22:07] [Render thread/WARN] [minecraft/SoundEngine]: Missing sound for event: minecraft:entity.goat.screaming.horn_break
[02:22:07] [Render thread/WARN] [minecraft/SoundEngine]: Missing sound for event: dannys-aot:gas_boost
[02:22:07] [Render thread/WARN] [minecraft/SoundEngine]: Missing sound for event: dannys-aot:steam_poof
[02:22:07] [Render thread/WARN] [minecraft/SoundEngine]: Missing sound for event: dannys-aot:hook_shoot_1
[02:22:07] [Render thread/WARN] [minecraft/SoundEngine]: Missing sound for event: dannys-aot:hook_shoot_2
[02:22:07] [Render thread/WARN] [minecraft/SoundEngine]: Missing sound for event: dannys-aot:hook_shoot_apg
[02:22:07] [Render thread/WARN] [minecraft/SoundEngine]: Missing sound for event: dannys-aot:gun_shoot_apg
[02:22:07] [Render thread/WARN] [minecraft/SoundEngine]: Missing sound for event: dannys-aot:gun_shoot_apg2
[02:22:07] [Render thread/WARN] [minecraft/SoundEngine]: Missing sound for event: dannys-aot:shot_impact
[02:22:07] [Render thread/WARN] [minecraft/SoundEngine]: Missing sound for event: dannys-aot:hook_impact
[02:22:07] [Render thread/WARN] [minecraft/SoundEngine]: Missing sound for event: dannys-aot:hook_retract
[02:22:07] [Render thread/WARN] [minecraft/SoundEngine]: Missing sound for event: dannys-aot:odm_flight
[02:22:07] [Render thread/WARN] [minecraft/SoundEngine]: Missing sound for event: dannys-aot:titan_stomp
[02:22:07] [Render thread/WARN] [minecraft/SoundEngine]: Missing sound for event: dannys-aot:titan_shift
[02:22:07] [Render thread/WARN] [minecraft/SoundEngine]: Missing sound for event: dannys-aot:attacktitanroar
[02:22:07] [Render thread/WARN] [minecraft/SoundEngine]: Missing sound for event: dannys-aot:femaletitan_roar
[02:22:07] [Render thread/WARN] [minecraft/SoundEngine]: Missing sound for event: dannys-aot:chargeup
[02:22:07] [Render thread/WARN] [minecraft/SoundEngine]: Missing sound for event: dannys-aot:handbite
[02:22:07] [Render thread/WARN] [minecraft/SoundEngine]: Missing sound for event: dannys-aot:paths_ambient
[02:22:07] [Render thread/WARN] [minecraft/SoundEngine]: Missing sound for event: dannys-aot:trigger
[02:22:07] [Render thread/WARN] [minecraft/SoundEngine]: Missing sound for event: dannys-aot:load
[02:22:07] [Render thread/WARN] [minecraft/SoundEngine]: Missing sound for event: dannys-aot:unload
[02:22:07] [Render thread/WARN] [minecraft/SoundEngine]: Missing sound for event: dannys-aot:bloodmoon1
[02:22:07] [Render thread/WARN] [minecraft/SoundEngine]: Missing sound for event: dannys-aot:bloodmoon2
[02:22:07] [Render thread/WARN] [minecraft/SoundEngine]: Missing sound for event: dannys-aot:bloodmoon3
[02:22:07] [Render thread/WARN] [minecraft/SoundEngine]: Missing sound for event: dannys-aot:bloodmoon4
[02:22:07] [Render thread/WARN] [minecraft/SoundEngine]: Missing sound for event: dannys-aot:slash1
[02:22:07] [Render thread/WARN] [minecraft/SoundEngine]: Missing sound for event: dannys-aot:slash2
[02:22:07] [Render thread/WARN] [minecraft/SoundEngine]: Missing sound for event: dannys-aot:slash3
[02:22:07] [Render thread/WARN] [minecraft/SoundEngine]: Missing sound for event: dannys-aot:flesh_impact_1
[02:22:07] [Render thread/WARN] [minecraft/SoundEngine]: Missing sound for event: dannys-aot:flesh_impact_2
[02:22:07] [Render thread/WARN] [minecraft/SoundEngine]: Missing sound for event: dannys-aot:flesh_impact_3
[02:22:07] [Render thread/WARN] [minecraft/SoundEngine]: Missing sound for event: dannys-aot:flesh_impact_4
[02:22:07] [Render thread/WARN] [minecraft/SoundEngine]: Missing sound for event: dannys-aot:flesh_impact_5
[02:22:07] [Render thread/WARN] [minecraft/SoundEngine]: Missing sound for event: dannys-aot:flesh_impact_6
[02:22:07] [Render thread/WARN] [minecraft/SoundEngine]: Missing sound for event: dannys-aot:flesh_impact_7
[02:22:07] [Render thread/WARN] [minecraft/SoundEngine]: Missing sound for event: dannys-aot:bladeswing
[02:22:07] [Render thread/WARN] [minecraft/SoundEngine]: Missing sound for event: dannys-aot:royalshout
[02:22:07] [Render thread/WARN] [minecraft/SoundEngine]: Missing sound for event: dannys-aot:stopcommand
[02:22:07] [Render thread/WARN] [minecraft/SoundEngine]: Missing sound for event: dannys-aot:continuecommand
[02:22:07] [Render thread/WARN] [minecraft/SoundEngine]: Missing sound for event: dannys-aot:unsheathe
[02:22:07] [Render thread/WARN] [minecraft/SoundEngine]: Missing sound for event: dannys-aot:flare_shoot
[02:22:07] [Render thread/WARN] [minecraft/SoundEngine]: Missing sound for event: dannys-aot:handcuff_lock
[02:22:07] [Render thread/WARN] [minecraft/SoundEngine]: Missing sound for event: dannys-aot:handcuff_unlock
[02:22:07] [Render thread/WARN] [minecraft/SoundEngine]: Missing sound for event: dannys-aot:raga
[02:22:07] [Render thread/WARN] [minecraft/SoundEngine]: Missing sound for event: dannys-aot:summon_raga
[02:22:07] [Render thread/WARN] [minecraft/SoundEngine]: Missing sound for event: dannys-aot:tame_summon
[02:22:07] [Render thread/WARN] [minecraft/SoundEngine]: Missing sound for event: dannys-aot:aura
[02:22:07] [Render thread/WARN] [minecraft/SoundEngine]: Missing sound for event: dannys-aot:danny
[02:22:07] [Render thread/WARN] [minecraft/SoundEngine]: Missing sound for event: dannys-aot:sadtitan1
[02:22:07] [Render thread/WARN] [minecraft/SoundEngine]: Missing sound for event: dannys-aot:sadtitan2
[02:22:07] [Render thread/WARN] [minecraft/SoundEngine]: Missing sound for event: dannys-aot:sadtitan3
[02:22:07] [Render thread/WARN] [minecraft/SoundEngine]: Missing sound for event: dannys-aot:sadtitan4
[02:22:07] [Render thread/WARN] [minecraft/SoundEngine]: Missing sound for event: dannys-aot:boom
[02:22:07] [Render thread/WARN] [minecraft/SoundEngine]: Missing sound for event: dannys-aot:laser
[02:22:07] [Render thread/WARN] [minecraft/SoundEngine]: Missing sound for event: dannys-aot:speed
[02:22:07] [Render thread/WARN] [minecraft/SoundEngine]: Missing sound for event: dannys-aot:strws_aim
[02:22:07] [Render thread/WARN] [minecraft/SoundEngine]: Missing sound for event: dannys-aot:bite
[02:22:07] [Render thread/WARN] [minecraft/SoundEngine]: Missing sound for event: dannys-aot:impact_1
[02:22:07] [Render thread/WARN] [minecraft/SoundEngine]: Missing sound for event: dannys-aot:impact_2
[02:22:07] [Render thread/WARN] [minecraft/SoundEngine]: Missing sound for event: dannys-aot:impact_3
[02:22:07] [Render thread/WARN] [minecraft/SoundEngine]: Missing sound for event: dannys-aot:impact_4
[02:22:07] [Render thread/WARN] [minecraft/SoundEngine]: Missing sound for event: dannys-aot:impact_5
[02:22:07] [Render thread/INFO] [mojang/Library]: OpenAL initialized on device Oboe Default
[02:22:07] [Render thread/INFO] [Sound Physics - General/]: Initializing Sound Physics
[02:22:07] [Render thread/INFO] [Sound Physics - General/]: EFX Extension recognized
[02:22:07] [Render thread/INFO] [Sound Physics - General/]: Max auxiliary sends: 4
[02:22:07] [Render thread/INFO] [Sound Physics - General/]: Aux slot 1 created
[02:22:07] [Render thread/INFO] [Sound Physics - General/]: Aux slot 2 created
[02:22:07] [Render thread/INFO] [Sound Physics - General/]: Aux slot 3 created
[02:22:07] [Render thread/INFO] [Sound Physics - General/]: Aux slot 4 created
[02:22:07] [Render thread/ERROR] [minecraft/SoundEngine]: Error starting SoundSystem. Turning off sounds & music
java.lang.NullPointerException: Cannot read field "reverbGain" because "com.sonicether.soundphysics.SoundPhysicsMod.CONFIG" is null
	at TRANSFORMER/sound_physics_remastered@1.21.1-1.5.1/com.sonicether.soundphysics.config.ReverbParams.globalReverbMultiplier(ReverbParams.java:92) ~[sound-physics-aeronautics-0.2.0-alpha.1.jar%23315!/:1.21.1-1.5.1] {re:classloading}
	at TRANSFORMER/sound_physics_remastered@1.21.1-1.5.1/com.sonicether.soundphysics.config.ReverbParams.getReverb0(ReverbParams.java:24) ~[sound-physics-aeronautics-0.2.0-alpha.1.jar%23315!/:1.21.1-1.5.1] {re:classloading}
	at TRANSFORMER/sound_physics_remastered@1.21.1-1.5.1/com.sonicether.soundphysics.SoundPhysics.syncReverbParams(SoundPhysics.java:150) ~[sound-physics-aeronautics-0.2.0-alpha.1.jar%23315!/:1.21.1-1.5.1] {re:mixin,re:classloading}
	at TRANSFORMER/sound_physics_remastered@1.21.1-1.5.1/com.sonicether.soundphysics.SoundPhysics.setupEFX(SoundPhysics.java:241) ~[sound-physics-aeronautics-0.2.0-alpha.1.jar%23315!/:1.21.1-1.5.1] {re:mixin,re:classloading}
	at TRANSFORMER/sound_physics_remastered@1.21.1-1.5.1/com.sonicether.soundphysics.SoundPhysics.init(SoundPhysics.java:141) ~[sound-physics-aeronautics-0.2.0-alpha.1.jar%23315!/:1.21.1-1.5.1] {re:mixin,re:classloading}
	at TRANSFORMER/minecraft@1.21.1/net.minecraft.client.sounds.SoundEngine.handler$gfi000$soundphysics$loadLibrary(SoundEngine.java:2107) ~[client-1.21.1-20240808.144430-srg.jar%23232!/:?] {re:mixin,pl:accesstransformer:B,pl:connector_pre_launch:A,pl:runtimedistcleaner:A,re:classloading,pl:accesstransformer:B,pl:mixin:APP:createbigcannons.mixins.json:client.SoundEngineMixin from mod createbigcannons,pl:mixin:APP:simulated.mixins.json:sounds.SoundEngineMixin from mod simulated,pl:mixin:APP:sable.mixins.json:sublevel_sounds.SoundEngineMixin from mod sable,pl:mixin:APP:sound_physics_remastered.mixins.json:SoundSystemMixin from mod (unknown),pl:mixin:APP:sound_physics_remastered.mixins.json:SoundEngineAccessor from mod (unknown),pl:mixin:A,pl:connector_pre_launch:A,pl:runtimedistcleaner:A}
	at TRANSFORMER/minecraft@1.21.1/net.minecraft.client.sounds.SoundEngine.loadLibrary(SoundEngine.java:108) ~[client-1.21.1-20240808.144430-srg.jar%23232!/:?] {re:mixin,pl:accesstransformer:B,pl:connector_pre_launch:A,pl:runtimedistcleaner:A,re:classloading,pl:accesstransformer:B,pl:mixin:APP:createbigcannons.mixins.json:client.SoundEngineMixin from mod createbigcannons,pl:mixin:APP:simulated.mixins.json:sounds.SoundEngineMixin from mod simulated,pl:mixin:APP:sable.mixins.json:sublevel_sounds.SoundEngineMixin from mod sable,pl:mixin:APP:sound_physics_remastered.mixins.json:SoundSystemMixin from mod (unknown),pl:mixin:APP:sound_physics_remastered.mixins.json:SoundEngineAccessor from mod (unknown),pl:mixin:A,pl:connector_pre_launch:A,pl:runtimedistcleaner:A}
	at TRANSFORMER/minecraft@1.21.1/net.minecraft.client.sounds.SoundEngine.reload(SoundEngine.java:99) ~[client-1.21.1-20240808.144430-srg.jar%23232!/:?] {re:mixin,pl:accesstransformer:B,pl:connector_pre_launch:A,pl:runtimedistcleaner:A,re:classloading,pl:accesstransformer:B,pl:mixin:APP:createbigcannons.mixins.json:client.SoundEngineMixin from mod createbigcannons,pl:mixin:APP:simulated.mixins.json:sounds.SoundEngineMixin from mod simulated,pl:mixin:APP:sable.mixins.json:sublevel_sounds.SoundEngineMixin from mod sable,pl:mixin:APP:sound_physics_remastered.mixins.json:SoundSystemMixin from mod (unknown),pl:mixin:APP:sound_physics_remastered.mixins.json:SoundEngineAccessor from mod (unknown),pl:mixin:A,pl:connector_pre_launch:A,pl:runtimedistcleaner:A}
	at TRANSFORMER/minecraft@1.21.1/net.minecraft.client.sounds.SoundManager.apply(SoundManager.java:128) ~[client-1.21.1-20240808.144430-srg.jar%23232!/:?] {re:mixin,pl:connector_pre_launch:A,re:classloading,pl:mixin:APP:fabric-resource-loader-v0.client.mixins.json:KeyedResourceReloadListenerClientMixin from mod fabric_resource_loader_v0,pl:mixin:APP:simulated.mixins.json:sounds.SoundManagerMixin from mod simulated,pl:mixin:APP:sound_physics_remastered.mixins.json:SoundManagerAccessor from mod (unknown),pl:mixin:A,pl:connector_pre_launch:A}
	at TRANSFORMER/minecraft@1.21.1/net.minecraft.client.sounds.SoundManager.apply(SoundManager.java:42) ~[client-1.21.1-20240808.144430-srg.jar%23232!/:?] {re:mixin,pl:connector_pre_launch:A,re:classloading,pl:mixin:APP:fabric-resource-loader-v0.client.mixins.json:KeyedResourceReloadListenerClientMixin from mod fabric_resource_loader_v0,pl:mixin:APP:simulated.mixins.json:sounds.SoundManagerMixin from mod simulated,pl:mixin:APP:sound_physics_remastered.mixins.json:SoundManagerAccessor from mod (unknown),pl:mixin:A,pl:connector_pre_launch:A}
	at TRANSFORMER/minecraft@1.21.1/net.minecraft.server.packs.resources.SimplePreparableReloadListener.lambda$reload$1(SimplePreparableReloadListener.java:19) ~[client-1.21.1-20240808.144430-srg.jar%23232!/:?] {re:mixin,pl:connector_pre_launch:A,re:computing_frames,pl:connector_pre_launch:A,re:classloading,pl:mixin:APP:fabric-resource-conditions-api-v1.mixins.json:SinglePreparationResourceReloaderMixin from mod fabric_resource_conditions_api_v1,pl:mixin:A,pl:connector_pre_launch:A}
	at java.base/java.util.concurrent.CompletableFuture$UniAccept.tryFire(Unknown Source) ~[?:?] {}
	at java.base/java.util.concurrent.CompletableFuture$Completion.run(Unknown Source) ~[?:?] {}
	at TRANSFORMER/minecraft@1.21.1/net.minecraft.server.packs.resources.SimpleReloadInstance.lambda$new$3(SimpleReloadInstance.java:69) ~[client-1.21.1-20240808.144430-srg.jar%23232!/:?] {re:mixin,pl:connector_pre_launch:A,re:classloading,pl:mixin:APP:modernfix-modernfix.mixins.json:feature.measure_time.SimpleReloadInstanceMixin from mod modernfix,pl:mixin:APP:veil.debug.mixins.json:SimpleReloadInstanceMixin from mod veil,pl:mixin:APP:fabric-resource-loader-v0.mixins.json:SimpleResourceReloadMixin from mod fabric_resource_loader_v0,pl:mixin:A,pl:connector_pre_launch:A}
	at TRANSFORMER/minecraft@1.21.1/net.minecraft.util.thread.BlockableEventLoop.doRunTask(BlockableEventLoop.java:148) ~[client-1.21.1-20240808.144430-srg.jar%23232!/:?] {re:mixin,pl:accesstransformer:B,pl:connector_pre_launch:A,re:computing_frames,pl:accesstransformer:B,pl:connector_pre_launch:A,re:classloading,pl:accesstransformer:B,pl:connector_pre_launch:A}
	at TRANSFORMER/minecraft@1.21.1/net.minecraft.util.thread.ReentrantBlockableEventLoop.doRunTask(ReentrantBlockableEventLoop.java:23) ~[client-1.21.1-20240808.144430-srg.jar%23232!/:?] {re:mixin,pl:connector_pre_launch:A,re:computing_frames,pl:connector_pre_launch:A,re:classloading,pl:connector_pre_launch:A}
	at TRANSFORMER/minecraft@1.21.1/net.minecraft.util.thread.BlockableEventLoop.pollTask(BlockableEventLoop.java:122) ~[client-1.21.1-20240808.144430-srg.jar%23232!/:?] {re:mixin,pl:accesstransformer:B,pl:connector_pre_launch:A,re:computing_frames,pl:accesstransformer:B,pl:connector_pre_launch:A,re:classloading,pl:accesstransformer:B,pl:connector_pre_launch:A}
	at TRANSFORMER/minecraft@1.21.1/net.minecraft.util.thread.BlockableEventLoop.runAllTasks(BlockableEventLoop.java:111) ~[client-1.21.1-20240808.144430-srg.jar%23232!/:?] {re:mixin,pl:accesstransformer:B,pl:connector_pre_launch:A,re:computing_frames,pl:accesstransformer:B,pl:connector_pre_launch:A,re:classloading,pl:accesstransformer:B,pl:connector_pre_launch:A}
	at TRANSFORMER/minecraft@1.21.1/net.minecraft.client.Minecraft.runTick(Minecraft.java:1155) ~[client-1.21.1-20240808.144430-srg.jar%23232!/:?] {re:mixin,pl:accesstransformer:B,pl:connector_pre_launch:A,pl:runtimedistcleaner:A,re:classloading,pl:accesstransformer:B,pl:mixin:A,pl:connector_pre_launch:A,pl:runtimedistcleaner:A}
	at TRANSFORMER/minecraft@1.21.1/net.minecraft.client.Minecraft.run(Minecraft.java:807) ~[client-1.21.1-20240808.144430-srg.jar%23232!/:?] {re:mixin,pl:accesstransformer:B,pl:connector_pre_launch:A,pl:runtimedistcleaner:A,re:classloading,pl:accesstransformer:B,pl:mixin:A,pl:connector_pre_launch:A,pl:runtimedistcleaner:A}
	at TRANSFORMER/minecraft@1.21.1/net.minecraft.client.main.Main.main(Main.java:230) ~[client-1.21.1-20240808.144430-srg.jar%23232!/:?] {re:mixin,pl:connector_pre_launch:A,pl:runtimedistcleaner:A,re:classloading,pl:mixin:APP:veil.debug.mixins.json:client.DebugMainMixin from mod veil,pl:mixin:A,pl:connector_pre_launch:A,pl:runtimedistcleaner:A}
	at java.base/jdk.internal.reflect.DirectMethodHandleAccessor.invoke(Unknown Source) ~[?:?] {}
	at java.base/java.lang.reflect.Method.invoke(Unknown Source) ~[?:?] {re:mixin}
	at MC-BOOTSTRAP/fml_loader@4.0.43/net.neoforged.fml.loading.targets.CommonLaunchHandler.runTarget(CommonLaunchHandler.java:136) ~[loader-4.0.43.jar%23119!/:4.0] {}
	at MC-BOOTSTRAP/fml_loader@4.0.43/net.neoforged.fml.loading.targets.CommonLaunchHandler.clientService(CommonLaunchHandler.java:124) ~[loader-4.0.43.jar%23119!/:4.0] {}
	at MC-BOOTSTRAP/fml_loader@4.0.43/net.neoforged.fml.loading.targets.CommonClientLaunchHandler.runService(CommonClientLaunchHandler.java:32) ~[loader-4.0.43.jar%23119!/:4.0] {}
	at MC-BOOTSTRAP/fml_loader@4.0.43/net.neoforged.fml.loading.targets.CommonLaunchHandler.lambda$launchService$4(CommonLaunchHandler.java:118) ~[loader-4.0.43.jar%23119!/:4.0] {}
	at MC-BOOTSTRAP/cpw.mods.modlauncher@11.0.5/cpw.mods.modlauncher.LaunchServiceHandlerDecorator.launch(LaunchServiceHandlerDecorator.java:30) [modlauncher-11.0.5.jar%23124!/:?] {}
	at MC-BOOTSTRAP/cpw.mods.modlauncher@11.0.5/cpw.mods.modlauncher.LaunchServiceHandler.launch(LaunchServiceHandler.java:53) [modlauncher-11.0.5.jar%23124!/:?] {}
	at MC-BOOTSTRAP/cpw.mods.modlauncher@11.0.5/cpw.mods.modlauncher.LaunchServiceHandler.launch(LaunchServiceHandler.java:71) [modlauncher-11.0.5.jar%23124!/:?] {}
	at MC-BOOTSTRAP/cpw.mods.modlauncher@11.0.5/cpw.mods.modlauncher.Launcher.run(Launcher.java:103) [modlauncher-11.0.5.jar%23124!/:?] {}
	at MC-BOOTSTRAP/cpw.mods.modlauncher@11.0.5/cpw.mods.modlauncher.Launcher.main(Launcher.java:74) [modlauncher-11.0.5.jar%23124!/:?] {}
	at MC-BOOTSTRAP/cpw.mods.modlauncher@11.0.5/cpw.mods.modlauncher.BootstrapLaunchConsumer.accept(BootstrapLaunchConsumer.java:26) [modlauncher-11.0.5.jar%23124!/:?] {}
	at MC-BOOTSTRAP/cpw.mods.modlauncher@11.0.5/cpw.mods.modlauncher.BootstrapLaunchConsumer.accept(BootstrapLaunchConsumer.java:23) [modlauncher-11.0.5.jar%23124!/:?] {}
	at cpw.mods.bootstraplauncher@2.0.2/cpw.mods.bootstraplauncher.BootstrapLauncher.run(BootstrapLauncher.java:210) [bootstraplauncher-2.0.2.jar:?] {}
	at cpw.mods.bootstraplauncher@2.0.2/cpw.mods.bootstraplauncher.BootstrapLauncher.main(BootstrapLauncher.java:69) [bootstraplauncher-2.0.2.jar:?] {}
[02:22:07] [Render thread/ERROR] [ne.ne.fm.ModLoader/]: Cowardly refusing to send event net.neoforged.neoforge.client.event.sound.SoundEngineLoadEvent to a broken mod state
[02:22:07] [Render thread/INFO] [minecraft/TextureAtlas]: Created: 1024x512x0 minecraft:textures/atlas/blocks.png-atlas
[02:22:07] [Render thread/ERROR] [ne.ne.fm.ModLoader/]: Cowardly refusing to send event net.neoforged.neoforge.client.event.TextureAtlasStitchedEvent to a broken mod state
[02:22:07] [Render thread/INFO] [minecraft/TextureAtlas]: Created: 256x256x0 minecraft:textures/atlas/signs.png-atlas
[02:22:07] [Render thread/ERROR] [ne.ne.fm.ModLoader/]: Cowardly refusing to send event net.neoforged.neoforge.client.event.TextureAtlasStitchedEvent to a broken mod state
[02:22:07] [Render thread/INFO] [minecraft/TextureAtlas]: Created: 512x512x0 minecraft:textures/atlas/banner_patterns.png-atlas
[02:22:07] [Render thread/ERROR] [ne.ne.fm.ModLoader/]: Cowardly refusing to send event net.neoforged.neoforge.client.event.TextureAtlasStitchedEvent to a broken mod state
[02:22:07] [Render thread/INFO] [minecraft/TextureAtlas]: Created: 512x512x0 minecraft:textures/atlas/shield_patterns.png-atlas
[02:22:07] [Render thread/ERROR] [ne.ne.fm.ModLoader/]: Cowardly refusing to send event net.neoforged.neoforge.client.event.TextureAtlasStitchedEvent to a broken mod state
[02:22:07] [Render thread/INFO] [minecraft/TextureAtlas]: Created: 1024x1024x0 minecraft:textures/atlas/armor_trims.png-atlas
[02:22:07] [Render thread/ERROR] [ne.ne.fm.ModLoader/]: Cowardly refusing to send event net.neoforged.neoforge.client.event.TextureAtlasStitchedEvent to a broken mod state
[02:22:07] [Render thread/INFO] [minecraft/TextureAtlas]: Created: 128x64x0 minecraft:textures/atlas/decorated_pot.png-atlas
[02:22:07] [Render thread/ERROR] [ne.ne.fm.ModLoader/]: Cowardly refusing to send event net.neoforged.neoforge.client.event.TextureAtlasStitchedEvent to a broken mod state
[02:22:07] [Render thread/INFO] [minecraft/TextureAtlas]: Created: 256x256x0 minecraft:textures/atlas/chest.png-atlas
[02:22:07] [Render thread/ERROR] [ne.ne.fm.ModLoader/]: Cowardly refusing to send event net.neoforged.neoforge.client.event.TextureAtlasStitchedEvent to a broken mod state
[02:22:07] [Render thread/INFO] [minecraft/TextureAtlas]: Created: 512x256x0 minecraft:textures/atlas/shulker_boxes.png-atlas
[02:22:07] [Render thread/ERROR] [ne.ne.fm.ModLoader/]: Cowardly refusing to send event net.neoforged.neoforge.client.event.TextureAtlasStitchedEvent to a broken mod state
[02:22:07] [Render thread/INFO] [minecraft/TextureAtlas]: Created: 512x256x0 minecraft:textures/atlas/beds.png-atlas
[02:22:07] [Render thread/ERROR] [ne.ne.fm.ModLoader/]: Cowardly refusing to send event net.neoforged.neoforge.client.event.TextureAtlasStitchedEvent to a broken mod state
[02:22:07] [Render thread/ERROR] [ne.ne.fm.ModLoader/]: Cowardly refusing to send event net.neoforged.neoforge.client.event.ModelEvent$BakingCompleted to a broken mod state
[02:22:08] [Render thread/ERROR] [ne.ne.fm.ModLoader/]: Cowardly refusing to send event net.neoforged.neoforge.client.event.EntityRenderersEvent$CreateSkullModels to a broken mod state
[02:22:08] [Render thread/ERROR] [ne.ne.fm.ModLoader/]: Cowardly refusing to send event net.neoforged.neoforge.client.event.EntityRenderersEvent$CreateSkullModels to a broken mod state
[02:22:08] [Render thread/ERROR] [ne.ne.fm.ModLoader/]: Cowardly refusing to send event net.neoforged.neoforge.client.event.EntityRenderersEvent$CreateSkullModels to a broken mod state
[02:22:08] [Render thread/ERROR] [ne.ne.fm.ModLoader/]: Cowardly refusing to send event net.neoforged.neoforge.client.event.EntityRenderersEvent$CreateSkullModels to a broken mod state
[02:22:08] [Render thread/ERROR] [ne.ne.fm.ModLoader/]: Cowardly refusing to send event net.neoforged.neoforge.client.event.EntityRenderersEvent$CreateSkullModels to a broken mod state
[02:22:08] [Render thread/ERROR] [ne.ne.fm.ModLoader/]: Cowardly refusing to send event net.neoforged.neoforge.client.event.EntityRenderersEvent$CreateSkullModels to a broken mod state
[02:22:08] [Render thread/ERROR] [ne.ne.fm.ModLoader/]: Cowardly refusing to send event net.neoforged.neoforge.client.event.EntityRenderersEvent$CreateSkullModels to a broken mod state
[02:22:08] [Render thread/ERROR] [ne.ne.fm.ModLoader/]: Cowardly refusing to send event net.neoforged.neoforge.client.event.EntityRenderersEvent$CreateSkullModels to a broken mod state
[02:22:08] [Render thread/ERROR] [ne.ne.fm.ModLoader/]: Cowardly refusing to send event net.neoforged.neoforge.client.event.EntityRenderersEvent$CreateSkullModels to a broken mod state
[02:22:08] [Render thread/ERROR] [ne.ne.fm.ModLoader/]: Cowardly refusing to send event net.neoforged.neoforge.client.event.EntityRenderersEvent$CreateSkullModels to a broken mod state
[02:22:08] [Render thread/ERROR] [ne.ne.fm.ModLoader/]: Cowardly refusing to send event net.neoforged.neoforge.client.event.EntityRenderersEvent$CreateSkullModels to a broken mod state
[02:22:08] [Render thread/ERROR] [ne.ne.fm.ModLoader/]: Cowardly refusing to send event net.neoforged.neoforge.client.event.EntityRenderersEvent$CreateSkullModels to a broken mod state
[02:22:08] [Render thread/ERROR] [ne.ne.fm.ModLoader/]: Cowardly refusing to send event net.neoforged.neoforge.client.event.EntityRenderersEvent$CreateSkullModels to a broken mod state
[02:22:08] [Render thread/ERROR] [ne.ne.fm.ModLoader/]: Cowardly refusing to send event net.neoforged.neoforge.client.event.EntityRenderersEvent$CreateSkullModels to a broken mod state
[02:22:08] [Render thread/ERROR] [ne.ne.fm.ModLoader/]: Cowardly refusing to send event net.neoforged.neoforge.client.event.EntityRenderersEvent$CreateSkullModels to a broken mod state
[02:22:08] [Render thread/ERROR] [ne.ne.fm.ModLoader/]: Cowardly refusing to send event net.neoforged.neoforge.client.event.EntityRenderersEvent$CreateSkullModels to a broken mod state
[02:22:08] [Render thread/ERROR] [ne.ne.fm.ModLoader/]: Cowardly refusing to send event net.neoforged.neoforge.client.event.EntityRenderersEvent$CreateSkullModels to a broken mod state
[02:22:08] [Render thread/ERROR] [ne.ne.fm.ModLoader/]: Cowardly refusing to send event net.neoforged.neoforge.client.event.EntityRenderersEvent$CreateSkullModels to a broken mod state
[02:22:08] [Render thread/ERROR] [ne.ne.fm.ModLoader/]: Cowardly refusing to send event net.neoforged.neoforge.client.event.EntityRenderersEvent$CreateSkullModels to a broken mod state
[02:22:08] [Render thread/ERROR] [ne.ne.fm.ModLoader/]: Cowardly refusing to send event net.neoforged.neoforge.client.event.EntityRenderersEvent$CreateSkullModels to a broken mod state
[02:22:08] [Render thread/ERROR] [ne.ne.fm.ModLoader/]: Cowardly refusing to send event net.neoforged.neoforge.client.event.EntityRenderersEvent$CreateSkullModels to a broken mod state
[02:22:08] [Render thread/ERROR] [ne.ne.fm.ModLoader/]: Cowardly refusing to send event net.neoforged.neoforge.client.event.EntityRenderersEvent$CreateSkullModels to a broken mod state
[02:22:08] [Render thread/ERROR] [ne.ne.fm.ModLoader/]: Cowardly refusing to send event net.neoforged.neoforge.client.event.EntityRenderersEvent$AddLayers to a broken mod state
[02:22:08] [Render thread/INFO] [minecraft/TextureAtlas]: Created: 512x256x0 minecraft:textures/atlas/particles.png-atlas
[02:22:08] [Render thread/ERROR] [ne.ne.fm.ModLoader/]: Cowardly refusing to send event net.neoforged.neoforge.client.event.TextureAtlasStitchedEvent to a broken mod state
[02:22:08] [Render thread/INFO] [minecraft/TextureAtlas]: Created: 512x256x0 minecraft:textures/atlas/paintings.png-atlas
[02:22:08] [Render thread/ERROR] [ne.ne.fm.ModLoader/]: Cowardly refusing to send event net.neoforged.neoforge.client.event.TextureAtlasStitchedEvent to a broken mod state
[02:22:08] [Render thread/INFO] [minecraft/TextureAtlas]: Created: 256x128x0 minecraft:textures/atlas/mob_effects.png-atlas
[02:22:08] [Render thread/ERROR] [ne.ne.fm.ModLoader/]: Cowardly refusing to send event net.neoforged.neoforge.client.event.TextureAtlasStitchedEvent to a broken mod state
[02:22:08] [Render thread/INFO] [minecraft/TextureAtlas]: Created: 64x64x0 minecraft:textures/atlas/map_decorations.png-atlas
[02:22:08] [Render thread/ERROR] [ne.ne.fm.ModLoader/]: Cowardly refusing to send event net.neoforged.neoforge.client.event.TextureAtlasStitchedEvent to a broken mod state
[02:22:08] [Render thread/INFO] [minecraft/TextureAtlas]: Created: 1024x512x0 minecraft:textures/atlas/gui.png-atlas
[02:22:08] [Render thread/ERROR] [ne.ne.fm.ModLoader/]: Cowardly refusing to send event net.neoforged.neoforge.client.event.TextureAtlasStitchedEvent to a broken mod state
[02:22:08] [Render thread/WARN] [minecraft/ShaderInstance]: Shader rendertype_entity_translucent_emissive could not find sampler named Sampler2 in the specified shader program.
[02:22:08] [Render thread/ERROR] [ne.ne.fm.ModLoader/]: Cowardly refusing to send event net.neoforged.neoforge.client.event.RegisterShadersEvent to a broken mod state
[02:22:08] [Render thread/ERROR] [ne.ne.fm.ModLoader/]: Cowardly refusing to send event dev.engine_room.flywheel.api.event.EndClientResourceReloadEvent to a broken mod state
[02:22:08] [Render thread/WARN] [minecraft/SystemReport]: Failed retrieving info for group processor
java.io.UncheckedIOException: java.nio.file.AccessDeniedException: /sys/devices/system/cpu/bus_dcvs/DDR/soc:qcom,memlat:ddr:silver/freqvote_ms
	at java.base/java.nio.file.FileTreeIterator.fetchNextIfNeeded(Unknown Source) ~[?:?] {}
	at java.base/java.nio.file.FileTreeIterator.hasNext(Unknown Source) ~[?:?] {}
	at java.base/java.util.Iterator.forEachRemaining(Unknown Source) ~[?:?] {re:mixin}
	at java.base/java.util.Spliterators$IteratorSpliterator.forEachRemaining(Unknown Source) ~[?:?] {}
	at java.base/java.util.stream.AbstractPipeline.copyInto(Unknown Source) ~[?:?] {}
	at java.base/java.util.stream.AbstractPipeline.wrapAndCopyInto(Unknown Source) ~[?:?] {}
	at java.base/java.util.stream.ForEachOps$ForEachOp.evaluateSequential(Unknown Source) ~[?:?] {}
	at java.base/java.util.stream.ForEachOps$ForEachOp$OfRef.evaluateSequential(Unknown Source) ~[?:?] {}
	at java.base/java.util.stream.AbstractPipeline.evaluate(Unknown Source) ~[?:?] {}
	at java.base/java.util.stream.ReferencePipeline.forEach(Unknown Source) ~[?:?] {}
	at MC-BOOTSTRAP/com.github.oshi@6.4.10/oshi.hardware.platform.linux.LinuxCentralProcessor.readTopologyFromSysfs(LinuxCentralProcessor.java:246) ~[oshi-core-6.4.10.jar%2378!/:6.4.10] {}
	at MC-BOOTSTRAP/com.github.oshi@6.4.10/oshi.hardware.platform.linux.LinuxCentralProcessor.initProcessorCounts(LinuxCentralProcessor.java:173) ~[oshi-core-6.4.10.jar%2378!/:6.4.10] {}
	at MC-BOOTSTRAP/com.github.oshi@6.4.10/oshi.hardware.common.AbstractCentralProcessor.<init>(AbstractCentralProcessor.java:67) ~[oshi-core-6.4.10.jar%2378!/:6.4.10] {}
	at MC-BOOTSTRAP/com.github.oshi@6.4.10/oshi.hardware.platform.linux.LinuxCentralProcessor.<init>(LinuxCentralProcessor.java:58) ~[oshi-core-6.4.10.jar%2378!/:6.4.10] {}
	at MC-BOOTSTRAP/com.github.oshi@6.4.10/oshi.hardware.platform.linux.LinuxHardwareAbstractionLayer.createProcessor(LinuxHardwareAbstractionLayer.java:43) ~[oshi-core-6.4.10.jar%2378!/:6.4.10] {}
	at MC-BOOTSTRAP/com.github.oshi@6.4.10/oshi.util.Memoizer$1.get(Memoizer.java:61) ~[oshi-core-6.4.10.jar%2378!/:6.4.10] {}
	at MC-BOOTSTRAP/com.github.oshi@6.4.10/oshi.hardware.common.AbstractHardwareAbstractionLayer.getProcessor(AbstractHardwareAbstractionLayer.java:48) ~[oshi-core-6.4.10.jar%2378!/:6.4.10] {}
	at TRANSFORMER/minecraft@1.21.1/net.minecraft.SystemReport.lambda$putHardware$4(SystemReport.java:79) ~[client-1.21.1-20240808.144430-srg.jar%23232!/:?] {re:mixin,pl:connector_pre_launch:A,re:classloading,pl:mixin:APP:create.mixins.json:accessor.SystemReportAccessor from mod create,pl:mixin:A,pl:connector_pre_launch:A}
	at TRANSFORMER/minecraft@1.21.1/net.minecraft.SystemReport.ignoreErrors(SystemReport.java:87) ~[client-1.21.1-20240808.144430-srg.jar%23232!/:?] {re:mixin,pl:connector_pre_launch:A,re:classloading,pl:mixin:APP:create.mixins.json:accessor.SystemReportAccessor from mod create,pl:mixin:A,pl:connector_pre_launch:A}
	at TRANSFORMER/minecraft@1.21.1/net.minecraft.SystemReport.putHardware(SystemReport.java:79) ~[client-1.21.1-20240808.144430-srg.jar%23232!/:?] {re:mixin,pl:connector_pre_launch:A,re:classloading,pl:mixin:APP:create.mixins.json:accessor.SystemReportAccessor from mod create,pl:mixin:A,pl:connector_pre_launch:A}
	at TRANSFORMER/minecraft@1.21.1/net.minecraft.SystemReport.lambda$new$2(SystemReport.java:56) ~[client-1.21.1-20240808.144430-srg.jar%23232!/:?] {re:mixin,pl:connector_pre_launch:A,re:classloading,pl:mixin:APP:create.mixins.json:accessor.SystemReportAccessor from mod create,pl:mixin:A,pl:connector_pre_launch:A}
	at TRANSFORMER/minecraft@1.21.1/net.minecraft.SystemReport.ignoreErrors(SystemReport.java:87) ~[client-1.21.1-20240808.144430-srg.jar%23232!/:?] {re:mixin,pl:connector_pre_launch:A,re:classloading,pl:mixin:APP:create.mixins.json:accessor.SystemReportAccessor from mod create,pl:mixin:A,pl:connector_pre_launch:A}
	at TRANSFORMER/minecraft@1.21.1/net.minecraft.SystemReport.<init>(SystemReport.java:56) ~[client-1.21.1-20240808.144430-srg.jar%23232!/:?] {re:mixin,pl:connector_pre_launch:A,re:classloading,pl:mixin:APP:create.mixins.json:accessor.SystemReportAccessor from mod create,pl:mixin:A,pl:connector_pre_launch:A}
	at TRANSFORMER/minecraft@1.21.1/net.minecraft.CrashReport.<init>(CrashReport.java:32) ~[client-1.21.1-20240808.144430-srg.jar%23232!/:?] {re:mixin,pl:connector_pre_launch:A,re:classloading,pl:connector_pre_launch:A}
	at TRANSFORMER/minecraft@1.21.1/net.minecraft.CrashReport.forThrowable(CrashReport.java:198) ~[client-1.21.1-20240808.144430-srg.jar%23232!/:?] {re:mixin,pl:connector_pre_launch:A,re:classloading,pl:connector_pre_launch:A}
	at TRANSFORMER/neoforge@21.1.240/net.neoforged.neoforge.logging.CrashReportExtender.dumpModLoadingCrashReport(CrashReportExtender.java:61) ~[neoforge-21.1.240-universal.jar%23233!/:?] {re:classloading}
	at TRANSFORMER/neoforge@21.1.240/net.neoforged.neoforge.client.loading.ClientModLoader.completeModLoading(ClientModLoader.java:123) ~[neoforge-21.1.240-universal.jar%23233!/:?] {re:classloading}
	at TRANSFORMER/minecraft@1.21.1/net.minecraft.client.Minecraft.buildInitialScreens(Minecraft.java:673) ~[client-1.21.1-20240808.144430-srg.jar%23232!/:?] {re:mixin,pl:accesstransformer:B,pl:connector_pre_launch:A,pl:runtimedistcleaner:A,re:classloading,pl:accesstransformer:B,pl:mixin:A,pl:connector_pre_launch:A,pl:runtimedistcleaner:A}
	at TRANSFORMER/minecraft@1.21.1/net.minecraft.client.Minecraft.onGameLoadFinished(Minecraft.java:646) ~[client-1.21.1-20240808.144430-srg.jar%23232!/:?] {re:mixin,pl:accesstransformer:B,pl:connector_pre_launch:A,pl:runtimedistcleaner:A,re:classloading,pl:accesstransformer:B,pl:mixin:A,pl:connector_pre_launch:A,pl:runtimedistcleaner:A}
	at TRANSFORMER/minecraft@1.21.1/net.minecraft.client.Minecraft.onResourceLoadFinished(Minecraft.java:641) ~[client-1.21.1-20240808.144430-srg.jar%23232!/:?] {re:mixin,pl:accesstransformer:B,pl:connector_pre_launch:A,pl:runtimedistcleaner:A,re:classloading,pl:accesstransformer:B,pl:mixin:A,pl:connector_pre_launch:A,pl:runtimedistcleaner:A}
	at TRANSFORMER/minecraft@1.21.1/net.minecraft.client.Minecraft.lambda$new$7(Minecraft.java:629) ~[client-1.21.1-20240808.144430-srg.jar%23232!/:?] {re:mixin,pl:accesstransformer:B,pl:connector_pre_launch:A,pl:runtimedistcleaner:A,re:classloading,pl:accesstransformer:B,pl:mixin:A,pl:connector_pre_launch:A,pl:runtimedistcleaner:A}
	at TRANSFORMER/minecraft@1.21.1/net.minecraft.Util.ifElse(Util.java:513) ~[client-1.21.1-20240808.144430-srg.jar%23232!/:?] {re:mixin,pl:accesstransformer:B,pl:connector_pre_launch:A,re:classloading,pl:accesstransformer:B,pl:mixin:APP:modernfix-modernfix.mixins.json:perf.thread_priorities.UtilMixin from mod modernfix,pl:mixin:A,pl:connector_pre_launch:A}
	at TRANSFORMER/minecraft@1.21.1/net.minecraft.client.Minecraft.lambda$new$8(Minecraft.java:623) ~[client-1.21.1-20240808.144430-srg.jar%23232!/:?] {re:mixin,pl:accesstransformer:B,pl:connector_pre_launch:A,pl:runtimedistcleaner:A,re:classloading,pl:accesstransformer:B,pl:mixin:A,pl:connector_pre_launch:A,pl:runtimedistcleaner:A}
	at TRANSFORMER/neoforge@21.1.240/net.neoforged.neoforge.client.loading.NeoForgeLoadingOverlay.render(NeoForgeLoadingOverlay.java:145) ~[neoforge-21.1.240-universal.jar%23233!/:?] {re:classloading}
	at TRANSFORMER/minecraft@1.21.1/net.minecraft.client.renderer.GameRenderer.render(GameRenderer.java:1081) ~[client-1.21.1-20240808.144430-srg.jar%23232!/:?] {re:mixin,pl:accesstransformer:B,pl:connector_pre_launch:A,pl:runtimedistcleaner:A,re:classloading,pl:accesstransformer:B,pl:mixin:APP:sodium-extra.mixins.json:fps.MixinGameRenderer from mod sodium_extra,pl:mixin:APP:sodium-extra.mixins.json:panini_projection.MixinGameRenderer from mod sodium_extra,pl:mixin:APP:sodium-extra.mixins.json:prevent_shaders.MixinGameRenderer from mod sodium_extra,pl:mixin:APP:ntgl.mixin.json:ntgl.client.GameRendererMixin from mod ntgl,pl:mixin:APP:ntgl.mixin.json:chassis.client.GameRendererMixin from mod ntgl,pl:mixin:APP:veil.debug.mixins.json:accessor.DebugGameRendererAccessor from mod veil,pl:mixin:APP:veil.debug.mixins.json:client.profiler.GameRendererMixin from mod veil,pl:mixin:APP:veil.dynamicbuffer.mixins.json:accessor.DynamicBufferGameRendererAccessor from mod veil,pl:mixin:APP:veil.dynamicbuffer.mixins.json:client.DynamicBufferGameRendererMixin from mod veil,pl:mixin:APP:veil.perspective.mixins.json:accessor.GameRendererAccessor from mod veil,pl:mixin:APP:veil.pipeline.mixins.json:client.PipelineGameRendererMixin from mod veil,pl:mixin:APP:veil.shader.mixins.json:client.ShaderGameRendererMixin from mod veil,pl:mixin:APP:aaa_particles-common.mixins.json:client.MixinGameRenderer from mod aaa_particles,pl:mixin:APP:sodium-common.mixins.json:features.gui.hooks.console.GameRendererMixin from mod sodium,pl:mixin:APP:dannys-aot.client.mixins.json:FovMixin from mod dannys_aot,pl:mixin:APP:dannys-aot.client.mixins.json:client.ViewBobMixin from mod dannys_aot,pl:mixin:APP:ponder-common.mixins.json:client.accessor.GameRendererAccessor from mod ponder,pl:mixin:APP:create.mixins.json:client.GameRendererMixin from mod create,pl:mixin:APP:simulated.mixins.json:throttle_lever.GameRendererMixin from mod simulated,pl:mixin:APP:sable.mixins.json:camera.new_camera_types.GameRendererMixin from mod sable,pl:mixin:APP:sable.mixins.json:clip_overwrite.GameRendererMixin from mod sable,pl:mixin:APP:sable.mixins.json:config.GameRendererAccessor from mod sable,pl:mixin:APP:sable.mixins.json:entity.entities_turn_with_sub_levels.GameRendererMixin from mod sable,pl:mixin:APP:sable.mixins.json:water_occlusion.GameRendererMixin from mod sable,pl:mixin:APP:aeroworks.mixins.json:client.GameRendererMixin from mod aeroworks,pl:mixin:APP:immediatelyfast-common.mixins.json:core.MixinGameRenderer from mod immediatelyfast,pl:mixin:APP:immediatelyfast-common.mixins.json:core.compat.MixinGameRenderer from mod immediatelyfast,pl:mixin:APP:immediatelyfast-common.mixins.json:hud_batching.MixinGameRenderer from mod immediatelyfast,pl:mixin:APP:aero_cam_sync.mixins.json:client.GameRendererPickMixin from mod aero_cam_sync,pl:mixin:APP:createthrusters-main.mixins.json:AeroCamSyncGameRendererPickGuardMixin from mod createthrusters,pl:mixin:A,pl:connector_pre_launch:A,pl:runtimedistcleaner:A}
	at TRANSFORMER/minecraft@1.21.1/net.minecraft.client.Minecraft.runTick(Minecraft.java:1195) ~[client-1.21.1-20240808.144430-srg.jar%23232!/:?] {re:mixin,pl:accesstransformer:B,pl:connector_pre_launch:A,pl:runtimedistcleaner:A,re:classloading,pl:accesstransformer:B,pl:mixin:A,pl:connector_pre_launch:A,pl:runtimedistcleaner:A}
	at TRANSFORMER/minecraft@1.21.1/net.minecraft.client.Minecraft.run(Minecraft.java:807) ~[client-1.21.1-20240808.144430-srg.jar%23232!/:?] {re:mixin,pl:accesstransformer:B,pl:connector_pre_launch:A,pl:runtimedistcleaner:A,re:classloading,pl:accesstransformer:B,pl:mixin:A,pl:connector_pre_launch:A,pl:runtimedistcleaner:A}
	at TRANSFORMER/minecraft@1.21.1/net.minecraft.client.main.Main.main(Main.java:230) ~[client-1.21.1-20240808.144430-srg.jar%23232!/:?] {re:mixin,pl:connector_pre_launch:A,pl:runtimedistcleaner:A,re:classloading,pl:mixin:APP:veil.debug.mixins.json:client.DebugMainMixin from mod veil,pl:mixin:A,pl:connector_pre_launch:A,pl:runtimedistcleaner:A}
	at java.base/jdk.internal.reflect.DirectMethodHandleAccessor.invoke(Unknown Source) ~[?:?] {}
	at java.base/java.lang.reflect.Method.invoke(Unknown Source) ~[?:?] {re:mixin}
	at MC-BOOTSTRAP/fml_loader@4.0.43/net.neoforged.fml.loading.targets.CommonLaunchHandler.runTarget(CommonLaunchHandler.java:136) ~[loader-4.0.43.jar%23119!/:4.0] {}
	at MC-BOOTSTRAP/fml_loader@4.0.43/net.neoforged.fml.loading.targets.CommonLaunchHandler.clientService(CommonLaunchHandler.java:124) ~[loader-4.0.43.jar%23119!/:4.0] {}
	at MC-BOOTSTRAP/fml_loader@4.0.43/net.neoforged.fml.loading.targets.CommonClientLaunchHandler.runService(CommonClientLaunchHandler.java:32) ~[loader-4.0.43.jar%23119!/:4.0] {}
	at MC-BOOTSTRAP/fml_loader@4.0.43/net.neoforged.fml.loading.targets.CommonLaunchHandler.lambda$launchService$4(CommonLaunchHandler.java:118) ~[loader-4.0.43.jar%23119!/:4.0] {}
	at MC-BOOTSTRAP/cpw.mods.modlauncher@11.0.5/cpw.mods.modlauncher.LaunchServiceHandlerDecorator.launch(LaunchServiceHandlerDecorator.java:30) [modlauncher-11.0.5.jar%23124!/:?] {}
	at MC-BOOTSTRAP/cpw.mods.modlauncher@11.0.5/cpw.mods.modlauncher.LaunchServiceHandler.launch(LaunchServiceHandler.java:53) [modlauncher-11.0.5.jar%23124!/:?] {}
	at MC-BOOTSTRAP/cpw.mods.modlauncher@11.0.5/cpw.mods.modlauncher.LaunchServiceHandler.launch(LaunchServiceHandler.java:71) [modlauncher-11.0.5.jar%23124!/:?] {}
	at MC-BOOTSTRAP/cpw.mods.modlauncher@11.0.5/cpw.mods.modlauncher.Launcher.run(Launcher.java:103) [modlauncher-11.0.5.jar%23124!/:?] {}
	at MC-BOOTSTRAP/cpw.mods.modlauncher@11.0.5/cpw.mods.modlauncher.Launcher.main(Launcher.java:74) [modlauncher-11.0.5.jar%23124!/:?] {}
	at MC-BOOTSTRAP/cpw.mods.modlauncher@11.0.5/cpw.mods.modlauncher.BootstrapLaunchConsumer.accept(BootstrapLaunchConsumer.java:26) [modlauncher-11.0.5.jar%23124!/:?] {}
	at MC-BOOTSTRAP/cpw.mods.modlauncher@11.0.5/cpw.mods.modlauncher.BootstrapLaunchConsumer.accept(BootstrapLaunchConsumer.java:23) [modlauncher-11.0.5.jar%23124!/:?] {}
	at cpw.mods.bootstraplauncher@2.0.2/cpw.mods.bootstraplauncher.BootstrapLauncher.run(BootstrapLauncher.java:210) [bootstraplauncher-2.0.2.jar:?] {}
	at cpw.mods.bootstraplauncher@2.0.2/cpw.mods.bootstraplauncher.BootstrapLauncher.main(BootstrapLauncher.java:69) [bootstraplauncher-2.0.2.jar:?] {}
Caused by: java.nio.file.AccessDeniedException: /sys/devices/system/cpu/bus_dcvs/DDR/soc:qcom,memlat:ddr:silver/freqvote_ms
	at java.base/sun.nio.fs.UnixException.translateToIOException(Unknown Source) ~[?:?] {}
	at java.base/sun.nio.fs.UnixException.rethrowAsIOException(Unknown Source) ~[?:?] {}
	at java.base/sun.nio.fs.UnixException.rethrowAsIOException(Unknown Source) ~[?:?] {}
	at java.base/sun.nio.fs.UnixFileAttributeViews$Basic.readAttributes(Unknown Source) ~[?:?] {}
	at java.base/sun.nio.fs.UnixFileSystemProvider.readAttributes(Unknown Source) ~[?:?] {}
	at java.base/sun.nio.fs.LinuxFileSystemProvider.readAttributes(Unknown Source) ~[?:?] {}
	at java.base/java.nio.file.Files.readAttributes(Unknown Source) ~[?:?] {re:mixin}
	at java.base/java.nio.file.FileTreeWalker.getAttributes(Unknown Source) ~[?:?] {}
	at java.base/java.nio.file.FileTreeWalker.visit(Unknown Source) ~[?:?] {}
	at java.base/java.nio.file.FileTreeWalker.next(Unknown Source) ~[?:?] {}
	... 53 more
[02:22:10] [Render thread/ERROR] [minecraft/CrashReport]: Negative index in crash report handler (0/28)
[02:22:10] [Render thread/FATAL] [ne.ne.ne.co.NeoForgeMod/]: Preparing crash report with UUID dae3ba9f-b5f4-4aea-b9e6-e2fc3b5c2d99
[02:22:10] [Render thread/FATAL] [ne.ne.ne.cl.lo.ClientModLoader/]: Crash report saved to /storage/emulated/0/Android/data/com.movtery.zalithlauncher.v2/files/.minecraft/versions/1.21.1 NeoForge 21.1.240/crash-reports/crash-2026-07-26_02.22.10-fml.txt
[02:22:10] [Render thread/FATAL] [ne.ne.ne.co.NeoForgeMod/]: Preparing crash report with UUID b2322cb9-e384-4642-8497-40f87a1d328c
[02:22:10] [Render thread/INFO] [STDOUT/]: [net.minecraft.server.Bootstrap:realStdoutPrintln:135]: ---- Minecraft Crash Report ----

// Hi. I'm Connector, and I'm a crashaholic
=========================
SINYTRA CONNECTOR IS PRESENT!
Please verify issues are not caused by Connector before reporting them to mod authors.
If you're unsure, file a report on Connector's issue tracker found at https://github.com/Sinytra/Connector/issues.
=========================



// It's sable sunday
Please make sure this issue is not caused by Sable before reporting it to other mod authors.
If you cannot reproduce it without Sable, file a report on the issue tracker
https://github.com/ryanhcode/sable/issues

// Who set us up the TNT?

Time: 2026-07-26 02:22:10
Description: Mod loading failures have occurred; consult the issue messages for more details

net.neoforged.neoforge.logging.CrashReportExtender$ModLoadingCrashException: Mod loading has failed


A detailed walkthrough of the error, its code path and all known details is as follows:
---------------------------------------------------------------------------------------

-- Head --
Thread: Render thread
Stacktrace:
	at MC-BOOTSTRAP/net.neoforged.bus/net.neoforged.bus.EventBus.addToListeners(EventBus.java:272) ~[bus-8.0.5.jar%23122!/:?] {}
-- Mod loading issue for: daotcompat --
Details:
	Mod file: /storage/emulated/0/Android/data/com.movtery.zalithlauncher.v2/files/.minecraft/versions/1.21.1 NeoForge 21.1.240/mods/daotcompat-1.3.2-HOTFIX.jar
	Failure message: DAOT Aeronautics Compat (daotcompat) has failed to load correctly
		java.lang.IllegalArgumentException: Cannot register listeners for abstract class net.neoforged.neoforge.client.event.InputEvent$MouseButton. Register a listener to one of its subclasses instead!
	Mod version: 1.0.0
	Mod issues URL: https://github.com/armorberserk/daot-compat/issues
	Exception message: java.lang.IllegalArgumentException: Cannot register listeners for abstract class net.neoforged.neoforge.client.event.InputEvent$MouseButton. Register a listener to one of its subclasses instead!
Stacktrace:
	at MC-BOOTSTRAP/net.neoforged.bus/net.neoforged.bus.EventBus.addToListeners(EventBus.java:272) ~[bus-8.0.5.jar%23122!/:?] {}
	at MC-BOOTSTRAP/net.neoforged.bus/net.neoforged.bus.EventBus.register(EventBus.java:267) ~[bus-8.0.5.jar%23122!/:?] {}
	at MC-BOOTSTRAP/net.neoforged.bus/net.neoforged.bus.EventBus.registerListener(EventBus.java:186) ~[bus-8.0.5.jar%23122!/:?] {}
	at MC-BOOTSTRAP/net.neoforged.bus/net.neoforged.bus.EventBus.register(EventBus.java:111) ~[bus-8.0.5.jar%23122!/:?] {}
	at TRANSFORMER/daotcompat@1.0.0/com.armorberserk.daotcompat.DAOTCompat.<init>(DAOTCompat.java:80) ~[daotcompat-1.3.2-HOTFIX.jar%23273!/:1.0.0] {re:classloading}
	at java.base/jdk.internal.reflect.DirectConstructorHandleAccessor.newInstance(Unknown Source) ~[?:?] {}
	at java.base/java.lang.reflect.Constructor.newInstanceWithCaller(Unknown Source) ~[?:?] {re:mixin}
	at java.base/java.lang.reflect.Constructor.newInstance(Unknown Source) ~[?:?] {re:mixin}
	at MC-BOOTSTRAP/fml_loader@4.0.43/net.neoforged.fml.javafmlmod.FMLModContainer.constructMod(FMLModContainer.java:122) ~[loader-4.0.43.jar%23119!/:4.0] {}
	at MC-BOOTSTRAP/fml_loader@4.0.43/net.neoforged.fml.ModLoader.lambda$constructMods$3(ModLoader.java:153) ~[loader-4.0.43.jar%23119!/:4.0] {re:mixin}
	at MC-BOOTSTRAP/fml_loader@4.0.43/net.neoforged.fml.ModLoader.lambda$dispatchParallelTask$7(ModLoader.java:231) ~[loader-4.0.43.jar%23119!/:4.0] {re:mixin}
	at java.base/java.util.concurrent.CompletableFuture.uniHandle(Unknown Source) ~[?:?] {re:mixin}
	at java.base/java.util.concurrent.CompletableFuture$UniHandle.tryFire(Unknown Source) ~[?:?] {}
	at java.base/java.util.concurrent.CompletableFuture$Completion.exec(Unknown Source) ~[?:?] {}
	at java.base/java.util.concurrent.ForkJoinTask.doExec(Unknown Source) ~[?:?] {}
	at java.base/java.util.concurrent.ForkJoinPool$WorkQueue.topLevelExec(Unknown Source) ~[?:?] {}
	at java.base/java.util.concurrent.ForkJoinPool.scan(Unknown Source) ~[?:?] {re:mixin,re:computing_frames}
	at java.base/java.util.concurrent.ForkJoinPool.runWorker(Unknown Source) ~[?:?] {re:mixin,re:computing_frames}
	at java.base/java.util.concurrent.ForkJoinWorkerThread.run(Unknown Source) ~[?:?] {re:mixin}


-- System Details --
Details:
	Minecraft Version: 1.21.1
	Minecraft Version ID: 1.21.1
	Operating System: Linux (aarch64) version Android-16
	Java Version: 21.0.1-internal, N/A
	Java VM Version: OpenJDK 64-Bit Server VM (mixed mode), Oracle Corporation
	Memory: 1793434880 bytes (1710 MiB) / 4294967296 bytes (4096 MiB) up to 4294967296 bytes (4096 MiB)
	CPUs: 8
	Graphics card #0 name: unknown
	Graphics card #0 vendor: unknown
	Graphics card #0 VRAM (MiB): 0.00
	Graphics card #0 deviceId: unknown
	Graphics card #0 versionInfo: unknown
	Virtual memory max (MiB): 17885.50
	Virtual memory used (MiB): 14767.98
	Swap memory total (MiB): 12288.00
	Swap memory used (MiB): 4724.79
	Space in storage for jna.tmpdir (MiB): available: 23301.18, total: 227138.58
	Space in storage for org.lwjgl.system.SharedLibraryExtractPath (MiB): available: 23301.18, total: 227138.58
	Space in storage for io.netty.native.workdir (MiB): available: 23301.18, total: 227138.58
	Space in storage for java.io.tmpdir (MiB): available: 23301.18, total: 227138.58
	Space in storage for workdir (MiB): available: 23301.18, total: 227138.58
	JVM Flags: 4 total; -Xms4096M -Xmx4096M -XX:ActiveProcessorCount=8 -Xbootclasspath/a:/data/user/0/com.movtery.zalithlauncher.v2/files/components/caciocavallo17/cacio-agent.jar:/data/user/0/com.movtery.zalithlauncher.v2/files/components/caciocavallo17/cacio-shared-1.19.1-SNAPSHOT.jar:/data/user/0/com.movtery.zalithlauncher.v2/files/components/caciocavallo17/cacio-tta-1.19.1-SNAPSHOT.jar
	Sinytra Connector: 2.0.0-beta.15+1.21.1
		SINYTRA CONNECTOR IS PRESENT!
		Please verify issues are not caused by Connector before reporting them to mod authors. If you're unsure, file a report on Connector's issue tracker.
		Connector's issue tracker can be found at https://github.com/Sinytra/Connector/issues.
		Installed Fabric mods:
		| ================================================== | ============================== | ============================== | ==================== |
		| dannys-aot-2.4.2_mapped_moj_1.21.1.jar             | Danny's AoT                    | dannys_aot                     | 2.4.1                |
	ModLauncher: 11.0.5+main.901c6ea8
	ModLauncher launch target: forgeclient
	ModLauncher services: 
		sponge-mixin-0.15.2+mixin.0.8.7.jar mixin PLUGINSERVICE 
		loader-4.0.43.jar slf4jfixer PLUGINSERVICE 
		loader-4.0.43.jar runtime_enum_extender PLUGINSERVICE 
		at-modlauncher-10.0.1.jar accesstransformer PLUGINSERVICE 
		loader-4.0.43.jar runtimedistcleaner PLUGINSERVICE 
		modlauncher-11.0.5.jar mixin TRANSFORMATIONSERVICE 
		modlauncher-11.0.5.jar fml TRANSFORMATIONSERVICE 
		modlauncher-11.0.5.jar connector_loader TRANSFORMATIONSERVICE 
	FML Language Providers: 
		javafml@4.0
		lowcodefml@4.0
		minecraft@4.0
	Mod List: 
		aaa_particles-neoforge-1.21.1-2.2.3.jar           |AAA Particles                 |aaa_particles                 |2.2.3               |Manifest: NOSIGNATURE
		floatingendislands-0.1.jar                        |Actually Floating End Islands |floatingendislands            |0.1                 |Manifest: NOSIGNATURE
		aero_cam_sync-1.3.5.jar                           |Aeronautics Camera Sync       |aero_cam_sync                 |1.3.5               |Manifest: NOSIGNATURE
		aerowear-1.0.0.jar                                |Aerowear                      |aerowear                      |1.0.0               |Manifest: NOSIGNATURE
		alltheleaks-1.1.10+1.21.1-neoforge.jar            |All The Leaks                 |alltheleaks                   |1.1.10+1.21.1-neofor|Manifest: NOSIGNATURE
		architectury-neoforge-13.0.8.jar                  |Architectury                  |architectury                  |13.0.8              |Manifest: NOSIGNATURE
		awakened_islands-1.0.0.jar                        |Awakened Islands              |awakened_islands              |1.0.0               |Manifest: NOSIGNATURE
		bwncr-neoforge-1.21.1-3.20.4.jar                  |Bad Wither No Cookie Reloaded |bwncr                         |3.20.4              |Manifest: NOSIGNATURE
		balm-neoforge-1.21.1-21.0.63.jar                  |Balm                          |balm                          |21.0.63             |Manifest: NOSIGNATURE
		big_cannons_aeronautics_fix-0.1-Alpha.jar         |Big Cannons Aeronautics Fix   |big_cannons_aeronautics_fix   |0.1-Alpha           |Manifest: NOSIGNATURE
		carryon-neoforge-1.21.1-2.2.5.8.jar               |Carry On                      |carryon                       |2.2.5               |Manifest: NOSIGNATURE
		CarryOnAeroCompat-1.21.1-1.1.1.jar                |Carry On + Create Aeronautics |carryonaerocompat             |1.1.1               |Manifest: NOSIGNATURE
		chunksending-1.21-2.9.jar                         |chunksending mod              |chunksending                  |2.9                 |Manifest: NOSIGNATURE
		clientcrafting-1.21-2.1.jar                       |clientcrafting mod            |clientcrafting                |2.1                 |Manifest: NOSIGNATURE
		Clumps-neoforge-1.21.1-19.0.0.1.jar               |Clumps                        |clumps                        |19.0.0.1            |Manifest: NOSIGNATURE
		configurable-3.5.2+1.21.1-neoforge.jar            |Configurable                  |configurable                  |3.5.2               |Manifest: NOSIGNATURE
		connectivity-1.21.1-7.6.jar                       |Connectivity Mod              |connectivity                  |7.6                 |Manifest: NOSIGNATURE
		ConnectorExtras-1.12.1+1.21.1 (1).jar             |Connector Extras              |connectorextras               |1.12.1+1.21.1       |Manifest: NOSIGNATURE
		emi-bridge-1.12.1+1.21.1.jar                      |Connector Extras EMI Bridge   |connectorextras_emi_bridge    |1.12.1+1.21.1       |Manifest: NOSIGNATURE
		energy-bridge-1.12.1+1.21.1.jar                   |Connector Extras Energy Bridge|connectorextras_energy_bridge |1.12.1+1.21.1       |Manifest: NOSIGNATURE
		jei-bridge-1.12.1+1.21.1.jar                      |Connector Extras JEI Bridge   |connectorextras_jei_bridge    |1.12.1+1.21.1       |Manifest: NOSIGNATURE
		kubejs-bridge-1.12.1+1.21.1.jar                   |Connector Extras KubeJS Bridge|connectorextras_kubejs_bridge |1.12.1+1.21.1       |Manifest: NOSIGNATURE
		modmenu-bridge-1.12.1+1.21.1.jar                  |Connector Extras ModMenu Bridg|connectorextras_modmenu_bridge|1.12.1+1.21.1       |Manifest: NOSIGNATURE
		pehkui-bridge-1.12.1+1.21.1.jar                   |Connector Extras Pehkui Bridge|connectorextras_pehkui_bridge |1.12.1+1.21.1       |Manifest: NOSIGNATURE
		rei-bridge-1.12.1+1.21.1.jar                      |Connector Extras REI Bridge   |connectorextras_rei_bridge    |1.12.1+1.21.1       |Manifest: NOSIGNATURE
		terrablender-bridge-1.12.1+1.21.1.jar             |Connector Extras Terrablender |connectorextras_terrablender_b|1.12.1+1.21.1       |Manifest: NOSIGNATURE
		Controlling-neoforge-1.21.1-19.0.5.jar            |Controlling                   |controlling                   |19.0.5              |Manifest: NOSIGNATURE
		aeroadditionbridge-1.0.0.jar                      |Crafts-Aero-Bridge            |aeroadditionbridge            |1.0.0               |Manifest: NOSIGNATURE
		cr_aero_structures.jar                            |Creat Aeronautics Structures  |cr_aero_structures            |1.1.0-Beta-3.1      |Manifest: NOSIGNATURE
		create-1.21.1-6.0.10.jar                          |Create                        |create                        |6.0.10              |Manifest: NOSIGNATURE
		create-aeronautics-bundled-1.21.1-1.3.0.jar       |Create Aeronautics            |aeronautics_bundled           |1.3.0               |Manifest: NOSIGNATURE
		dev.eriksonn.aeronautics.aeronautics-neoforge-1.21|Create Aeronautics            |aeronautics                   |1.3.0               |Manifest: NOSIGNATURE
		createbigcannons-5.11.7+mc.1.21.1.jar             |Create Big Cannons            |createbigcannons              |5.11.7              |Manifest: NOSIGNATURE
		createaddition-1.6.0.jar                          |Create Crafts & Additions     |createaddition                |1.6.0               |Manifest: NOSIGNATURE
		create_submarine-2.2.4.jar                        |Create Deep Seas              |create_submarine              |2.2.4               |Manifest: NOSIGNATURE
		createthrusters-bundled-V1.0.6.jar                |Create Gadgets & Gizmos       |createthrusters               |1.0.6               |Manifest: NOSIGNATURE
		highseas-0.1.3.jar                                |Create High Seas              |highseas                      |0.1.3               |Manifest: NOSIGNATURE
		dev.ryanhcode.offroad.offroad-neoforge-1.21.1-1.3.|Create Offroad                |offroad                       |1.3.0               |Manifest: NOSIGNATURE
		createpropulsion-1.1.4.jar                        |Create Propulsion: Simulated  |createpropulsion              |1.1.4               |Manifest: NOSIGNATURE
		dev.simulated_team.simulated.simulated-neoforge-1.|Create Simulated              |simulated                     |1.3.0               |Manifest: NOSIGNATURE
		aeroworks-1.3.0.jar                               |Create: Aeroworks             |aeroworks                     |1.3.0               |Manifest: NOSIGNATURE
		create-gunsmithing-1.21.1-1.4.8.jar               |Create: Gunsmithing           |cgs                           |1.4.8               |Manifest: NOSIGNATURE
		create_radar-0.4.9.4-1.21.1.jar                   |Create: Radars                |create_radar                  |0.4.9.4-1.21.1      |Manifest: NOSIGNATURE
		CreativeCore_NEOFORGE_v2.13.41_mc1.21.1.jar       |CreativeCore                  |creativecore                  |2.13.41             |Manifest: NOSIGNATURE
		cristellib-neoforge-1.21.1-3.1.7.jar              |Cristel Lib                   |cristellib                    |3.1.7               |Manifest: NOSIGNATURE
		cupboard-1.21.1-3.8.jar                           |Cupboard mod                  |cupboard                      |3.8                 |Manifest: NOSIGNATURE
		curios-neoforge-9.5.1+1.21.1.jar                  |Curios API                    |curios                        |9.5.1+1.21.1        |Manifest: NOSIGNATURE
		dannys-aot-2.4.2_mapped_moj_1.21.1.jar            |Danny's AoT                   |dannys_aot                    |2.4.1               |Manifest: NOSIGNATURE
		daotcompat-1.3.2-HOTFIX.jar                       |DAOT Aeronautics Compat       |daotcompat                    |1.0.0               |Manifest: NOSIGNATURE
		despawntweaks-neoforge-1.0.0-1.21.1.jar           |Despawn Tweaks                |despawntweaks                 |1.0.0               |Manifest: NOSIGNATURE
		dimensional_sable-1.0.5.jar                       |Dimensional Sable             |dimensional_sable             |1.0.5               |Manifest: NOSIGNATURE
		e4mc-neoforge-6.2.0.jar                           |e4mc                          |e4mc                          |6.2.0               |Manifest: NOSIGNATURE
		fastasyncworldsave-1.21-2.6.jar                   |fastasyncworldsave mod        |fastasyncworldsave            |2.6                 |Manifest: NOSIGNATURE
		ferritecore-7.0.3-neoforge.jar                    |Ferrite Core                  |ferritecore                   |7.0.3               |Manifest: 41:ce:50:66:d1:a0:05:ce:a1:0e:02:85:9b:46:64:e0:bf:2e:cf:60:30:9a:fe:0c:27:e0:63:66:9a:84:ce:8a
		flywheel-neoforge-1.21.1-1.0.6.jar                |Flywheel                      |flywheel                      |1.0.6               |Manifest: NOSIGNATURE
		ForgeConfigAPIPort-v21.1.6-1.21.1-NeoForge.jar    |Forge Config API Port         |forgeconfigapiport            |21.1.6              |Manifest: NOSIGNATURE
		forgified-fabric-api-0.116.14+2.3.0+1.21.1.jar    |Forgified Fabric API          |fabric_api                    |0.116.14+2.3.0+1.21.|Manifest: NOSIGNATURE
		fabric-api-base-0.4.42+d1308ded19.jar             |Forgified Fabric API Base     |fabric_api_base               |0.4.42+d1308ded19   |Manifest: NOSIGNATURE
		fabric-api-lookup-api-v1-1.6.72+6244b11119.jar    |Forgified Fabric API Lookup AP|fabric_api_lookup_api_v1      |1.6.72+6244b11119   |Manifest: NOSIGNATURE
		fabric-biome-api-v1-13.0.31+1e62d33c19.jar        |Forgified Fabric Biome API (v1|fabric_biome_api_v1           |13.0.31+1e62d33c19  |Manifest: NOSIGNATURE
		fabric-block-api-v1-1.1.0+b0c22bb819.jar          |Forgified Fabric Block API (v1|fabric_block_api_v1           |1.1.0+b0c22bb819    |Manifest: NOSIGNATURE
		fabric-blockrenderlayer-v1-1.1.52+c290471319.jar  |Forgified Fabric BlockRenderLa|fabric_blockrenderlayer_v1    |1.1.52+c290471319   |Manifest: NOSIGNATURE
		fabric-block-view-api-v2-1.0.10+9afaaf8c19.jar    |Forgified Fabric BlockView API|fabric_block_view_api_v2      |1.0.10+9afaaf8c19   |Manifest: NOSIGNATURE
		fabric-client-tags-api-v1-1.2.0+5adff2d719.jar    |Forgified Fabric Client Tags  |fabric_client_tags_api_v1     |1.2.0+5adff2d719    |Manifest: NOSIGNATURE
		fabric-command-api-v2-2.2.28+36d727be19.jar       |Forgified Fabric Command API (|fabric_command_api_v2         |2.2.28+36d727be19   |Manifest: NOSIGNATURE
		fabric-content-registries-v0-8.0.19+5e0d320019.jar|Forgified Fabric Content Regis|fabric_content_registries_v0  |8.0.19+5e0d320019   |Manifest: NOSIGNATURE
		fabric-convention-tags-v1-2.1.7+7f945d5b19.jar    |Forgified Fabric Convention Ta|fabric_convention_tags_v1     |2.1.7+7f945d5b19    |Manifest: NOSIGNATURE
		fabric-convention-tags-v2-2.12.0+75d3639619.jar   |Forgified Fabric Convention Ta|fabric_convention_tags_v2     |2.12.0+75d3639619   |Manifest: NOSIGNATURE
		fabric-data-attachment-api-v1-1.4.7+26d408aa19.jar|Forgified Fabric Data Attachme|fabric_data_attachment_api_v1 |1.4.7+26d408aa19    |Manifest: NOSIGNATURE
		fabric-data-generation-api-v1-20.3.0+3e2bcb4b19.ja|Forgified Fabric Data Generati|fabric_data_generation_api_v1 |20.3.0+3e2bcb4b19   |Manifest: NOSIGNATURE
		fabric-entity-events-v1-1.8.0+e46a02ca19.jar      |Forgified Fabric Entity Events|fabric_entity_events_v1       |1.8.0+e46a02ca19    |Manifest: NOSIGNATURE
		fabric-events-interaction-v0-0.7.14+86e0887119.jar|Forgified Fabric Events Intera|fabric_events_interaction_v0  |0.7.14+86e0887119   |Manifest: NOSIGNATURE
		fabric-game-rule-api-v1-1.0.53+36d727be19.jar     |Forgified Fabric Game Rule API|fabric_game_rule_api_v1       |1.0.53+36d727be19   |Manifest: NOSIGNATURE
		fabric-gametest-api-v1-2.0.5+29f188ce19.jar       |Forgified Fabric Game Test API|fabric_gametest_api_v1        |2.0.5+29f188ce19    |Manifest: NOSIGNATURE
		fabric-item-api-v1-11.2.0+0c57911319.jar          |Forgified Fabric Item API (v1)|fabric_item_api_v1            |11.2.0+0c57911319   |Manifest: NOSIGNATURE
		fabric-item-group-api-v1-4.1.7+e324903319.jar     |Forgified Fabric Item Group AP|fabric_item_group_api_v1      |4.1.7+e324903319    |Manifest: NOSIGNATURE
		fabric-key-binding-api-v1-1.0.47+62cc7ce119.jar   |Forgified Fabric Key Binding A|fabric_key_binding_api_v1     |1.0.47+62cc7ce119   |Manifest: NOSIGNATURE
		fabric-lifecycle-events-v1-2.6.0+e40d8add19.jar   |Forgified Fabric Lifecycle Eve|fabric_lifecycle_events_v1    |2.6.0+e40d8add19    |Manifest: NOSIGNATURE
		fabric-loot-api-v2-3.0.15+a3ee712d19.jar          |Forgified Fabric Loot API (v2)|fabric_loot_api_v2            |3.0.15+a3ee712d19   |Manifest: NOSIGNATURE
		fabric-loot-api-v3-1.0.3+333dfad919.jar           |Forgified Fabric Loot API (v3)|fabric_loot_api_v3            |1.0.3+333dfad919    |Manifest: NOSIGNATURE
		fabric-message-api-v1-6.0.14+6a754fce19.jar       |Forgified Fabric Message API (|fabric_message_api_v1         |6.0.14+6a754fce19   |Manifest: NOSIGNATURE
		fabric-model-loading-api-v1-2.1.0+6e8f52c719.jar  |Forgified Fabric Model Loading|fabric_model_loading_api_v1   |2.1.0+6e8f52c719    |Manifest: NOSIGNATURE
		fabric-networking-api-v1-4.3.1+30a980d919.jar     |Forgified Fabric Networking AP|fabric_networking_api_v1      |4.3.1+30a980d919    |Manifest: NOSIGNATURE
		fabric-object-builder-api-v1-15.2.1+cc242efd19.jar|Forgified Fabric Object Builde|fabric_object_builder_api_v1  |15.2.1+cc242efd19   |Manifest: NOSIGNATURE
		fabric-particles-v1-4.0.2+824f924c19.jar          |Forgified Fabric Particles (v1|fabric_particles_v1           |4.0.2+824f924c19    |Manifest: NOSIGNATURE
		fabric-recipe-api-v1-5.0.16+59440bcc19.jar        |Forgified Fabric Recipe API (v|fabric_recipe_api_v1          |5.0.16+59440bcc19   |Manifest: NOSIGNATURE
		fabric-registry-sync-v0-5.3.2+f9aace1619.jar      |Forgified Fabric Registry Sync|fabric_registry_sync_v0       |5.3.2+f9aace1619    |Manifest: NOSIGNATURE
		fabric-renderer-indigo-1.7.1+9125b6dc19.jar       |Forgified Fabric Renderer - In|fabric_renderer_indigo        |1.7.1+9125b6dc19    |Manifest: NOSIGNATURE
		fabric-renderer-api-v1-3.4.1+9125b6dc19.jar       |Forgified Fabric Renderer API |fabric_renderer_api_v1        |3.4.1+9125b6dc19    |Manifest: NOSIGNATURE
		fabric-rendering-v1-5.1.0+1a09bd5a19.jar          |Forgified Fabric Rendering (v1|fabric_rendering_v1           |5.1.0+1a09bd5a19    |Manifest: NOSIGNATURE
		fabric-rendering-data-attachment-v1-0.3.48+73761d2|Forgified Fabric Rendering Dat|fabric_rendering_data_attachme|0.3.48+73761d2e19   |Manifest: NOSIGNATURE
		fabric-rendering-fluids-v1-3.1.6+a51883b219.jar   |Forgified Fabric Rendering Flu|fabric_rendering_fluids_v1    |3.1.6+a51883b219    |Manifest: NOSIGNATURE
		fabric-resource-conditions-api-v1-4.3.0+5bdd099819|Forgified Fabric Resource Cond|fabric_resource_conditions_api|4.3.0+5bdd099819    |Manifest: NOSIGNATURE
		fabric-resource-loader-v0-1.3.1+4ea8954419.jar    |Forgified Fabric Resource Load|fabric_resource_loader_v0     |1.3.1+4ea8954419    |Manifest: NOSIGNATURE
		fabric-screen-api-v1-2.0.26+b4953c7419.jar        |Forgified Fabric Screen API (v|fabric_screen_api_v1          |2.0.26+b4953c7419   |Manifest: NOSIGNATURE
		fabric-screen-handler-api-v1-1.3.91+8dbc56dd19.jar|Forgified Fabric Screen Handle|fabric_screen_handler_api_v1  |1.3.91+8dbc56dd19   |Manifest: NOSIGNATURE
		fabric-sound-api-v1-1.0.23+10b84f8419.jar         |Forgified Fabric Sound API (v1|fabric_sound_api_v1           |1.0.23+10b84f8419   |Manifest: NOSIGNATURE
		fabric-tag-api-v1-1.3.0+3e2bcb4b19.jar            |Forgified Fabric Tag API (v1) |fabric_tag_api_v1             |1.3.0+3e2bcb4b19    |Manifest: NOSIGNATURE
		fabric-transfer-api-v1-5.4.4+6244b11119.jar       |Forgified Fabric Transfer API |fabric_transfer_api_v1        |5.4.4+6244b11119    |Manifest: NOSIGNATURE
		fabric-transitive-access-wideners-v1-6.2.0+6c854b6|Forgified Fabric Transitive Ac|fabric_transitive_access_widen|6.2.0+6c854b6f19    |Manifest: NOSIGNATURE
		geckolib-neoforge-1.21.1-4.9.2.jar                |GeckoLib 4                    |geckolib                      |4.9.2               |Manifest: NOSIGNATURE
		Iceberg-1.21.1-neoforge-1.3.2.jar                 |Iceberg                       |iceberg                       |1.3.2               |Manifest: NOSIGNATURE
		ImmediatelyFast-NeoForge-1.6.11+1.21.1.jar        |ImmediatelyFast               |immediatelyfast               |1.6.11+1.21.1       |Manifest: NOSIGNATURE
		ItemPhysic_NEOFORGE_v1.8.13_mc1.21.1.jar          |ItemPhysic                    |itemphysic                    |1.8.13              |Manifest: NOSIGNATURE
		Jade-1.21.1-NeoForge-15.10.5.jar                  |Jade                          |jade                          |15.10.5+neoforge    |Manifest: NOSIGNATURE
		JadeAddons-1.21.1-NeoForge-6.1.0.jar              |Jade Addons                   |jadeaddons                    |6.1.0+neoforge      |Manifest: NOSIGNATURE
		jei-1.21.1-neoforge-19.39.0.368.jar               |Just Enough Items             |jei                           |19.39.0.368         |Manifest: NOSIGNATURE
		kuma-api-neoforge-21.0.8+1.21.jar                 |KumaAPI                       |kuma_api                      |21.0.8              |Manifest: NOSIGNATURE
		leaky-1.21-2.4.jar                                |leaky mod                     |leaky                         |2.4                 |Manifest: NOSIGNATURE
		Lift-n-Load-1.21.1-1.0c.jar                       |Lift n' Load                  |create_lnl                    |1.0c                |Manifest: NOSIGNATURE
		lithium-neoforge-0.15.4+mc1.21.1.jar              |Lithium                       |lithium                       |0.15.4+mc1.21.1     |Manifest: NOSIGNATURE
		lmft-1.1.1+1.21.9-neoforge.jar                    |Load My F***ing Tags          |lmft                          |1.1.1+1.21.9        |Manifest: NOSIGNATURE
		client-1.21.1-20240808.144430-srg.jar             |Minecraft                     |minecraft                     |1.21.1              |Manifest: a1:d4:5e:04:4f:d3:d6:e0:7b:37:97:cf:77:b0:de:ad:4a:47:ce:8c:96:49:5f:0a:cf:8c:ae:b2:6d:4b:8a:3f
		modernfix-neoforge-5.27.15+mc1.21.1.jar           |ModernFix                     |modernfix                     |5.27.15+mc1.21.1    |Manifest: NOSIGNATURE
		MouseTweaks-neoforge-mc1.21-2.26.1.jar            |Mouse Tweaks                  |mousetweaks                   |2.26.1              |Manifest: NOSIGNATURE
		neoforge-21.1.240-universal.jar                   |NeoForge                      |neoforge                      |21.1.240            |Manifest: NOSIGNATURE
		neruina-3.3.3+1.21.1-neoforge.jar                 |Neruina                       |neruina                       |3.3.3               |Manifest: NOSIGNATURE
		NoChatReports-NEOFORGE-1.21.1-v2.9.1.jar          |No Chat Reports               |nochatreports                 |1.21.1-v2.9.1       |Manifest: NOSIGNATURE
		ntgl-1.21.1-3.1.7.jar                             |NukaTeam's Gun Lib            |ntgl                          |3.1.7               |Manifest: NOSIGNATURE
		packetfixer-3.3.1-1.20.5-1.21.X-merged.jar        |PacketFixer                   |packetfixer                   |3.3.1               |Manifest: NOSIGNATURE
		PickUpNotifier-v21.1.1-1.21.1-NeoForge.jar        |Pick Up Notifier              |pickupnotifier                |21.1.1              |Manifest: NOSIGNATURE
		Placebo-1.21.1-9.9.1.jar                          |Placebo                       |placebo                       |9.9.1               |Manifest: NOSIGNATURE
		PlayerAnimationLibNeoforge-1.1.5+mc.1.21.1.jar    |Player Animation Library      |player_animation_library      |1.1.5+mc.1.21.1     |Manifest: NOSIGNATURE
		polymorph-neoforge-1.1.0+1.21.1.jar               |Polymorph                     |polymorph                     |1.1.0+1.21.1        |Manifest: NOSIGNATURE
		ponder-neoforge-1.0.82+mc1.21.1.jar               |Ponder                        |ponder                        |1.0.82+mc1.21.1     |Manifest: NOSIGNATURE
		PuzzlesLib-v21.1.52-1.21.1-NeoForge.jar           |Puzzles Lib                   |puzzleslib                    |21.1.52             |Manifest: NOSIGNATURE
		recipeessentials-1.21-4.0.jar                     |recipeessentials mod          |recipeessentials              |4.0                 |Manifest: NOSIGNATURE
		redirected-neoforge-1.0.0-1.21.1.jar              |Redirected                    |redirected                    |1.0.0               |Manifest: NOSIGNATURE
		reeses-sodium-options-neoforge-2.2.3+mc1.21.1.jar |Reese's Sodium Options        |reeses_sodium_options         |2.2.3+mc1.21.1      |Manifest: NOSIGNATURE
		ritchiesprojectilelib-2.1.2+mc.1.21.1-neoforge (1)|Ritchie's Projectile Library  |ritchiesprojectilelib         |2.1.2               |Manifest: NOSIGNATURE
		sable-neoforge-1.21.1-2.0.3.jar                   |Sable                         |sable                         |2.0.3               |Manifest: NOSIGNATURE
		sable-companion-common-1.21.1-1.6.0.jar           |Sable Companion               |sablecompanion                |1.6.0               |Manifest: NOSIGNATURE
		sablecollisiondamage-1.0.8.jar                    |Sable-Collision damage        |sablecollisiondamage          |1.0.8               |Manifest: NOSIGNATURE
		sabledestructive-2.0.1.jar                        |Sable: Destructive            |sabledestructive              |2.0.1               |Manifest: NOSIGNATURE
		Searchables-neoforge-1.21.1-1.0.2.jar             |Searchables                   |searchables                   |1.0.2               |Manifest: NOSIGNATURE
		org.sinytra.connector-2.0.0-beta.15+1.21.1-mod.jar|Sinytra Connector             |connector                     |2.0.0-beta.15+1.21.1|Manifest: NOSIGNATURE
		smoothchunk-1.21-4.1 (1).jar                      |Smoothchunk mod               |smoothchunk                   |4.1                 |Manifest: NOSIGNATURE
		net.caffeinemc.sodium-neoforge-0.8.12+mc1.21.1-mod|Sodium                        |sodium                        |0.8.12+mc1.21.1     |Manifest: NOSIGNATURE
		sodium-extra-neoforge-0.9.3+mc1.21.1.jar          |Sodium Extra                  |sodium_extra                  |0.9.3+mc1.21.1      |Manifest: NOSIGNATURE
		sound-physics-aeronautics-0.2.0-alpha.1.jar       |Sound Physics Aeronautics     |sound_physics_remastered      |1.21.1-1.5.1        |Manifest: NOSIGNATURE
		structureessentials-1.21.1-5.0.jar                |Structure Essentials mod      |structureessentials           |5.0                 |Manifest: NOSIGNATURE
		txnilib-neoforge-1.0.24-1.21.1 (1).jar            |TxniLib                       |txnilib                       |1.0.24              |Manifest: NOSIGNATURE
		vectorientation-1.1.0 (1).jar                     |Vectorientation Reforged      |vectorientation               |1.1.0               |Manifest: NOSIGNATURE
		veil-neoforge-1.21.1-4.1.4.jar                    |Veil                          |veil                          |4.1.4               |Manifest: NOSIGNATURE
		wwoo-neoforge-2.6.7.jar                           |William Wythers' Overhauled Ov|wwoo                          |2.6.7               |Manifest: NOSIGNATURE
		yet_another_config_lib_v3-3.8.2+1.21.1-neoforge (1|YetAnotherConfigLib           |yet_another_config_lib_v3     |3.8.2+1.21.1-neoforg|Manifest: NOSIGNATURE
	Crash Report UUID: b2322cb9-e384-4642-8497-40f87a1d328c
	FML: 4.0.43
	NeoForge: 21.1.240
	Flywheel Backend: flywheel:off
[02:22:10] [Render thread/ERROR] [ne.ne.fm.ModLoader/]: Cowardly refusing to send event dev.engine_room.flywheel.api.event.EndClientResourceReloadEvent to a broken mod state
[02:22:10] [Render thread/WARN] [minecraft/SystemReport]: Failed retrieving info for group processor
java.io.UncheckedIOException: java.nio.file.AccessDeniedException: /sys/devices/system/cpu/bus_dcvs/DDR/soc:qcom,memlat:ddr:silver/freqvote_ms
	at java.base/java.nio.file.FileTreeIterator.fetchNextIfNeeded(Unknown Source) ~[?:?] {}
	at java.base/java.nio.file.FileTreeIterator.hasNext(Unknown Source) ~[?:?] {}
	at java.base/java.util.Iterator.forEachRemaining(Unknown Source) ~[?:?] {re:mixin}
	at java.base/java.util.Spliterators$IteratorSpliterator.forEachRemaining(Unknown Source) ~[?:?] {}
	at java.base/java.util.stream.AbstractPipeline.copyInto(Unknown Source) ~[?:?] {}
	at java.base/java.util.stream.AbstractPipeline.wrapAndCopyInto(Unknown Source) ~[?:?] {}
	at java.base/java.util.stream.ForEachOps$ForEachOp.evaluateSequential(Unknown Source) ~[?:?] {}
	at java.base/java.util.stream.ForEachOps$ForEachOp$OfRef.evaluateSequential(Unknown Source) ~[?:?] {}
	at java.base/java.util.stream.AbstractPipeline.evaluate(Unknown Source) ~[?:?] {}
	at java.base/java.util.stream.ReferencePipeline.forEach(Unknown Source) ~[?:?] {}
	at MC-BOOTSTRAP/com.github.oshi@6.4.10/oshi.hardware.platform.linux.LinuxCentralProcessor.readTopologyFromSysfs(LinuxCentralProcessor.java:246) ~[oshi-core-6.4.10.jar%2378!/:6.4.10] {}
	at MC-BOOTSTRAP/com.github.oshi@6.4.10/oshi.hardware.platform.linux.LinuxCentralProcessor.initProcessorCounts(LinuxCentralProcessor.java:173) ~[oshi-core-6.4.10.jar%2378!/:6.4.10] {}
	at MC-BOOTSTRAP/com.github.oshi@6.4.10/oshi.hardware.common.AbstractCentralProcessor.<init>(AbstractCentralProcessor.java:67) ~[oshi-core-6.4.10.jar%2378!/:6.4.10] {}
	at MC-BOOTSTRAP/com.github.oshi@6.4.10/oshi.hardware.platform.linux.LinuxCentralProcessor.<init>(LinuxCentralProcessor.java:58) ~[oshi-core-6.4.10.jar%2378!/:6.4.10] {}
	at MC-BOOTSTRAP/com.github.oshi@6.4.10/oshi.hardware.platform.linux.LinuxHardwareAbstractionLayer.createProcessor(LinuxHardwareAbstractionLayer.java:43) ~[oshi-core-6.4.10.jar%2378!/:6.4.10] {}
	at MC-BOOTSTRAP/com.github.oshi@6.4.10/oshi.util.Memoizer$1.get(Memoizer.java:61) ~[oshi-core-6.4.10.jar%2378!/:6.4.10] {}
	at MC-BOOTSTRAP/com.github.oshi@6.4.10/oshi.hardware.common.AbstractHardwareAbstractionLayer.getProcessor(AbstractHardwareAbstractionLayer.java:48) ~[oshi-core-6.4.10.jar%2378!/:6.4.10] {}
	at TRANSFORMER/minecraft@1.21.1/net.minecraft.SystemReport.lambda$putHardware$4(SystemReport.java:79) ~[client-1.21.1-20240808.144430-srg.jar%23232!/:?] {re:mixin,pl:connector_pre_launch:A,re:classloading,pl:mixin:APP:create.mixins.json:accessor.SystemReportAccessor from mod create,pl:mixin:A,pl:connector_pre_launch:A}
	at TRANSFORMER/minecraft@1.21.1/net.minecraft.SystemReport.ignoreErrors(SystemReport.java:87) ~[client-1.21.1-20240808.144430-srg.jar%23232!/:?] {re:mixin,pl:connector_pre_launch:A,re:classloading,pl:mixin:APP:create.mixins.json:accessor.SystemReportAccessor from mod create,pl:mixin:A,pl:connector_pre_launch:A}
	at TRANSFORMER/minecraft@1.21.1/net.minecraft.SystemReport.putHardware(SystemReport.java:79) ~[client-1.21.1-20240808.144430-srg.jar%23232!/:?] {re:mixin,pl:connector_pre_launch:A,re:classloading,pl:mixin:APP:create.mixins.json:accessor.SystemReportAccessor from mod create,pl:mixin:A,pl:connector_pre_launch:A}
	at TRANSFORMER/minecraft@1.21.1/net.minecraft.SystemReport.lambda$new$2(SystemReport.java:56) ~[client-1.21.1-20240808.144430-srg.jar%23232!/:?] {re:mixin,pl:connector_pre_launch:A,re:classloading,pl:mixin:APP:create.mixins.json:accessor.SystemReportAccessor from mod create,pl:mixin:A,pl:connector_pre_launch:A}
	at TRANSFORMER/minecraft@1.21.1/net.minecraft.SystemReport.ignoreErrors(SystemReport.java:87) ~[client-1.21.1-20240808.144430-srg.jar%23232!/:?] {re:mixin,pl:connector_pre_launch:A,re:classloading,pl:mixin:APP:create.mixins.json:accessor.SystemReportAccessor from mod create,pl:mixin:A,pl:connector_pre_launch:A}
	at TRANSFORMER/minecraft@1.21.1/net.minecraft.SystemReport.<init>(SystemReport.java:56) ~[client-1.21.1-20240808.144430-srg.jar%23232!/:?] {re:mixin,pl:connector_pre_launch:A,re:classloading,pl:mixin:APP:create.mixins.json:accessor.SystemReportAccessor from mod create,pl:mixin:A,pl:connector_pre_launch:A}
	at TRANSFORMER/minecraft@1.21.1/net.minecraft.CrashReport.<init>(CrashReport.java:32) ~[client-1.21.1-20240808.144430-srg.jar%23232!/:?] {re:mixin,pl:connector_pre_launch:A,re:classloading,pl:connector_pre_launch:A}
	at TRANSFORMER/minecraft@1.21.1/net.minecraft.CrashReport.forThrowable(CrashReport.java:198) ~[client-1.21.1-20240808.144430-srg.jar%23232!/:?] {re:mixin,pl:connector_pre_launch:A,re:classloading,pl:connector_pre_launch:A}
	at TRANSFORMER/minecraft@1.21.1/net.minecraft.client.renderer.GameRenderer.render(GameRenderer.java:1083) ~[client-1.21.1-20240808.144430-srg.jar%23232!/:?] {re:mixin,pl:accesstransformer:B,pl:connector_pre_launch:A,pl:runtimedistcleaner:A,re:classloading,pl:accesstransformer:B,pl:mixin:APP:sodium-extra.mixins.json:fps.MixinGameRenderer from mod sodium_extra,pl:mixin:APP:sodium-extra.mixins.json:panini_projection.MixinGameRenderer from mod sodium_extra,pl:mixin:APP:sodium-extra.mixins.json:prevent_shaders.MixinGameRenderer from mod sodium_extra,pl:mixin:APP:ntgl.mixin.json:ntgl.client.GameRendererMixin from mod ntgl,pl:mixin:APP:ntgl.mixin.json:chassis.client.GameRendererMixin from mod ntgl,pl:mixin:APP:veil.debug.mixins.json:accessor.DebugGameRendererAccessor from mod veil,pl:mixin:APP:veil.debug.mixins.json:client.profiler.GameRendererMixin from mod veil,pl:mixin:APP:veil.dynamicbuffer.mixins.json:accessor.DynamicBufferGameRendererAccessor from mod veil,pl:mixin:APP:veil.dynamicbuffer.mixins.json:client.DynamicBufferGameRendererMixin from mod veil,pl:mixin:APP:veil.perspective.mixins.json:accessor.GameRendererAccessor from mod veil,pl:mixin:APP:veil.pipeline.mixins.json:client.PipelineGameRendererMixin from mod veil,pl:mixin:APP:veil.shader.mixins.json:client.ShaderGameRendererMixin from mod veil,pl:mixin:APP:aaa_particles-common.mixins.json:client.MixinGameRenderer from mod aaa_particles,pl:mixin:APP:sodium-common.mixins.json:features.gui.hooks.console.GameRendererMixin from mod sodium,pl:mixin:APP:dannys-aot.client.mixins.json:FovMixin from mod dannys_aot,pl:mixin:APP:dannys-aot.client.mixins.json:client.ViewBobMixin from mod dannys_aot,pl:mixin:APP:ponder-common.mixins.json:client.accessor.GameRendererAccessor from mod ponder,pl:mixin:APP:create.mixins.json:client.GameRendererMixin from mod create,pl:mixin:APP:simulated.mixins.json:throttle_lever.GameRendererMixin from mod simulated,pl:mixin:APP:sable.mixins.json:camera.new_camera_types.GameRendererMixin from mod sable,pl:mixin:APP:sable.mixins.json:clip_overwrite.GameRendererMixin from mod sable,pl:mixin:APP:sable.mixins.json:config.GameRendererAccessor from mod sable,pl:mixin:APP:sable.mixins.json:entity.entities_turn_with_sub_levels.GameRendererMixin from mod sable,pl:mixin:APP:sable.mixins.json:water_occlusion.GameRendererMixin from mod sable,pl:mixin:APP:aeroworks.mixins.json:client.GameRendererMixin from mod aeroworks,pl:mixin:APP:immediatelyfast-common.mixins.json:core.MixinGameRenderer from mod immediatelyfast,pl:mixin:APP:immediatelyfast-common.mixins.json:core.compat.MixinGameRenderer from mod immediatelyfast,pl:mixin:APP:immediatelyfast-common.mixins.json:hud_batching.MixinGameRenderer from mod immediatelyfast,pl:mixin:APP:aero_cam_sync.mixins.json:client.GameRendererPickMixin from mod aero_cam_sync,pl:mixin:APP:createthrusters-main.mixins.json:AeroCamSyncGameRendererPickGuardMixin from mod createthrusters,pl:mixin:A,pl:connector_pre_launch:A,pl:runtimedistcleaner:A}
	at TRANSFORMER/minecraft@1.21.1/net.minecraft.client.Minecraft.runTick(Minecraft.java:1195) ~[client-1.21.1-20240808.144430-srg.jar%23232!/:?] {re:mixin,pl:accesstransformer:B,pl:connector_pre_launch:A,pl:runtimedistcleaner:A,re:classloading,pl:accesstransformer:B,pl:mixin:A,pl:connector_pre_launch:A,pl:runtimedistcleaner:A}
	at TRANSFORMER/minecraft@1.21.1/net.minecraft.client.Minecraft.run(Minecraft.java:807) ~[client-1.21.1-20240808.144430-srg.jar%23232!/:?] {re:mixin,pl:accesstransformer:B,pl:connector_pre_launch:A,pl:runtimedistcleaner:A,re:classloading,pl:accesstransformer:B,pl:mixin:A,pl:connector_pre_launch:A,pl:runtimedistcleaner:A}
	at TRANSFORMER/minecraft@1.21.1/net.minecraft.client.main.Main.main(Main.java:230) ~[client-1.21.1-20240808.144430-srg.jar%23232!/:?] {re:mixin,pl:connector_pre_launch:A,pl:runtimedistcleaner:A,re:classloading,pl:mixin:APP:veil.debug.mixins.json:client.DebugMainMixin from mod veil,pl:mixin:A,pl:connector_pre_launch:A,pl:runtimedistcleaner:A}
	at java.base/jdk.internal.reflect.DirectMethodHandleAccessor.invoke(Unknown Source) ~[?:?] {}
	at java.base/java.lang.reflect.Method.invoke(Unknown Source) ~[?:?] {re:mixin}
	at MC-BOOTSTRAP/fml_loader@4.0.43/net.neoforged.fml.loading.targets.CommonLaunchHandler.runTarget(CommonLaunchHandler.java:136) ~[loader-4.0.43.jar%23119!/:4.0] {}
	at MC-BOOTSTRAP/fml_loader@4.0.43/net.neoforged.fml.loading.targets.CommonLaunchHandler.clientService(CommonLaunchHandler.java:124) ~[loader-4.0.43.jar%23119!/:4.0] {}
	at MC-BOOTSTRAP/fml_loader@4.0.43/net.neoforged.fml.loading.targets.CommonClientLaunchHandler.runService(CommonClientLaunchHandler.java:32) ~[loader-4.0.43.jar%23119!/:4.0] {}
	at MC-BOOTSTRAP/fml_loader@4.0.43/net.neoforged.fml.loading.targets.CommonLaunchHandler.lambda$launchService$4(CommonLaunchHandler.java:118) ~[loader-4.0.43.jar%23119!/:4.0] {}
	at MC-BOOTSTRAP/cpw.mods.modlauncher@11.0.5/cpw.mods.modlauncher.LaunchServiceHandlerDecorator.launch(LaunchServiceHandlerDecorator.java:30) [modlauncher-11.0.5.jar%23124!/:?] {}
	at MC-BOOTSTRAP/cpw.mods.modlauncher@11.0.5/cpw.mods.modlauncher.LaunchServiceHandler.launch(LaunchServiceHandler.java:53) [modlauncher-11.0.5.jar%23124!/:?] {}
	at MC-BOOTSTRAP/cpw.mods.modlauncher@11.0.5/cpw.mods.modlauncher.LaunchServiceHandler.launch(LaunchServiceHandler.java:71) [modlauncher-11.0.5.jar%23124!/:?] {}
	at MC-BOOTSTRAP/cpw.mods.modlauncher@11.0.5/cpw.mods.modlauncher.Launcher.run(Launcher.java:103) [modlauncher-11.0.5.jar%23124!/:?] {}
	at MC-BOOTSTRAP/cpw.mods.modlauncher@11.0.5/cpw.mods.modlauncher.Launcher.main(Launcher.java:74) [modlauncher-11.0.5.jar%23124!/:?] {}
	at MC-BOOTSTRAP/cpw.mods.modlauncher@11.0.5/cpw.mods.modlauncher.BootstrapLaunchConsumer.accept(BootstrapLaunchConsumer.java:26) [modlauncher-11.0.5.jar%23124!/:?] {}
	at MC-BOOTSTRAP/cpw.mods.modlauncher@11.0.5/cpw.mods.modlauncher.BootstrapLaunchConsumer.accept(BootstrapLaunchConsumer.java:23) [modlauncher-11.0.5.jar%23124!/:?] {}
	at cpw.mods.bootstraplauncher@2.0.2/cpw.mods.bootstraplauncher.BootstrapLauncher.run(BootstrapLauncher.java:210) [bootstraplauncher-2.0.2.jar:?] {}
	at cpw.mods.bootstraplauncher@2.0.2/cpw.mods.bootstraplauncher.BootstrapLauncher.main(BootstrapLauncher.java:69) [bootstraplauncher-2.0.2.jar:?] {}
Caused by: java.nio.file.AccessDeniedException: /sys/devices/system/cpu/bus_dcvs/DDR/soc:qcom,memlat:ddr:silver/freqvote_ms
	at java.base/sun.nio.fs.UnixException.translateToIOException(Unknown Source) ~[?:?] {}
	at java.base/sun.nio.fs.UnixException.rethrowAsIOException(Unknown Source) ~[?:?] {}
	at java.base/sun.nio.fs.UnixException.rethrowAsIOException(Unknown Source) ~[?:?] {}
	at java.base/sun.nio.fs.UnixFileAttributeViews$Basic.readAttributes(Unknown Source) ~[?:?] {}
	at java.base/sun.nio.fs.UnixFileSystemProvider.readAttributes(Unknown Source) ~[?:?] {}
	at java.base/sun.nio.fs.LinuxFileSystemProvider.readAttributes(Unknown Source) ~[?:?] {}
	at java.base/java.nio.file.Files.readAttributes(Unknown Source) ~[?:?] {re:mixin}
	at java.base/java.nio.file.FileTreeWalker.getAttributes(Unknown Source) ~[?:?] {}
	at java.base/java.nio.file.FileTreeWalker.visit(Unknown Source) ~[?:?] {}
	at java.base/java.nio.file.FileTreeWalker.next(Unknown Source) ~[?:?] {}
	... 44 more
[02:22:11] [Render thread/ERROR] [minecraft/Minecraft]: Reported exception thrown!
net.minecraft.ReportedException: Rendering overlay
	at TRANSFORMER/minecraft@1.21.1/net.minecraft.client.renderer.GameRenderer.render(GameRenderer.java:1086) ~[client-1.21.1-20240808.144430-srg.jar%23232!/:?] {re:mixin,pl:accesstransformer:B,pl:connector_pre_launch:A,pl:runtimedistcleaner:A,re:classloading,pl:accesstransformer:B,pl:mixin:APP:sodium-extra.mixins.json:fps.MixinGameRenderer from mod sodium_extra,pl:mixin:APP:sodium-extra.mixins.json:panini_projection.MixinGameRenderer from mod sodium_extra,pl:mixin:APP:sodium-extra.mixins.json:prevent_shaders.MixinGameRenderer from mod sodium_extra,pl:mixin:APP:ntgl.mixin.json:ntgl.client.GameRendererMixin from mod ntgl,pl:mixin:APP:ntgl.mixin.json:chassis.client.GameRendererMixin from mod ntgl,pl:mixin:APP:veil.debug.mixins.json:accessor.DebugGameRendererAccessor from mod veil,pl:mixin:APP:veil.debug.mixins.json:client.profiler.GameRendererMixin from mod veil,pl:mixin:APP:veil.dynamicbuffer.mixins.json:accessor.DynamicBufferGameRendererAccessor from mod veil,pl:mixin:APP:veil.dynamicbuffer.mixins.json:client.DynamicBufferGameRendererMixin from mod veil,pl:mixin:APP:veil.perspective.mixins.json:accessor.GameRendererAccessor from mod veil,pl:mixin:APP:veil.pipeline.mixins.json:client.PipelineGameRendererMixin from mod veil,pl:mixin:APP:veil.shader.mixins.json:client.ShaderGameRendererMixin from mod veil,pl:mixin:APP:aaa_particles-common.mixins.json:client.MixinGameRenderer from mod aaa_particles,pl:mixin:APP:sodium-common.mixins.json:features.gui.hooks.console.GameRendererMixin from mod sodium,pl:mixin:APP:dannys-aot.client.mixins.json:FovMixin from mod dannys_aot,pl:mixin:APP:dannys-aot.client.mixins.json:client.ViewBobMixin from mod dannys_aot,pl:mixin:APP:ponder-common.mixins.json:client.accessor.GameRendererAccessor from mod ponder,pl:mixin:APP:create.mixins.json:client.GameRendererMixin from mod create,pl:mixin:APP:simulated.mixins.json:throttle_lever.GameRendererMixin from mod simulated,pl:mixin:APP:sable.mixins.json:camera.new_camera_types.GameRendererMixin from mod sable,pl:mixin:APP:sable.mixins.json:clip_overwrite.GameRendererMixin from mod sable,pl:mixin:APP:sable.mixins.json:config.GameRendererAccessor from mod sable,pl:mixin:APP:sable.mixins.json:entity.entities_turn_with_sub_levels.GameRendererMixin from mod sable,pl:mixin:APP:sable.mixins.json:water_occlusion.GameRendererMixin from mod sable,pl:mixin:APP:aeroworks.mixins.json:client.GameRendererMixin from mod aeroworks,pl:mixin:APP:immediatelyfast-common.mixins.json:core.MixinGameRenderer from mod immediatelyfast,pl:mixin:APP:immediatelyfast-common.mixins.json:core.compat.MixinGameRenderer from mod immediatelyfast,pl:mixin:APP:immediatelyfast-common.mixins.json:hud_batching.MixinGameRenderer from mod immediatelyfast,pl:mixin:APP:aero_cam_sync.mixins.json:client.GameRendererPickMixin from mod aero_cam_sync,pl:mixin:APP:createthrusters-main.mixins.json:AeroCamSyncGameRendererPickGuardMixin from mod createthrusters,pl:mixin:A,pl:connector_pre_launch:A,pl:runtimedistcleaner:A}
	at TRANSFORMER/minecraft@1.21.1/net.minecraft.client.Minecraft.runTick(Minecraft.java:1195) ~[client-1.21.1-20240808.144430-srg.jar%23232!/:?] {re:mixin,pl:accesstransformer:B,pl:connector_pre_launch:A,pl:runtimedistcleaner:A,re:classloading,pl:accesstransformer:B,pl:mixin:A,pl:connector_pre_launch:A,pl:runtimedistcleaner:A}
	at TRANSFORMER/minecraft@1.21.1/net.minecraft.client.Minecraft.run(Minecraft.java:807) ~[client-1.21.1-20240808.144430-srg.jar%23232!/:?] {re:mixin,pl:accesstransformer:B,pl:connector_pre_launch:A,pl:runtimedistcleaner:A,re:classloading,pl:accesstransformer:B,pl:mixin:A,pl:connector_pre_launch:A,pl:runtimedistcleaner:A}
	at TRANSFORMER/minecraft@1.21.1/net.minecraft.client.main.Main.main(Main.java:230) ~[client-1.21.1-20240808.144430-srg.jar%23232!/:?] {re:mixin,pl:connector_pre_launch:A,pl:runtimedistcleaner:A,re:classloading,pl:mixin:APP:veil.debug.mixins.json:client.DebugMainMixin from mod veil,pl:mixin:A,pl:connector_pre_launch:A,pl:runtimedistcleaner:A}
	at java.base/jdk.internal.reflect.DirectMethodHandleAccessor.invoke(Unknown Source) ~[?:?] {}
	at java.base/java.lang.reflect.Method.invoke(Unknown Source) ~[?:?] {re:mixin}
	at MC-BOOTSTRAP/fml_loader@4.0.43/net.neoforged.fml.loading.targets.CommonLaunchHandler.runTarget(CommonLaunchHandler.java:136) ~[loader-4.0.43.jar%23119!/:4.0] {}
	at MC-BOOTSTRAP/fml_loader@4.0.43/net.neoforged.fml.loading.targets.CommonLaunchHandler.clientService(CommonLaunchHandler.java:124) ~[loader-4.0.43.jar%23119!/:4.0] {}
	at MC-BOOTSTRAP/fml_loader@4.0.43/net.neoforged.fml.loading.targets.CommonClientLaunchHandler.runService(CommonClientLaunchHandler.java:32) ~[loader-4.0.43.jar%23119!/:4.0] {}
	at MC-BOOTSTRAP/fml_loader@4.0.43/net.neoforged.fml.loading.targets.CommonLaunchHandler.lambda$launchService$4(CommonLaunchHandler.java:118) ~[loader-4.0.43.jar%23119!/:4.0] {}
	at MC-BOOTSTRAP/cpw.mods.modlauncher@11.0.5/cpw.mods.modlauncher.LaunchServiceHandlerDecorator.launch(LaunchServiceHandlerDecorator.java:30) [modlauncher-11.0.5.jar%23124!/:?] {}
	at MC-BOOTSTRAP/cpw.mods.modlauncher@11.0.5/cpw.mods.modlauncher.LaunchServiceHandler.launch(LaunchServiceHandler.java:53) [modlauncher-11.0.5.jar%23124!/:?] {}
	at MC-BOOTSTRAP/cpw.mods.modlauncher@11.0.5/cpw.mods.modlauncher.LaunchServiceHandler.launch(LaunchServiceHandler.java:71) [modlauncher-11.0.5.jar%23124!/:?] {}
	at MC-BOOTSTRAP/cpw.mods.modlauncher@11.0.5/cpw.mods.modlauncher.Launcher.run(Launcher.java:103) [modlauncher-11.0.5.jar%23124!/:?] {}
	at MC-BOOTSTRAP/cpw.mods.modlauncher@11.0.5/cpw.mods.modlauncher.Launcher.main(Launcher.java:74) [modlauncher-11.0.5.jar%23124!/:?] {}
	at MC-BOOTSTRAP/cpw.mods.modlauncher@11.0.5/cpw.mods.modlauncher.BootstrapLaunchConsumer.accept(BootstrapLaunchConsumer.java:26) [modlauncher-11.0.5.jar%23124!/:?] {}
	at MC-BOOTSTRAP/cpw.mods.modlauncher@11.0.5/cpw.mods.modlauncher.BootstrapLaunchConsumer.accept(BootstrapLaunchConsumer.java:23) [modlauncher-11.0.5.jar%23124!/:?] {}
	at cpw.mods.bootstraplauncher@2.0.2/cpw.mods.bootstraplauncher.BootstrapLauncher.run(BootstrapLauncher.java:210) [bootstraplauncher-2.0.2.jar:?] {}
	at cpw.mods.bootstraplauncher@2.0.2/cpw.mods.bootstraplauncher.BootstrapLauncher.main(BootstrapLauncher.java:69) [bootstraplauncher-2.0.2.jar:?] {}
Caused by: java.lang.RuntimeException: Sodium mod config not found
	at TRANSFORMER/sodium@0.8.12+mc1.21.1/net.caffeinemc.mods.sodium.client.config.ConfigManager.registerConfigs(ConfigManager.java:119) ~[net.caffeinemc.sodium-neoforge-0.8.12+mc1.21.1-mod.jar%23234!/:?] {re:mixin,re:classloading}
	at TRANSFORMER/sodium@0.8.12+mc1.21.1/net.caffeinemc.mods.sodium.client.config.ConfigManager.registerConfigsLate(ConfigManager.java:76) ~[net.caffeinemc.sodium-neoforge-0.8.12+mc1.21.1-mod.jar%23234!/:?] {re:mixin,re:classloading}
	at TRANSFORMER/minecraft@1.21.1/net.minecraft.client.Minecraft.handler$cpn000$sodium$postInit(Minecraft.java:15571) ~[client-1.21.1-20240808.144430-srg.jar%23232!/:?] {re:mixin,pl:accesstransformer:B,pl:connector_pre_launch:A,pl:runtimedistcleaner:A,re:classloading,pl:accesstransformer:B,pl:mixin:A,pl:connector_pre_launch:A,pl:runtimedistcleaner:A}
	at TRANSFORMER/minecraft@1.21.1/net.minecraft.client.Minecraft.buildInitialScreens(Minecraft.java:675) ~[client-1.21.1-20240808.144430-srg.jar%23232!/:?] {re:mixin,pl:accesstransformer:B,pl:connector_pre_launch:A,pl:runtimedistcleaner:A,re:classloading,pl:accesstransformer:B,pl:mixin:A,pl:connector_pre_launch:A,pl:runtimedistcleaner:A}
	at TRANSFORMER/minecraft@1.21.1/net.minecraft.client.Minecraft.onGameLoadFinished(Minecraft.java:646) ~[client-1.21.1-20240808.144430-srg.jar%23232!/:?] {re:mixin,pl:accesstransformer:B,pl:connector_pre_launch:A,pl:runtimedistcleaner:A,re:classloading,pl:accesstransformer:B,pl:mixin:A,pl:connector_pre_launch:A,pl:runtimedistcleaner:A}
	at TRANSFORMER/minecraft@1.21.1/net.minecraft.client.Minecraft.onResourceLoadFinished(Minecraft.java:641) ~[client-1.21.1-20240808.144430-srg.jar%23232!/:?] {re:mixin,pl:accesstransformer:B,pl:connector_pre_launch:A,pl:runtimedistcleaner:A,re:classloading,pl:accesstransformer:B,pl:mixin:A,pl:connector_pre_launch:A,pl:runtimedistcleaner:A}
	at TRANSFORMER/minecraft@1.21.1/net.minecraft.client.Minecraft.lambda$new$7(Minecraft.java:629) ~[client-1.21.1-20240808.144430-srg.jar%23232!/:?] {re:mixin,pl:accesstransformer:B,pl:connector_pre_launch:A,pl:runtimedistcleaner:A,re:classloading,pl:accesstransformer:B,pl:mixin:A,pl:connector_pre_launch:A,pl:runtimedistcleaner:A}
	at TRANSFORMER/minecraft@1.21.1/net.minecraft.Util.ifElse(Util.java:513) ~[client-1.21.1-20240808.144430-srg.jar%23232!/:?] {re:mixin,pl:accesstransformer:B,pl:connector_pre_launch:A,re:classloading,pl:accesstransformer:B,pl:mixin:APP:modernfix-modernfix.mixins.json:perf.thread_priorities.UtilMixin from mod modernfix,pl:mixin:A,pl:connector_pre_launch:A}
	at TRANSFORMER/minecraft@1.21.1/net.minecraft.client.Minecraft.lambda$new$8(Minecraft.java:623) ~[client-1.21.1-20240808.144430-srg.jar%23232!/:?] {re:mixin,pl:accesstransformer:B,pl:connector_pre_launch:A,pl:runtimedistcleaner:A,re:classloading,pl:accesstransformer:B,pl:mixin:A,pl:connector_pre_launch:A,pl:runtimedistcleaner:A}
	at TRANSFORMER/neoforge@21.1.240/net.neoforged.neoforge.client.loading.NeoForgeLoadingOverlay.render(NeoForgeLoadingOverlay.java:145) ~[neoforge-21.1.240-universal.jar%23233!/:?] {re:classloading}
	at TRANSFORMER/minecraft@1.21.1/net.minecraft.client.renderer.GameRenderer.render(GameRenderer.java:1081) ~[client-1.21.1-20240808.144430-srg.jar%23232!/:?] {re:mixin,pl:accesstransformer:B,pl:connector_pre_launch:A,pl:runtimedistcleaner:A,re:classloading,pl:accesstransformer:B,pl:mixin:APP:sodium-extra.mixins.json:fps.MixinGameRenderer from mod sodium_extra,pl:mixin:APP:sodium-extra.mixins.json:panini_projection.MixinGameRenderer from mod sodium_extra,pl:mixin:APP:sodium-extra.mixins.json:prevent_shaders.MixinGameRenderer from mod sodium_extra,pl:mixin:APP:ntgl.mixin.json:ntgl.client.GameRendererMixin from mod ntgl,pl:mixin:APP:ntgl.mixin.json:chassis.client.GameRendererMixin from mod ntgl,pl:mixin:APP:veil.debug.mixins.json:accessor.DebugGameRendererAccessor from mod veil,pl:mixin:APP:veil.debug.mixins.json:client.profiler.GameRendererMixin from mod veil,pl:mixin:APP:veil.dynamicbuffer.mixins.json:accessor.DynamicBufferGameRendererAccessor from mod veil,pl:mixin:APP:veil.dynamicbuffer.mixins.json:client.DynamicBufferGameRendererMixin from mod veil,pl:mixin:APP:veil.perspective.mixins.json:accessor.GameRendererAccessor from mod veil,pl:mixin:APP:veil.pipeline.mixins.json:client.PipelineGameRendererMixin from mod veil,pl:mixin:APP:veil.shader.mixins.json:client.ShaderGameRendererMixin from mod veil,pl:mixin:APP:aaa_particles-common.mixins.json:client.MixinGameRenderer from mod aaa_particles,pl:mixin:APP:sodium-common.mixins.json:features.gui.hooks.console.GameRendererMixin from mod sodium,pl:mixin:APP:dannys-aot.client.mixins.json:FovMixin from mod dannys_aot,pl:mixin:APP:dannys-aot.client.mixins.json:client.ViewBobMixin from mod dannys_aot,pl:mixin:APP:ponder-common.mixins.json:client.accessor.GameRendererAccessor from mod ponder,pl:mixin:APP:create.mixins.json:client.GameRendererMixin from mod create,pl:mixin:APP:simulated.mixins.json:throttle_lever.GameRendererMixin from mod simulated,pl:mixin:APP:sable.mixins.json:camera.new_camera_types.GameRendererMixin from mod sable,pl:mixin:APP:sable.mixins.json:clip_overwrite.GameRendererMixin from mod sable,pl:mixin:APP:sable.mixins.json:config.GameRendererAccessor from mod sable,pl:mixin:APP:sable.mixins.json:entity.entities_turn_with_sub_levels.GameRendererMixin from mod sable,pl:mixin:APP:sable.mixins.json:water_occlusion.GameRendererMixin from mod sable,pl:mixin:APP:aeroworks.mixins.json:client.GameRendererMixin from mod aeroworks,pl:mixin:APP:immediatelyfast-common.mixins.json:core.MixinGameRenderer from mod immediatelyfast,pl:mixin:APP:immediatelyfast-common.mixins.json:core.compat.MixinGameRenderer from mod immediatelyfast,pl:mixin:APP:immediatelyfast-common.mixins.json:hud_batching.MixinGameRenderer from mod immediatelyfast,pl:mixin:APP:aero_cam_sync.mixins.json:client.GameRendererPickMixin from mod aero_cam_sync,pl:mixin:APP:createthrusters-main.mixins.json:AeroCamSyncGameRendererPickGuardMixin from mod createthrusters,pl:mixin:A,pl:connector_pre_launch:A,pl:runtimedistcleaner:A}
	... 18 more
[02:22:11] [Render thread/ERROR] [ne.ne.bu.EventBus/EVENTBUS]: Exception caught during firing event: Cannot invoke "foundry.veil.api.client.render.VeilRenderer.getLightRenderer()" because the return value of "foundry.veil.api.client.render.VeilRenderSystem.renderer()" is null
	Index: 6
	Listeners:
		0: net.neoforged.bus.EventListenerFactory$event/0x000000080136a800@5620fac7
		1: net.neoforged.neoforge.client.ClientNeoForgeMod$$Lambda/0x000000080137dc68@3711187d
		2: net.blay09.mods.balm.neoforge.event.NeoForgeBalmClientEvents$$Lambda/0x00000008015412f8@29dd1f6d
		3: mezz.jei.neoforge.startup.StartEventObserver$$Lambda/0x0000000801586d40@5b3e4d67
		4: snownee.jade.util.ClientProxy$$Lambda/0x00000008015b69e0@5d54182d
		5: net.neoforged.bus.EventListenerFactory$onClientPlayerLogout/0x00000008015f5000@3c1ab0e1
		6: net.neoforged.bus.EventListenerFactory$clientDisconnected/0x0000000801670400@5330160
		7: rbasamoyai.createbigcannons.CBCClientNeoForge$$Lambda/0x000000080193c908@1ffd347
		8: net.neoforged.bus.EventListenerFactory$onLeave/0x0000000801b90000@1eec2dcb
		9: dev.ryanhcode.sable.neoforge.SableNeoForgeClient$$Lambda/0x0000000801c1b708@1476b1a6
		10: net.neoforged.bus.EventListenerFactory$onClientDisconnected/0x0000000801c4a800@4fcb1a13
		11: com.maxenonyme.createsubmarine.CreateSubmarineClient$$Lambda/0x0000000801d15140@5c81311d
		12: net.neoforged.bus.EventListenerFactory$onClientDisconnect/0x0000000801d26400@263f26b3
		13: net.neoforged.bus.EventListenerFactory$onClientDisconnect/0x0000000801d2c400@3b9a0b15
java.lang.NullPointerException: Cannot invoke "foundry.veil.api.client.render.VeilRenderer.getLightRenderer()" because the return value of "foundry.veil.api.client.render.VeilRenderSystem.renderer()" is null
	at TRANSFORMER/veil@4.1.4/foundry.veil.forge.VeilForgeClientEvents.clientDisconnected(VeilForgeClientEvents.java:45)
	at MC-BOOTSTRAP/net.neoforged.bus/net.neoforged.bus.EventBus.post(EventBus.java:360)
	at MC-BOOTSTRAP/net.neoforged.bus/net.neoforged.bus.EventBus.post(EventBus.java:328)
	at TRANSFORMER/neoforge@21.1.240/net.neoforged.neoforge.client.ClientHooks.firePlayerLogout(ClientHooks.java:727)
	at TRANSFORMER/minecraft@1.21.1/net.minecraft.client.Minecraft.disconnect(Minecraft.java:2152)
	at TRANSFORMER/minecraft@1.21.1/net.minecraft.client.Minecraft.disconnect(Minecraft.java:2131)
	at TRANSFORMER/minecraft@1.21.1/net.minecraft.client.Minecraft.emergencySave(Minecraft.java:1367)
	at TRANSFORMER/minecraft@1.21.1/net.minecraft.client.Minecraft.emergencySaveAndCrash(Minecraft.java:869)
	at TRANSFORMER/minecraft@1.21.1/net.minecraft.client.Minecraft.run(Minecraft.java:825)
	at TRANSFORMER/minecraft@1.21.1/net.minecraft.client.main.Main.main(Main.java:230)
	at java.base/jdk.internal.reflect.DirectMethodHandleAccessor.invoke(Unknown Source)
	at java.base/java.lang.reflect.Method.invoke(Unknown Source)
	at MC-BOOTSTRAP/fml_loader@4.0.43/net.neoforged.fml.loading.targets.CommonLaunchHandler.runTarget(CommonLaunchHandler.java:136)
	at MC-BOOTSTRAP/fml_loader@4.0.43/net.neoforged.fml.loading.targets.CommonLaunchHandler.clientService(CommonLaunchHandler.java:124)
	at MC-BOOTSTRAP/fml_loader@4.0.43/net.neoforged.fml.loading.targets.CommonClientLaunchHandler.runService(CommonClientLaunchHandler.java:32)
	at MC-BOOTSTRAP/fml_loader@4.0.43/net.neoforged.fml.loading.targets.CommonLaunchHandler.lambda$launchService$4(CommonLaunchHandler.java:118)
	at MC-BOOTSTRAP/cpw.mods.modlauncher@11.0.5/cpw.mods.modlauncher.LaunchServiceHandlerDecorator.launch(LaunchServiceHandlerDecorator.java:30)
	at MC-BOOTSTRAP/cpw.mods.modlauncher@11.0.5/cpw.mods.modlauncher.LaunchServiceHandler.launch(LaunchServiceHandler.java:53)
	at MC-BOOTSTRAP/cpw.mods.modlauncher@11.0.5/cpw.mods.modlauncher.LaunchServiceHandler.launch(LaunchServiceHandler.java:71)
	at MC-BOOTSTRAP/cpw.mods.modlauncher@11.0.5/cpw.mods.modlauncher.Launcher.run(Launcher.java:103)
	at MC-BOOTSTRAP/cpw.mods.modlauncher@11.0.5/cpw.mods.modlauncher.Launcher.main(Launcher.java:74)
	at MC-BOOTSTRAP/cpw.mods.modlauncher@11.0.5/cpw.mods.modlauncher.BootstrapLaunchConsumer.accept(BootstrapLaunchConsumer.java:26)
	at MC-BOOTSTRAP/cpw.mods.modlauncher@11.0.5/cpw.mods.modlauncher.BootstrapLaunchConsumer.accept(BootstrapLaunchConsumer.java:23)
	at cpw.mods.bootstraplauncher@2.0.2/cpw.mods.bootstraplauncher.BootstrapLauncher.run(BootstrapLauncher.java:210)
	at cpw.mods.bootstraplauncher@2.0.2/cpw.mods.bootstraplauncher.BootstrapLauncher.main(BootstrapLauncher.java:69)

[02:22:11] [Render thread/FATAL] [ne.ne.ne.co.NeoForgeMod/]: Preparing crash report with UUID f7da41d1-d2c5-4f9a-8a6a-b652aea2f40a
[02:22:11] [Render thread/INFO] [STDOUT/]: [net.minecraft.server.Bootstrap:realStdoutPrintln:135]: ---- Minecraft Crash Report ----

// Hi. I'm Connector, and I'm a crashaholic
=========================
SINYTRA CONNECTOR IS PRESENT!
Please verify issues are not caused by Connector before reporting them to mod authors.
If you're unsure, file a report on Connector's issue tracker found at https://github.com/Sinytra/Connector/issues.
=========================



// It's sable sunday
Please make sure this issue is not caused by Sable before reporting it to other mod authors.
If you cannot reproduce it without Sable, file a report on the issue tracker
https://github.com/ryanhcode/sable/issues

// Shall we play a game?

Time: 2026-07-26 02:22:11
Description: Rendering overlay

java.lang.RuntimeException: Sodium mod config not found
	at TRANSFORMER/sodium@0.8.12+mc1.21.1/net.caffeinemc.mods.sodium.client.config.ConfigManager.registerConfigs(ConfigManager.java:119) ~[net.caffeinemc.sodium-neoforge-0.8.12+mc1.21.1-mod.jar%23234!/:?] {re:mixin,re:classloading}
	at TRANSFORMER/sodium@0.8.12+mc1.21.1/net.caffeinemc.mods.sodium.client.config.ConfigManager.registerConfigsLate(ConfigManager.java:76) ~[net.caffeinemc.sodium-neoforge-0.8.12+mc1.21.1-mod.jar%23234!/:?] {re:mixin,re:classloading}
	at TRANSFORMER/minecraft@1.21.1/net.minecraft.client.Minecraft.handler$cpn000$sodium$postInit(Minecraft.java:15571) ~[client-1.21.1-20240808.144430-srg.jar%23232!/:?] {re:mixin,pl:accesstransformer:B,pl:connector_pre_launch:A,pl:runtimedistcleaner:A,re:classloading,pl:accesstransformer:B,pl:mixin:A,pl:connector_pre_launch:A,pl:runtimedistcleaner:A}
	at TRANSFORMER/minecraft@1.21.1/net.minecraft.client.Minecraft.buildInitialScreens(Minecraft.java:675) ~[client-1.21.1-20240808.144430-srg.jar%23232!/:?] {re:mixin,pl:accesstransformer:B,pl:connector_pre_launch:A,pl:runtimedistcleaner:A,re:classloading,pl:accesstransformer:B,pl:mixin:A,pl:connector_pre_launch:A,pl:runtimedistcleaner:A}
	at TRANSFORMER/minecraft@1.21.1/net.minecraft.client.Minecraft.onGameLoadFinished(Minecraft.java:646) ~[client-1.21.1-20240808.144430-srg.jar%23232!/:?] {re:mixin,pl:accesstransformer:B,pl:connector_pre_launch:A,pl:runtimedistcleaner:A,re:classloading,pl:accesstransformer:B,pl:mixin:A,pl:connector_pre_launch:A,pl:runtimedistcleaner:A}
	at TRANSFORMER/minecraft@1.21.1/net.minecraft.client.Minecraft.onResourceLoadFinished(Minecraft.java:641) ~[client-1.21.1-20240808.144430-srg.jar%23232!/:?] {re:mixin,pl:accesstransformer:B,pl:connector_pre_launch:A,pl:runtimedistcleaner:A,re:classloading,pl:accesstransformer:B,pl:mixin:A,pl:connector_pre_launch:A,pl:runtimedistcleaner:A}
	at TRANSFORMER/minecraft@1.21.1/net.minecraft.client.Minecraft.lambda$new$7(Minecraft.java:629) ~[client-1.21.1-20240808.144430-srg.jar%23232!/:?] {re:mixin,pl:accesstransformer:B,pl:connector_pre_launch:A,pl:runtimedistcleaner:A,re:classloading,pl:accesstransformer:B,pl:mixin:A,pl:connector_pre_launch:A,pl:runtimedistcleaner:A}
	at TRANSFORMER/minecraft@1.21.1/net.minecraft.Util.ifElse(Util.java:513) ~[client-1.21.1-20240808.144430-srg.jar%23232!/:?] {re:mixin,pl:accesstransformer:B,pl:connector_pre_launch:A,re:classloading,pl:accesstransformer:B,pl:mixin:APP:modernfix-modernfix.mixins.json:perf.thread_priorities.UtilMixin from mod modernfix,pl:mixin:A,pl:connector_pre_launch:A}
	at TRANSFORMER/minecraft@1.21.1/net.minecraft.client.Minecraft.lambda$new$8(Minecraft.java:623) ~[client-1.21.1-20240808.144430-srg.jar%23232!/:?] {re:mixin,pl:accesstransformer:B,pl:connector_pre_launch:A,pl:runtimedistcleaner:A,re:classloading,pl:accesstransformer:B,pl:mixin:A,pl:connector_pre_launch:A,pl:runtimedistcleaner:A}
	at TRANSFORMER/neoforge@21.1.240/net.neoforged.neoforge.client.loading.NeoForgeLoadingOverlay.render(NeoForgeLoadingOverlay.java:145) ~[neoforge-21.1.240-universal.jar%23233!/:?] {re:classloading}
	at TRANSFORMER/minecraft@1.21.1/net.minecraft.client.renderer.GameRenderer.render(GameRenderer.java:1081) ~[client-1.21.1-20240808.144430-srg.jar%23232!/:?] {re:mixin,pl:accesstransformer:B,pl:connector_pre_launch:A,pl:runtimedistcleaner:A,re:classloading,pl:accesstransformer:B,pl:mixin:APP:sodium-extra.mixins.json:fps.MixinGameRenderer from mod sodium_extra,pl:mixin:APP:sodium-extra.mixins.json:panini_projection.MixinGameRenderer from mod sodium_extra,pl:mixin:APP:sodium-extra.mixins.json:prevent_shaders.MixinGameRenderer from mod sodium_extra,pl:mixin:APP:ntgl.mixin.json:ntgl.client.GameRendererMixin from mod ntgl,pl:mixin:APP:ntgl.mixin.json:chassis.client.GameRendererMixin from mod ntgl,pl:mixin:APP:veil.debug.mixins.json:accessor.DebugGameRendererAccessor from mod veil,pl:mixin:APP:veil.debug.mixins.json:client.profiler.GameRendererMixin from mod veil,pl:mixin:APP:veil.dynamicbuffer.mixins.json:accessor.DynamicBufferGameRendererAccessor from mod veil,pl:mixin:APP:veil.dynamicbuffer.mixins.json:client.DynamicBufferGameRendererMixin from mod veil,pl:mixin:APP:veil.perspective.mixins.json:accessor.GameRendererAccessor from mod veil,pl:mixin:APP:veil.pipeline.mixins.json:client.PipelineGameRendererMixin from mod veil,pl:mixin:APP:veil.shader.mixins.json:client.ShaderGameRendererMixin from mod veil,pl:mixin:APP:aaa_particles-common.mixins.json:client.MixinGameRenderer from mod aaa_particles,pl:mixin:APP:sodium-common.mixins.json:features.gui.hooks.console.GameRendererMixin from mod sodium,pl:mixin:APP:dannys-aot.client.mixins.json:FovMixin from mod dannys_aot,pl:mixin:APP:dannys-aot.client.mixins.json:client.ViewBobMixin from mod dannys_aot,pl:mixin:APP:ponder-common.mixins.json:client.accessor.GameRendererAccessor from mod ponder,pl:mixin:APP:create.mixins.json:client.GameRendererMixin from mod create,pl:mixin:APP:simulated.mixins.json:throttle_lever.GameRendererMixin from mod simulated,pl:mixin:APP:sable.mixins.json:camera.new_camera_types.GameRendererMixin from mod sable,pl:mixin:APP:sable.mixins.json:clip_overwrite.GameRendererMixin from mod sable,pl:mixin:APP:sable.mixins.json:config.GameRendererAccessor from mod sable,pl:mixin:APP:sable.mixins.json:entity.entities_turn_with_sub_levels.GameRendererMixin from mod sable,pl:mixin:APP:sable.mixins.json:water_occlusion.GameRendererMixin from mod sable,pl:mixin:APP:aeroworks.mixins.json:client.GameRendererMixin from mod aeroworks,pl:mixin:APP:immediatelyfast-common.mixins.json:core.MixinGameRenderer from mod immediatelyfast,pl:mixin:APP:immediatelyfast-common.mixins.json:core.compat.MixinGameRenderer from mod immediatelyfast,pl:mixin:APP:immediatelyfast-common.mixins.json:hud_batching.MixinGameRenderer from mod immediatelyfast,pl:mixin:APP:aero_cam_sync.mixins.json:client.GameRendererPickMixin from mod aero_cam_sync,pl:mixin:APP:createthrusters-main.mixins.json:AeroCamSyncGameRendererPickGuardMixin from mod createthrusters,pl:mixin:A,pl:connector_pre_launch:A,pl:runtimedistcleaner:A}
	at TRANSFORMER/minecraft@1.21.1/net.minecraft.client.Minecraft.runTick(Minecraft.java:1195) ~[client-1.21.1-20240808.144430-srg.jar%23232!/:?] {re:mixin,pl:accesstransformer:B,pl:connector_pre_launch:A,pl:runtimedistcleaner:A,re:classloading,pl:accesstransformer:B,pl:mixin:A,pl:connector_pre_launch:A,pl:runtimedistcleaner:A}
	at TRANSFORMER/minecraft@1.21.1/net.minecraft.client.Minecraft.run(Minecraft.java:807) ~[client-1.21.1-20240808.144430-srg.jar%23232!/:?] {re:mixin,pl:accesstransformer:B,pl:connector_pre_launch:A,pl:runtimedistcleaner:A,re:classloading,pl:accesstransformer:B,pl:mixin:A,pl:connector_pre_launch:A,pl:runtimedistcleaner:A}
	at TRANSFORMER/minecraft@1.21.1/net.minecraft.client.main.Main.main(Main.java:230) ~[client-1.21.1-20240808.144430-srg.jar%23232!/:?] {re:mixin,pl:connector_pre_launch:A,pl:runtimedistcleaner:A,re:classloading,pl:mixin:APP:veil.debug.mixins.json:client.DebugMainMixin from mod veil,pl:mixin:A,pl:connector_pre_launch:A,pl:runtimedistcleaner:A}
	at java.base/jdk.internal.reflect.DirectMethodHandleAccessor.invoke(Unknown Source) ~[?:?] {}
	at java.base/java.lang.reflect.Method.invoke(Unknown Source) ~[?:?] {re:mixin}
	at MC-BOOTSTRAP/fml_loader@4.0.43/net.neoforged.fml.loading.targets.CommonLaunchHandler.runTarget(CommonLaunchHandler.java:136) ~[loader-4.0.43.jar%23119!/:4.0] {}
	at MC-BOOTSTRAP/fml_loader@4.0.43/net.neoforged.fml.loading.targets.CommonLaunchHandler.clientService(CommonLaunchHandler.java:124) ~[loader-4.0.43.jar%23119!/:4.0] {}
	at MC-BOOTSTRAP/fml_loader@4.0.43/net.neoforged.fml.loading.targets.CommonClientLaunchHandler.runService(CommonClientLaunchHandler.java:32) ~[loader-4.0.43.jar%23119!/:4.0] {}
	at MC-BOOTSTRAP/fml_loader@4.0.43/net.neoforged.fml.loading.targets.CommonLaunchHandler.lambda$launchService$4(CommonLaunchHandler.java:118) ~[loader-4.0.43.jar%23119!/:4.0] {}
	at MC-BOOTSTRAP/cpw.mods.modlauncher@11.0.5/cpw.mods.modlauncher.LaunchServiceHandlerDecorator.launch(LaunchServiceHandlerDecorator.java:30) [modlauncher-11.0.5.jar%23124!/:?] {}
	at MC-BOOTSTRAP/cpw.mods.modlauncher@11.0.5/cpw.mods.modlauncher.LaunchServiceHandler.launch(LaunchServiceHandler.java:53) [modlauncher-11.0.5.jar%23124!/:?] {}
	at MC-BOOTSTRAP/cpw.mods.modlauncher@11.0.5/cpw.mods.modlauncher.LaunchServiceHandler.launch(LaunchServiceHandler.java:71) [modlauncher-11.0.5.jar%23124!/:?] {}
	at MC-BOOTSTRAP/cpw.mods.modlauncher@11.0.5/cpw.mods.modlauncher.Launcher.run(Launcher.java:103) [modlauncher-11.0.5.jar%23124!/:?] {}
	at MC-BOOTSTRAP/cpw.mods.modlauncher@11.0.5/cpw.mods.modlauncher.Launcher.main(Launcher.java:74) [modlauncher-11.0.5.jar%23124!/:?] {}
	at MC-BOOTSTRAP/cpw.mods.modlauncher@11.0.5/cpw.mods.modlauncher.BootstrapLaunchConsumer.accept(BootstrapLaunchConsumer.java:26) [modlauncher-11.0.5.jar%23124!/:?] {}
	at MC-BOOTSTRAP/cpw.mods.modlauncher@11.0.5/cpw.mods.modlauncher.BootstrapLaunchConsumer.accept(BootstrapLaunchConsumer.java:23) [modlauncher-11.0.5.jar%23124!/:?] {}
	at cpw.mods.bootstraplauncher@2.0.2/cpw.mods.bootstraplauncher.BootstrapLauncher.run(BootstrapLauncher.java:210) [bootstraplauncher-2.0.2.jar:?] {}
	at cpw.mods.bootstraplauncher@2.0.2/cpw.mods.bootstraplauncher.BootstrapLauncher.main(BootstrapLauncher.java:69) [bootstraplauncher-2.0.2.jar:?] {}


A detailed walkthrough of the error, its code path and all known details is as follows:
---------------------------------------------------------------------------------------

-- Head --
Thread: Render thread
Stacktrace:
	at TRANSFORMER/sodium@0.8.12+mc1.21.1/net.caffeinemc.mods.sodium.client.config.ConfigManager.registerConfigs(ConfigManager.java:119) ~[net.caffeinemc.sodium-neoforge-0.8.12+mc1.21.1-mod.jar%23234!/:?] {re:mixin,re:classloading}
	at TRANSFORMER/sodium@0.8.12+mc1.21.1/net.caffeinemc.mods.sodium.client.config.ConfigManager.registerConfigsLate(ConfigManager.java:76) ~[net.caffeinemc.sodium-neoforge-0.8.12+mc1.21.1-mod.jar%23234!/:?] {re:mixin,re:classloading}
	at TRANSFORMER/minecraft@1.21.1/net.minecraft.client.Minecraft.handler$cpn000$sodium$postInit(Minecraft.java:15571) ~[client-1.21.1-20240808.144430-srg.jar%23232!/:?] {re:mixin,pl:accesstransformer:B,pl:connector_pre_launch:A,pl:runtimedistcleaner:A,re:classloading,pl:accesstransformer:B,pl:mixin:A,pl:connector_pre_launch:A,pl:runtimedistcleaner:A}
	at TRANSFORMER/minecraft@1.21.1/net.minecraft.client.Minecraft.buildInitialScreens(Minecraft.java:675) ~[client-1.21.1-20240808.144430-srg.jar%23232!/:?] {re:mixin,pl:accesstransformer:B,pl:connector_pre_launch:A,pl:runtimedistcleaner:A,re:classloading,pl:accesstransformer:B,pl:mixin:A,pl:connector_pre_launch:A,pl:runtimedistcleaner:A}
	at TRANSFORMER/minecraft@1.21.1/net.minecraft.client.Minecraft.onGameLoadFinished(Minecraft.java:646) ~[client-1.21.1-20240808.144430-srg.jar%23232!/:?] {re:mixin,pl:accesstransformer:B,pl:connector_pre_launch:A,pl:runtimedistcleaner:A,re:classloading,pl:accesstransformer:B,pl:mixin:A,pl:connector_pre_launch:A,pl:runtimedistcleaner:A}
	at TRANSFORMER/minecraft@1.21.1/net.minecraft.client.Minecraft.onResourceLoadFinished(Minecraft.java:641) ~[client-1.21.1-20240808.144430-srg.jar%23232!/:?] {re:mixin,pl:accesstransformer:B,pl:connector_pre_launch:A,pl:runtimedistcleaner:A,re:classloading,pl:accesstransformer:B,pl:mixin:A,pl:connector_pre_launch:A,pl:runtimedistcleaner:A}
	at TRANSFORMER/minecraft@1.21.1/net.minecraft.client.Minecraft.lambda$new$7(Minecraft.java:629) ~[client-1.21.1-20240808.144430-srg.jar%23232!/:?] {re:mixin,pl:accesstransformer:B,pl:connector_pre_launch:A,pl:runtimedistcleaner:A,re:classloading,pl:accesstransformer:B,pl:mixin:A,pl:connector_pre_launch:A,pl:runtimedistcleaner:A}
	at TRANSFORMER/minecraft@1.21.1/net.minecraft.Util.ifElse(Util.java:513) ~[client-1.21.1-20240808.144430-srg.jar%23232!/:?] {re:mixin,pl:accesstransformer:B,pl:connector_pre_launch:A,re:classloading,pl:accesstransformer:B,pl:mixin:APP:modernfix-modernfix.mixins.json:perf.thread_priorities.UtilMixin from mod modernfix,pl:mixin:A,pl:connector_pre_launch:A}
	at TRANSFORMER/minecraft@1.21.1/net.minecraft.client.Minecraft.lambda$new$8(Minecraft.java:623) ~[client-1.21.1-20240808.144430-srg.jar%23232!/:?] {re:mixin,pl:accesstransformer:B,pl:connector_pre_launch:A,pl:runtimedistcleaner:A,re:classloading,pl:accesstransformer:B,pl:mixin:A,pl:connector_pre_launch:A,pl:runtimedistcleaner:A}
	at TRANSFORMER/neoforge@21.1.240/net.neoforged.neoforge.client.loading.NeoForgeLoadingOverlay.render(NeoForgeLoadingOverlay.java:145) ~[neoforge-21.1.240-universal.jar%23233!/:?] {re:classloading}
-- Overlay render details --
Details:
	Overlay name: net.neoforged.neoforge.client.loading.NeoForgeLoadingOverlay
Stacktrace:
	at TRANSFORMER/minecraft@1.21.1/net.minecraft.client.renderer.GameRenderer.render(GameRenderer.java:1081) ~[client-1.21.1-20240808.144430-srg.jar%23232!/:?] {re:mixin,pl:accesstransformer:B,pl:connector_pre_launch:A,pl:runtimedistcleaner:A,re:classloading,pl:accesstransformer:B,pl:mixin:APP:sodium-extra.mixins.json:fps.MixinGameRenderer from mod sodium_extra,pl:mixin:APP:sodium-extra.mixins.json:panini_projection.MixinGameRenderer from mod sodium_extra,pl:mixin:APP:sodium-extra.mixins.json:prevent_shaders.MixinGameRenderer from mod sodium_extra,pl:mixin:APP:ntgl.mixin.json:ntgl.client.GameRendererMixin from mod ntgl,pl:mixin:APP:ntgl.mixin.json:chassis.client.GameRendererMixin from mod ntgl,pl:mixin:APP:veil.debug.mixins.json:accessor.DebugGameRendererAccessor from mod veil,pl:mixin:APP:veil.debug.mixins.json:client.profiler.GameRendererMixin from mod veil,pl:mixin:APP:veil.dynamicbuffer.mixins.json:accessor.DynamicBufferGameRendererAccessor from mod veil,pl:mixin:APP:veil.dynamicbuffer.mixins.json:client.DynamicBufferGameRendererMixin from mod veil,pl:mixin:APP:veil.perspective.mixins.json:accessor.GameRendererAccessor from mod veil,pl:mixin:APP:veil.pipeline.mixins.json:client.PipelineGameRendererMixin from mod veil,pl:mixin:APP:veil.shader.mixins.json:client.ShaderGameRendererMixin from mod veil,pl:mixin:APP:aaa_particles-common.mixins.json:client.MixinGameRenderer from mod aaa_particles,pl:mixin:APP:sodium-common.mixins.json:features.gui.hooks.console.GameRendererMixin from mod sodium,pl:mixin:APP:dannys-aot.client.mixins.json:FovMixin from mod dannys_aot,pl:mixin:APP:dannys-aot.client.mixins.json:client.ViewBobMixin from mod dannys_aot,pl:mixin:APP:ponder-common.mixins.json:client.accessor.GameRendererAccessor from mod ponder,pl:mixin:APP:create.mixins.json:client.GameRendererMixin from mod create,pl:mixin:APP:simulated.mixins.json:throttle_lever.GameRendererMixin from mod simulated,pl:mixin:APP:sable.mixins.json:camera.new_camera_types.GameRendererMixin from mod sable,pl:mixin:APP:sable.mixins.json:clip_overwrite.GameRendererMixin from mod sable,pl:mixin:APP:sable.mixins.json:config.GameRendererAccessor from mod sable,pl:mixin:APP:sable.mixins.json:entity.entities_turn_with_sub_levels.GameRendererMixin from mod sable,pl:mixin:APP:sable.mixins.json:water_occlusion.GameRendererMixin from mod sable,pl:mixin:APP:aeroworks.mixins.json:client.GameRendererMixin from mod aeroworks,pl:mixin:APP:immediatelyfast-common.mixins.json:core.MixinGameRenderer from mod immediatelyfast,pl:mixin:APP:immediatelyfast-common.mixins.json:core.compat.MixinGameRenderer from mod immediatelyfast,pl:mixin:APP:immediatelyfast-common.mixins.json:hud_batching.MixinGameRenderer from mod immediatelyfast,pl:mixin:APP:aero_cam_sync.mixins.json:client.GameRendererPickMixin from mod aero_cam_sync,pl:mixin:APP:createthrusters-main.mixins.json:AeroCamSyncGameRendererPickGuardMixin from mod createthrusters,pl:mixin:A,pl:connector_pre_launch:A,pl:runtimedistcleaner:A}
	at TRANSFORMER/minecraft@1.21.1/net.minecraft.client.Minecraft.runTick(Minecraft.java:1195) ~[client-1.21.1-20240808.144430-srg.jar%23232!/:?] {re:mixin,pl:accesstransformer:B,pl:connector_pre_launch:A,pl:runtimedistcleaner:A,re:classloading,pl:accesstransformer:B,pl:mixin:A,pl:connector_pre_launch:A,pl:runtimedistcleaner:A}
	at TRANSFORMER/minecraft@1.21.1/net.minecraft.client.Minecraft.run(Minecraft.java:807) ~[client-1.21.1-20240808.144430-srg.jar%23232!/:?] {re:mixin,pl:accesstransformer:B,pl:connector_pre_launch:A,pl:runtimedistcleaner:A,re:classloading,pl:accesstransformer:B,pl:mixin:A,pl:connector_pre_launch:A,pl:runtimedistcleaner:A}
	at TRANSFORMER/minecraft@1.21.1/net.minecraft.client.main.Main.main(Main.java:230) ~[client-1.21.1-20240808.144430-srg.jar%23232!/:?] {re:mixin,pl:connector_pre_launch:A,pl:runtimedistcleaner:A,re:classloading,pl:mixin:APP:veil.debug.mixins.json:client.DebugMainMixin from mod veil,pl:mixin:A,pl:connector_pre_launch:A,pl:runtimedistcleaner:A}
	at java.base/jdk.internal.reflect.DirectMethodHandleAccessor.invoke(Unknown Source) ~[?:?] {}
	at java.base/java.lang.reflect.Method.invoke(Unknown Source) ~[?:?] {re:mixin}
	at MC-BOOTSTRAP/fml_loader@4.0.43/net.neoforged.fml.loading.targets.CommonLaunchHandler.runTarget(CommonLaunchHandler.java:136) ~[loader-4.0.43.jar%23119!/:4.0] {}
	at MC-BOOTSTRAP/fml_loader@4.0.43/net.neoforged.fml.loading.targets.CommonLaunchHandler.clientService(CommonLaunchHandler.java:124) ~[loader-4.0.43.jar%23119!/:4.0] {}
	at MC-BOOTSTRAP/fml_loader@4.0.43/net.neoforged.fml.loading.targets.CommonClientLaunchHandler.runService(CommonClientLaunchHandler.java:32) ~[loader-4.0.43.jar%23119!/:4.0] {}
	at MC-BOOTSTRAP/fml_loader@4.0.43/net.neoforged.fml.loading.targets.CommonLaunchHandler.lambda$launchService$4(CommonLaunchHandler.java:118) ~[loader-4.0.43.jar%23119!/:4.0] {}
	at MC-BOOTSTRAP/cpw.mods.modlauncher@11.0.5/cpw.mods.modlauncher.LaunchServiceHandlerDecorator.launch(LaunchServiceHandlerDecorator.java:30) [modlauncher-11.0.5.jar%23124!/:?] {}
	at MC-BOOTSTRAP/cpw.mods.modlauncher@11.0.5/cpw.mods.modlauncher.LaunchServiceHandler.launch(LaunchServiceHandler.java:53) [modlauncher-11.0.5.jar%23124!/:?] {}
	at MC-BOOTSTRAP/cpw.mods.modlauncher@11.0.5/cpw.mods.modlauncher.LaunchServiceHandler.launch(LaunchServiceHandler.java:71) [modlauncher-11.0.5.jar%23124!/:?] {}
	at MC-BOOTSTRAP/cpw.mods.modlauncher@11.0.5/cpw.mods.modlauncher.Launcher.run(Launcher.java:103) [modlauncher-11.0.5.jar%23124!/:?] {}
	at MC-BOOTSTRAP/cpw.mods.modlauncher@11.0.5/cpw.mods.modlauncher.Launcher.main(Launcher.java:74) [modlauncher-11.0.5.jar%23124!/:?] {}
	at MC-BOOTSTRAP/cpw.mods.modlauncher@11.0.5/cpw.mods.modlauncher.BootstrapLaunchConsumer.accept(BootstrapLaunchConsumer.java:26) [modlauncher-11.0.5.jar%23124!/:?] {}
	at MC-BOOTSTRAP/cpw.mods.modlauncher@11.0.5/cpw.mods.modlauncher.BootstrapLaunchConsumer.accept(BootstrapLaunchConsumer.java:23) [modlauncher-11.0.5.jar%23124!/:?] {}
	at cpw.mods.bootstraplauncher@2.0.2/cpw.mods.bootstraplauncher.BootstrapLauncher.run(BootstrapLauncher.java:210) [bootstraplauncher-2.0.2.jar:?] {}
	at cpw.mods.bootstraplauncher@2.0.2/cpw.mods.bootstraplauncher.BootstrapLauncher.main(BootstrapLauncher.java:69) [bootstraplauncher-2.0.2.jar:?] {}


-- Uptime --
Details:
	JVM uptime: 52.101s
	Wall uptime: 18.403s
	High-res time: 48.897s
	Client ticks: 32 ticks / 1.600s
Stacktrace:
	at TRANSFORMER/minecraft@1.21.1/net.minecraft.client.Minecraft.fillReport(Minecraft.java:2395) ~[client-1.21.1-20240808.144430-srg.jar%23232!/:?] {re:mixin,pl:accesstransformer:B,pl:connector_pre_launch:A,pl:runtimedistcleaner:A,re:classloading,pl:accesstransformer:B,pl:mixin:A,pl:connector_pre_launch:A,pl:runtimedistcleaner:A}
	at TRANSFORMER/minecraft@1.21.1/net.minecraft.client.Minecraft.emergencySaveAndCrash(Minecraft.java:868) ~[client-1.21.1-20240808.144430-srg.jar%23232!/:?] {re:mixin,pl:accesstransformer:B,pl:connector_pre_launch:A,pl:runtimedistcleaner:A,re:classloading,pl:accesstransformer:B,pl:mixin:A,pl:connector_pre_launch:A,pl:runtimedistcleaner:A}
	at TRANSFORMER/minecraft@1.21.1/net.minecraft.client.Minecraft.run(Minecraft.java:825) ~[client-1.21.1-20240808.144430-srg.jar%23232!/:?] {re:mixin,pl:accesstransformer:B,pl:connector_pre_launch:A,pl:runtimedistcleaner:A,re:classloading,pl:accesstransformer:B,pl:mixin:A,pl:connector_pre_launch:A,pl:runtimedistcleaner:A}
	at TRANSFORMER/minecraft@1.21.1/net.minecraft.client.main.Main.main(Main.java:230) ~[client-1.21.1-20240808.144430-srg.jar%23232!/:?] {re:mixin,pl:connector_pre_launch:A,pl:runtimedistcleaner:A,re:classloading,pl:mixin:APP:veil.debug.mixins.json:client.DebugMainMixin from mod veil,pl:mixin:A,pl:connector_pre_launch:A,pl:runtimedistcleaner:A}
	at java.base/jdk.internal.reflect.DirectMethodHandleAccessor.invoke(Unknown Source) ~[?:?] {}
	at java.base/java.lang.reflect.Method.invoke(Unknown Source) ~[?:?] {re:mixin}
	at MC-BOOTSTRAP/fml_loader@4.0.43/net.neoforged.fml.loading.targets.CommonLaunchHandler.runTarget(CommonLaunchHandler.java:136) ~[loader-4.0.43.jar%23119!/:4.0] {}
	at MC-BOOTSTRAP/fml_loader@4.0.43/net.neoforged.fml.loading.targets.CommonLaunchHandler.clientService(CommonLaunchHandler.java:124) ~[loader-4.0.43.jar%23119!/:4.0] {}
	at MC-BOOTSTRAP/fml_loader@4.0.43/net.neoforged.fml.loading.targets.CommonClientLaunchHandler.runService(CommonClientLaunchHandler.java:32) ~[loader-4.0.43.jar%23119!/:4.0] {}
	at MC-BOOTSTRAP/fml_loader@4.0.43/net.neoforged.fml.loading.targets.CommonLaunchHandler.lambda$launchService$4(CommonLaunchHandler.java:118) ~[loader-4.0.43.jar%23119!/:4.0] {}
	at MC-BOOTSTRAP/cpw.mods.modlauncher@11.0.5/cpw.mods.modlauncher.LaunchServiceHandlerDecorator.launch(LaunchServiceHandlerDecorator.java:30) [modlauncher-11.0.5.jar%23124!/:?] {}
	at MC-BOOTSTRAP/cpw.mods.modlauncher@11.0.5/cpw.mods.modlauncher.LaunchServiceHandler.launch(LaunchServiceHandler.java:53) [modlauncher-11.0.5.jar%23124!/:?] {}
	at MC-BOOTSTRAP/cpw.mods.modlauncher@11.0.5/cpw.mods.modlauncher.LaunchServiceHandler.launch(LaunchServiceHandler.java:71) [modlauncher-11.0.5.jar%23124!/:?] {}
	at MC-BOOTSTRAP/cpw.mods.modlauncher@11.0.5/cpw.mods.modlauncher.Launcher.run(Launcher.java:103) [modlauncher-11.0.5.jar%23124!/:?] {}
	at MC-BOOTSTRAP/cpw.mods.modlauncher@11.0.5/cpw.mods.modlauncher.Launcher.main(Launcher.java:74) [modlauncher-11.0.5.jar%23124!/:?] {}
	at MC-BOOTSTRAP/cpw.mods.modlauncher@11.0.5/cpw.mods.modlauncher.BootstrapLaunchConsumer.accept(BootstrapLaunchConsumer.java:26) [modlauncher-11.0.5.jar%23124!/:?] {}
	at MC-BOOTSTRAP/cpw.mods.modlauncher@11.0.5/cpw.mods.modlauncher.BootstrapLaunchConsumer.accept(BootstrapLaunchConsumer.java:23) [modlauncher-11.0.5.jar%23124!/:?] {}
	at cpw.mods.bootstraplauncher@2.0.2/cpw.mods.bootstraplauncher.BootstrapLauncher.run(BootstrapLauncher.java:210) [bootstraplauncher-2.0.2.jar:?] {}
	at cpw.mods.bootstraplauncher@2.0.2/cpw.mods.bootstraplauncher.BootstrapLauncher.main(BootstrapLauncher.java:69) [bootstraplauncher-2.0.2.jar:?] {}


-- Last reload --
Details:
	Reload number: 1
	Reload reason: initial
	Finished: Yes
	Packs: vanilla, fabric

-- System Details --
Details:
	Minecraft Version: 1.21.1
	Minecraft Version ID: 1.21.1
	Operating System: Linux (aarch64) version Android-16
	Java Version: 21.0.1-internal, N/A
	Java VM Version: OpenJDK 64-Bit Server VM (mixed mode), Oracle Corporation
	Memory: 1787143424 bytes (1704 MiB) / 4294967296 bytes (4096 MiB) up to 4294967296 bytes (4096 MiB)
	CPUs: 8
	Graphics card #0 name: unknown
	Graphics card #0 vendor: unknown
	Graphics card #0 VRAM (MiB): 0.00
	Graphics card #0 deviceId: unknown
	Graphics card #0 versionInfo: unknown
	Virtual memory max (MiB): 17885.50
	Virtual memory used (MiB): 14685.73
	Swap memory total (MiB): 12288.00
	Swap memory used (MiB): 4702.29
	Space in storage for jna.tmpdir (MiB): available: 23301.01, total: 227138.58
	Space in storage for org.lwjgl.system.SharedLibraryExtractPath (MiB): available: 23301.01, total: 227138.58
	Space in storage for io.netty.native.workdir (MiB): available: 23301.01, total: 227138.58
	Space in storage for java.io.tmpdir (MiB): available: 23301.01, total: 227138.58
	Space in storage for workdir (MiB): available: 23301.01, total: 227138.58
	JVM Flags: 4 total; -Xms4096M -Xmx4096M -XX:ActiveProcessorCount=8 -Xbootclasspath/a:/data/user/0/com.movtery.zalithlauncher.v2/files/components/caciocavallo17/cacio-agent.jar:/data/user/0/com.movtery.zalithlauncher.v2/files/components/caciocavallo17/cacio-shared-1.19.1-SNAPSHOT.jar:/data/user/0/com.movtery.zalithlauncher.v2/files/components/caciocavallo17/cacio-tta-1.19.1-SNAPSHOT.jar
	Launched Version: 1.21.1 NeoForge 21.1.240
	Launcher name: Zalith Launcher
	Backend library: LWJGL version 3.3.6-snapshot
	Backend API: Adreno (TM) 750 | OpenGL ES 3.2 GL version 4.6.0 (4.0.0) MobileGlues 1.3.5, Swung0x48, BZLZHH, Tungsten
	Window size: 2800x1260
	GFLW Platform: x11
	GL Caps: Using framebuffer using OpenGL 3.2
	GL debug messages: <disabled>
	Is Modded: Definitely; Client brand changed to 'neoforge'
	Universe: 400921fb54442d18
	Type: Client (map_client.txt)
	Graphics mode: fast
	Render Distance: 7/7 chunks
	Resource Packs: vanilla, fabric
	Current Language: ru_ru
	Locale: ru_RU
	System encoding: UTF-8
	File encoding: UTF-8
	CPU: <unknown>
	Sinytra Connector: 2.0.0-beta.15+1.21.1
		SINYTRA CONNECTOR IS PRESENT!
		Please verify issues are not caused by Connector before reporting them to mod authors. If you're unsure, file a report on Connector's issue tracker.
		Connector's issue tracker can be found at https://github.com/Sinytra/Connector/issues.
		Installed Fabric mods:
		| ================================================== | ============================== | ============================== | ==================== |
		| dannys-aot-2.4.2_mapped_moj_1.21.1.jar             | Danny's AoT                    | dannys_aot                     | 2.4.1                |
	ModLauncher: 11.0.5+main.901c6ea8
	ModLauncher launch target: forgeclient
	ModLauncher services: 
		sponge-mixin-0.15.2+mixin.0.8.7.jar mixin PLUGINSERVICE 
		loader-4.0.43.jar slf4jfixer PLUGINSERVICE 
		loader-4.0.43.jar runtime_enum_extender PLUGINSERVICE 
		at-modlauncher-10.0.1.jar accesstransformer PLUGINSERVICE 
		loader-4.0.43.jar runtimedistcleaner PLUGINSERVICE 
		modlauncher-11.0.5.jar mixin TRANSFORMATIONSERVICE 
		modlauncher-11.0.5.jar fml TRANSFORMATIONSERVICE 
		modlauncher-11.0.5.jar connector_loader TRANSFORMATIONSERVICE 
	FML Language Providers: 
		javafml@4.0
		lowcodefml@4.0
		minecraft@4.0
	Mod List: 
		aaa_particles-neoforge-1.21.1-2.2.3.jar           |AAA Particles                 |aaa_particles                 |2.2.3               |Manifest: NOSIGNATURE
		floatingendislands-0.1.jar                        |Actually Floating End Islands |floatingendislands            |0.1                 |Manifest: NOSIGNATURE
		aero_cam_sync-1.3.5.jar                           |Aeronautics Camera Sync       |aero_cam_sync                 |1.3.5               |Manifest: NOSIGNATURE
		aerowear-1.0.0.jar                                |Aerowear                      |aerowear                      |1.0.0               |Manifest: NOSIGNATURE
		alltheleaks-1.1.10+1.21.1-neoforge.jar            |All The Leaks                 |alltheleaks                   |1.1.10+1.21.1-neofor|Manifest: NOSIGNATURE
		architectury-neoforge-13.0.8.jar                  |Architectury                  |architectury                  |13.0.8              |Manifest: NOSIGNATURE
		awakened_islands-1.0.0.jar                        |Awakened Islands              |awakened_islands              |1.0.0               |Manifest: NOSIGNATURE
		bwncr-neoforge-1.21.1-3.20.4.jar                  |Bad Wither No Cookie Reloaded |bwncr                         |3.20.4              |Manifest: NOSIGNATURE
		balm-neoforge-1.21.1-21.0.63.jar                  |Balm                          |balm                          |21.0.63             |Manifest: NOSIGNATURE
		big_cannons_aeronautics_fix-0.1-Alpha.jar         |Big Cannons Aeronautics Fix   |big_cannons_aeronautics_fix   |0.1-Alpha           |Manifest: NOSIGNATURE
		carryon-neoforge-1.21.1-2.2.5.8.jar               |Carry On                      |carryon                       |2.2.5               |Manifest: NOSIGNATURE
		CarryOnAeroCompat-1.21.1-1.1.1.jar                |Carry On + Create Aeronautics |carryonaerocompat             |1.1.1               |Manifest: NOSIGNATURE
		chunksending-1.21-2.9.jar                         |chunksending mod              |chunksending                  |2.9                 |Manifest: NOSIGNATURE
		clientcrafting-1.21-2.1.jar                       |clientcrafting mod            |clientcrafting                |2.1                 |Manifest: NOSIGNATURE
		Clumps-neoforge-1.21.1-19.0.0.1.jar               |Clumps                        |clumps                        |19.0.0.1            |Manifest: NOSIGNATURE
		configurable-3.5.2+1.21.1-neoforge.jar            |Configurable                  |configurable                  |3.5.2               |Manifest: NOSIGNATURE
		connectivity-1.21.1-7.6.jar                       |Connectivity Mod              |connectivity                  |7.6                 |Manifest: NOSIGNATURE
		ConnectorExtras-1.12.1+1.21.1 (1).jar             |Connector Extras              |connectorextras               |1.12.1+1.21.1       |Manifest: NOSIGNATURE
		emi-bridge-1.12.1+1.21.1.jar                      |Connector Extras EMI Bridge   |connectorextras_emi_bridge    |1.12.1+1.21.1       |Manifest: NOSIGNATURE
		energy-bridge-1.12.1+1.21.1.jar                   |Connector Extras Energy Bridge|connectorextras_energy_bridge |1.12.1+1.21.1       |Manifest: NOSIGNATURE
		jei-bridge-1.12.1+1.21.1.jar                      |Connector Extras JEI Bridge   |connectorextras_jei_bridge    |1.12.1+1.21.1       |Manifest: NOSIGNATURE
		kubejs-bridge-1.12.1+1.21.1.jar                   |Connector Extras KubeJS Bridge|connectorextras_kubejs_bridge |1.12.1+1.21.1       |Manifest: NOSIGNATURE
		modmenu-bridge-1.12.1+1.21.1.jar                  |Connector Extras ModMenu Bridg|connectorextras_modmenu_bridge|1.12.1+1.21.1       |Manifest: NOSIGNATURE
		pehkui-bridge-1.12.1+1.21.1.jar                   |Connector Extras Pehkui Bridge|connectorextras_pehkui_bridge |1.12.1+1.21.1       |Manifest: NOSIGNATURE
		rei-bridge-1.12.1+1.21.1.jar                      |Connector Extras REI Bridge   |connectorextras_rei_bridge    |1.12.1+1.21.1       |Manifest: NOSIGNATURE
		terrablender-bridge-1.12.1+1.21.1.jar             |Connector Extras Terrablender |connectorextras_terrablender_b|1.12.1+1.21.1       |Manifest: NOSIGNATURE
		Controlling-neoforge-1.21.1-19.0.5.jar            |Controlling                   |controlling                   |19.0.5              |Manifest: NOSIGNATURE
		aeroadditionbridge-1.0.0.jar                      |Crafts-Aero-Bridge            |aeroadditionbridge            |1.0.0               |Manifest: NOSIGNATURE
		cr_aero_structures.jar                            |Creat Aeronautics Structures  |cr_aero_structures            |1.1.0-Beta-3.1      |Manifest: NOSIGNATURE
		create-1.21.1-6.0.10.jar                          |Create                        |create                        |6.0.10              |Manifest: NOSIGNATURE
		create-aeronautics-bundled-1.21.1-1.3.0.jar       |Create Aeronautics            |aeronautics_bundled           |1.3.0               |Manifest: NOSIGNATURE
		dev.eriksonn.aeronautics.aeronautics-neoforge-1.21|Create Aeronautics            |aeronautics                   |1.3.0               |Manifest: NOSIGNATURE
		createbigcannons-5.11.7+mc.1.21.1.jar             |Create Big Cannons            |createbigcannons              |5.11.7              |Manifest: NOSIGNATURE
		createaddition-1.6.0.jar                          |Create Crafts & Additions     |createaddition                |1.6.0               |Manifest: NOSIGNATURE
		create_submarine-2.2.4.jar                        |Create Deep Seas              |create_submarine              |2.2.4               |Manifest: NOSIGNATURE
		createthrusters-bundled-V1.0.6.jar                |Create Gadgets & Gizmos       |createthrusters               |1.0.6               |Manifest: NOSIGNATURE
		highseas-0.1.3.jar                                |Create High Seas              |highseas                      |0.1.3               |Manifest: NOSIGNATURE
		dev.ryanhcode.offroad.offroad-neoforge-1.21.1-1.3.|Create Offroad                |offroad                       |1.3.0               |Manifest: NOSIGNATURE
		createpropulsion-1.1.4.jar                        |Create Propulsion: Simulated  |createpropulsion              |1.1.4               |Manifest: NOSIGNATURE
		dev.simulated_team.simulated.simulated-neoforge-1.|Create Simulated              |simulated                     |1.3.0               |Manifest: NOSIGNATURE
		aeroworks-1.3.0.jar                               |Create: Aeroworks             |aeroworks                     |1.3.0               |Manifest: NOSIGNATURE
		create-gunsmithing-1.21.1-1.4.8.jar               |Create: Gunsmithing           |cgs                           |1.4.8               |Manifest: NOSIGNATURE
		create_radar-0.4.9.4-1.21.1.jar                   |Create: Radars                |create_radar                  |0.4.9.4-1.21.1      |Manifest: NOSIGNATURE
		CreativeCore_NEOFORGE_v2.13.41_mc1.21.1.jar       |CreativeCore                  |creativecore                  |2.13.41             |Manifest: NOSIGNATURE
		cristellib-neoforge-1.21.1-3.1.7.jar              |Cristel Lib                   |cristellib                    |3.1.7               |Manifest: NOSIGNATURE
		cupboard-1.21.1-3.8.jar                           |Cupboard mod                  |cupboard                      |3.8                 |Manifest: NOSIGNATURE
		curios-neoforge-9.5.1+1.21.1.jar                  |Curios API                    |curios                        |9.5.1+1.21.1        |Manifest: NOSIGNATURE
		dannys-aot-2.4.2_mapped_moj_1.21.1.jar            |Danny's AoT                   |dannys_aot                    |2.4.1               |Manifest: NOSIGNATURE
		daotcompat-1.3.2-HOTFIX.jar                       |DAOT Aeronautics Compat       |daotcompat                    |1.0.0               |Manifest: NOSIGNATURE
		despawntweaks-neoforge-1.0.0-1.21.1.jar           |Despawn Tweaks                |despawntweaks                 |1.0.0               |Manifest: NOSIGNATURE
		dimensional_sable-1.0.5.jar                       |Dimensional Sable             |dimensional_sable             |1.0.5               |Manifest: NOSIGNATURE
		e4mc-neoforge-6.2.0.jar                           |e4mc                          |e4mc                          |6.2.0               |Manifest: NOSIGNATURE
		fastasyncworldsave-1.21-2.6.jar                   |fastasyncworldsave mod        |fastasyncworldsave            |2.6                 |Manifest: NOSIGNATURE
		ferritecore-7.0.3-neoforge.jar                    |Ferrite Core                  |ferritecore                   |7.0.3               |Manifest: 41:ce:50:66:d1:a0:05:ce:a1:0e:02:85:9b:46:64:e0:bf:2e:cf:60:30:9a:fe:0c:27:e0:63:66:9a:84:ce:8a
		flywheel-neoforge-1.21.1-1.0.6.jar                |Flywheel                      |flywheel                      |1.0.6               |Manifest: NOSIGNATURE
		ForgeConfigAPIPort-v21.1.6-1.21.1-NeoForge.jar    |Forge Config API Port         |forgeconfigapiport            |21.1.6              |Manifest: NOSIGNATURE
		forgified-fabric-api-0.116.14+2.3.0+1.21.1.jar    |Forgified Fabric API          |fabric_api                    |0.116.14+2.3.0+1.21.|Manifest: NOSIGNATURE
		fabric-api-base-0.4.42+d1308ded19.jar             |Forgified Fabric API Base     |fabric_api_base               |0.4.42+d1308ded19   |Manifest: NOSIGNATURE
		fabric-api-lookup-api-v1-1.6.72+6244b11119.jar    |Forgified Fabric API Lookup AP|fabric_api_lookup_api_v1      |1.6.72+6244b11119   |Manifest: NOSIGNATURE
		fabric-biome-api-v1-13.0.31+1e62d33c19.jar        |Forgified Fabric Biome API (v1|fabric_biome_api_v1           |13.0.31+1e62d33c19  |Manifest: NOSIGNATURE
		fabric-block-api-v1-1.1.0+b0c22bb819.jar          |Forgified Fabric Block API (v1|fabric_block_api_v1           |1.1.0+b0c22bb819    |Manifest: NOSIGNATURE
		fabric-blockrenderlayer-v1-1.1.52+c290471319.jar  |Forgified Fabric BlockRenderLa|fabric_blockrenderlayer_v1    |1.1.52+c290471319   |Manifest: NOSIGNATURE
		fabric-block-view-api-v2-1.0.10+9afaaf8c19.jar    |Forgified Fabric BlockView API|fabric_block_view_api_v2      |1.0.10+9afaaf8c19   |Manifest: NOSIGNATURE
		fabric-client-tags-api-v1-1.2.0+5adff2d719.jar    |Forgified Fabric Client Tags  |fabric_client_tags_api_v1     |1.2.0+5adff2d719    |Manifest: NOSIGNATURE
		fabric-command-api-v2-2.2.28+36d727be19.jar       |Forgified Fabric Command API (|fabric_command_api_v2         |2.2.28+36d727be19   |Manifest: NOSIGNATURE
		fabric-content-registries-v0-8.0.19+5e0d320019.jar|Forgified Fabric Content Regis|fabric_content_registries_v0  |8.0.19+5e0d320019   |Manifest: NOSIGNATURE
		fabric-convention-tags-v1-2.1.7+7f945d5b19.jar    |Forgified Fabric Convention Ta|fabric_convention_tags_v1     |2.1.7+7f945d5b19    |Manifest: NOSIGNATURE
		fabric-convention-tags-v2-2.12.0+75d3639619.jar   |Forgified Fabric Convention Ta|fabric_convention_tags_v2     |2.12.0+75d3639619   |Manifest: NOSIGNATURE
		fabric-data-attachment-api-v1-1.4.7+26d408aa19.jar|Forgified Fabric Data Attachme|fabric_data_attachment_api_v1 |1.4.7+26d408aa19    |Manifest: NOSIGNATURE
		fabric-data-generation-api-v1-20.3.0+3e2bcb4b19.ja|Forgified Fabric Data Generati|fabric_data_generation_api_v1 |20.3.0+3e2bcb4b19   |Manifest: NOSIGNATURE
		fabric-entity-events-v1-1.8.0+e46a02ca19.jar      |Forgified Fabric Entity Events|fabric_entity_events_v1       |1.8.0+e46a02ca19    |Manifest: NOSIGNATURE
		fabric-events-interaction-v0-0.7.14+86e0887119.jar|Forgified Fabric Events Intera|fabric_events_interaction_v0  |0.7.14+86e0887119   |Manifest: NOSIGNATURE
		fabric-game-rule-api-v1-1.0.53+36d727be19.jar     |Forgified Fabric Game Rule API|fabric_game_rule_api_v1       |1.0.53+36d727be19   |Manifest: NOSIGNATURE
		fabric-gametest-api-v1-2.0.5+29f188ce19.jar       |Forgified Fabric Game Test API|fabric_gametest_api_v1        |2.0.5+29f188ce19    |Manifest: NOSIGNATURE
		fabric-item-api-v1-11.2.0+0c57911319.jar          |Forgified Fabric Item API (v1)|fabric_item_api_v1            |11.2.0+0c57911319   |Manifest: NOSIGNATURE
		fabric-item-group-api-v1-4.1.7+e324903319.jar     |Forgified Fabric Item Group AP|fabric_item_group_api_v1      |4.1.7+e324903319    |Manifest: NOSIGNATURE
		fabric-key-binding-api-v1-1.0.47+62cc7ce119.jar   |Forgified Fabric Key Binding A|fabric_key_binding_api_v1     |1.0.47+62cc7ce119   |Manifest: NOSIGNATURE
		fabric-lifecycle-events-v1-2.6.0+e40d8add19.jar   |Forgified Fabric Lifecycle Eve|fabric_lifecycle_events_v1    |2.6.0+e40d8add19    |Manifest: NOSIGNATURE
		fabric-loot-api-v2-3.0.15+a3ee712d19.jar          |Forgified Fabric Loot API (v2)|fabric_loot_api_v2            |3.0.15+a3ee712d19   |Manifest: NOSIGNATURE
		fabric-loot-api-v3-1.0.3+333dfad919.jar           |Forgified Fabric Loot API (v3)|fabric_loot_api_v3            |1.0.3+333dfad919    |Manifest: NOSIGNATURE
		fabric-message-api-v1-6.0.14+6a754fce19.jar       |Forgified Fabric Message API (|fabric_message_api_v1         |6.0.14+6a754fce19   |Manifest: NOSIGNATURE
		fabric-model-loading-api-v1-2.1.0+6e8f52c719.jar  |Forgified Fabric Model Loading|fabric_model_loading_api_v1   |2.1.0+6e8f52c719    |Manifest: NOSIGNATURE
		fabric-networking-api-v1-4.3.1+30a980d919.jar     |Forgified Fabric Networking AP|fabric_networking_api_v1      |4.3.1+30a980d919    |Manifest: NOSIGNATURE
		fabric-object-builder-api-v1-15.2.1+cc242efd19.jar|Forgified Fabric Object Builde|fabric_object_builder_api_v1  |15.2.1+cc242efd19   |Manifest: NOSIGNATURE
		fabric-particles-v1-4.0.2+824f924c19.jar          |Forgified Fabric Particles (v1|fabric_particles_v1           |4.0.2+824f924c19    |Manifest: NOSIGNATURE
		fabric-recipe-api-v1-5.0.16+59440bcc19.jar        |Forgified Fabric Recipe API (v|fabric_recipe_api_v1          |5.0.16+59440bcc19   |Manifest: NOSIGNATURE
		fabric-registry-sync-v0-5.3.2+f9aace1619.jar      |Forgified Fabric Registry Sync|fabric_registry_sync_v0       |5.3.2+f9aace1619    |Manifest: NOSIGNATURE
		fabric-renderer-indigo-1.7.1+9125b6dc19.jar       |Forgified Fabric Renderer - In|fabric_renderer_indigo        |1.7.1+9125b6dc19    |Manifest: NOSIGNATURE
		fabric-renderer-api-v1-3.4.1+9125b6dc19.jar       |Forgified Fabric Renderer API |fabric_renderer_api_v1        |3.4.1+9125b6dc19    |Manifest: NOSIGNATURE
		fabric-rendering-v1-5.1.0+1a09bd5a19.jar          |Forgified Fabric Rendering (v1|fabric_rendering_v1           |5.1.0+1a09bd5a19    |Manifest: NOSIGNATURE
		fabric-rendering-data-attachment-v1-0.3.48+73761d2|Forgified Fabric Rendering Dat|fabric_rendering_data_attachme|0.3.48+73761d2e19   |Manifest: NOSIGNATURE
		fabric-rendering-fluids-v1-3.1.6+a51883b219.jar   |Forgified Fabric Rendering Flu|fabric_rendering_fluids_v1    |3.1.6+a51883b219    |Manifest: NOSIGNATURE
		fabric-resource-conditions-api-v1-4.3.0+5bdd099819|Forgified Fabric Resource Cond|fabric_resource_conditions_api|4.3.0+5bdd099819    |Manifest: NOSIGNATURE
		fabric-resource-loader-v0-1.3.1+4ea8954419.jar    |Forgified Fabric Resource Load|fabric_resource_loader_v0     |1.3.1+4ea8954419    |Manifest: NOSIGNATURE
		fabric-screen-api-v1-2.0.26+b4953c7419.jar        |Forgified Fabric Screen API (v|fabric_screen_api_v1          |2.0.26+b4953c7419   |Manifest: NOSIGNATURE
		fabric-screen-handler-api-v1-1.3.91+8dbc56dd19.jar|Forgified Fabric Screen Handle|fabric_screen_handler_api_v1  |1.3.91+8dbc56dd19   |Manifest: NOSIGNATURE
		fabric-sound-api-v1-1.0.23+10b84f8419.jar         |Forgified Fabric Sound API (v1|fabric_sound_api_v1           |1.0.23+10b84f8419   |Manifest: NOSIGNATURE
		fabric-tag-api-v1-1.3.0+3e2bcb4b19.jar            |Forgified Fabric Tag API (v1) |fabric_tag_api_v1             |1.3.0+3e2bcb4b19    |Manifest: NOSIGNATURE
		fabric-transfer-api-v1-5.4.4+6244b11119.jar       |Forgified Fabric Transfer API |fabric_transfer_api_v1        |5.4.4+6244b11119    |Manifest: NOSIGNATURE
		fabric-transitive-access-wideners-v1-6.2.0+6c854b6|Forgified Fabric Transitive Ac|fabric_transitive_access_widen|6.2.0+6c854b6f19    |Manifest: NOSIGNATURE
		geckolib-neoforge-1.21.1-4.9.2.jar                |GeckoLib 4                    |geckolib                      |4.9.2               |Manifest: NOSIGNATURE
		Iceberg-1.21.1-neoforge-1.3.2.jar                 |Iceberg                       |iceberg                       |1.3.2               |Manifest: NOSIGNATURE
		ImmediatelyFast-NeoForge-1.6.11+1.21.1.jar        |ImmediatelyFast               |immediatelyfast               |1.6.11+1.21.1       |Manifest: NOSIGNATURE
		ItemPhysic_NEOFORGE_v1.8.13_mc1.21.1.jar          |ItemPhysic                    |itemphysic                    |1.8.13              |Manifest: NOSIGNATURE
		Jade-1.21.1-NeoForge-15.10.5.jar                  |Jade                          |jade                          |15.10.5+neoforge    |Manifest: NOSIGNATURE
		JadeAddons-1.21.1-NeoForge-6.1.0.jar              |Jade Addons                   |jadeaddons                    |6.1.0+neoforge      |Manifest: NOSIGNATURE
		jei-1.21.1-neoforge-19.39.0.368.jar               |Just Enough Items             |jei                           |19.39.0.368         |Manifest: NOSIGNATURE
		kuma-api-neoforge-21.0.8+1.21.jar                 |KumaAPI                       |kuma_api                      |21.0.8              |Manifest: NOSIGNATURE
		leaky-1.21-2.4.jar                                |leaky mod                     |leaky                         |2.4                 |Manifest: NOSIGNATURE
		Lift-n-Load-1.21.1-1.0c.jar                       |Lift n' Load                  |create_lnl                    |1.0c                |Manifest: NOSIGNATURE
		lithium-neoforge-0.15.4+mc1.21.1.jar              |Lithium                       |lithium                       |0.15.4+mc1.21.1     |Manifest: NOSIGNATURE
		lmft-1.1.1+1.21.9-neoforge.jar                    |Load My F***ing Tags          |lmft                          |1.1.1+1.21.9        |Manifest: NOSIGNATURE
		client-1.21.1-20240808.144430-srg.jar             |Minecraft                     |minecraft                     |1.21.1              |Manifest: a1:d4:5e:04:4f:d3:d6:e0:7b:37:97:cf:77:b0:de:ad:4a:47:ce:8c:96:49:5f:0a:cf:8c:ae:b2:6d:4b:8a:3f
		modernfix-neoforge-5.27.15+mc1.21.1.jar           |ModernFix                     |modernfix                     |5.27.15+mc1.21.1    |Manifest: NOSIGNATURE
		MouseTweaks-neoforge-mc1.21-2.26.1.jar            |Mouse Tweaks                  |mousetweaks                   |2.26.1              |Manifest: NOSIGNATURE
		neoforge-21.1.240-universal.jar                   |NeoForge                      |neoforge                      |21.1.240            |Manifest: NOSIGNATURE
		neruina-3.3.3+1.21.1-neoforge.jar                 |Neruina                       |neruina                       |3.3.3               |Manifest: NOSIGNATURE
		NoChatReports-NEOFORGE-1.21.1-v2.9.1.jar          |No Chat Reports               |nochatreports                 |1.21.1-v2.9.1       |Manifest: NOSIGNATURE
		ntgl-1.21.1-3.1.7.jar                             |NukaTeam's Gun Lib            |ntgl                          |3.1.7               |Manifest: NOSIGNATURE
		packetfixer-3.3.1-1.20.5-1.21.X-merged.jar        |PacketFixer                   |packetfixer                   |3.3.1               |Manifest: NOSIGNATURE
		PickUpNotifier-v21.1.1-1.21.1-NeoForge.jar        |Pick Up Notifier              |pickupnotifier                |21.1.1              |Manifest: NOSIGNATURE
		Placebo-1.21.1-9.9.1.jar                          |Placebo                       |placebo                       |9.9.1               |Manifest: NOSIGNATURE
		PlayerAnimationLibNeoforge-1.1.5+mc.1.21.1.jar    |Player Animation Library      |player_animation_library      |1.1.5+mc.1.21.1     |Manifest: NOSIGNATURE
		polymorph-neoforge-1.1.0+1.21.1.jar               |Polymorph                     |polymorph                     |1.1.0+1.21.1        |Manifest: NOSIGNATURE
		ponder-neoforge-1.0.82+mc1.21.1.jar               |Ponder                        |ponder                        |1.0.82+mc1.21.1     |Manifest: NOSIGNATURE
		PuzzlesLib-v21.1.52-1.21.1-NeoForge.jar           |Puzzles Lib                   |puzzleslib                    |21.1.52             |Manifest: NOSIGNATURE
		recipeessentials-1.21-4.0.jar                     |recipeessentials mod          |recipeessentials              |4.0                 |Manifest: NOSIGNATURE
		redirected-neoforge-1.0.0-1.21.1.jar              |Redirected                    |redirected                    |1.0.0               |Manifest: NOSIGNATURE
		reeses-sodium-options-neoforge-2.2.3+mc1.21.1.jar |Reese's Sodium Options        |reeses_sodium_options         |2.2.3+mc1.21.1      |Manifest: NOSIGNATURE
		ritchiesprojectilelib-2.1.2+mc.1.21.1-neoforge (1)|Ritchie's Projectile Library  |ritchiesprojectilelib         |2.1.2               |Manifest: NOSIGNATURE
		sable-neoforge-1.21.1-2.0.3.jar                   |Sable                         |sable                         |2.0.3               |Manifest: NOSIGNATURE
		sable-companion-common-1.21.1-1.6.0.jar           |Sable Companion               |sablecompanion                |1.6.0               |Manifest: NOSIGNATURE
		sablecollisiondamage-1.0.8.jar                    |Sable-Collision damage        |sablecollisiondamage          |1.0.8               |Manifest: NOSIGNATURE
		sabledestructive-2.0.1.jar                        |Sable: Destructive            |sabledestructive              |2.0.1               |Manifest: NOSIGNATURE
		Searchables-neoforge-1.21.1-1.0.2.jar             |Searchables                   |searchables                   |1.0.2               |Manifest: NOSIGNATURE
		org.sinytra.connector-2.0.0-beta.15+1.21.1-mod.jar|Sinytra Connector             |connector                     |2.0.0-beta.15+1.21.1|Manifest: NOSIGNATURE
		smoothchunk-1.21-4.1 (1).jar                      |Smoothchunk mod               |smoothchunk                   |4.1                 |Manifest: NOSIGNATURE
		net.caffeinemc.sodium-neoforge-0.8.12+mc1.21.1-mod|Sodium                        |sodium                        |0.8.12+mc1.21.1     |Manifest: NOSIGNATURE
		sodium-extra-neoforge-0.9.3+mc1.21.1.jar          |Sodium Extra                  |sodium_extra                  |0.9.3+mc1.21.1      |Manifest: NOSIGNATURE
		sound-physics-aeronautics-0.2.0-alpha.1.jar       |Sound Physics Aeronautics     |sound_physics_remastered      |1.21.1-1.5.1        |Manifest: NOSIGNATURE
		structureessentials-1.21.1-5.0.jar                |Structure Essentials mod      |structureessentials           |5.0                 |Manifest: NOSIGNATURE
		txnilib-neoforge-1.0.24-1.21.1 (1).jar            |TxniLib                       |txnilib                       |1.0.24              |Manifest: NOSIGNATURE
		vectorientation-1.1.0 (1).jar                     |Vectorientation Reforged      |vectorientation               |1.1.0               |Manifest: NOSIGNATURE
		veil-neoforge-1.21.1-4.1.4.jar                    |Veil                          |veil                          |4.1.4               |Manifest: NOSIGNATURE
		wwoo-neoforge-2.6.7.jar                           |William Wythers' Overhauled Ov|wwoo                          |2.6.7               |Manifest: NOSIGNATURE
		yet_another_config_lib_v3-3.8.2+1.21.1-neoforge (1|YetAnotherConfigLib           |yet_another_config_lib_v3     |3.8.2+1.21.1-neoforg|Manifest: NOSIGNATURE
	Crash Report UUID: f7da41d1-d2c5-4f9a-8a6a-b652aea2f40a
	FML: 4.0.43
	NeoForge: 21.1.240
	Flywheel Backend: flywheel:off
[02:22:11] [Render thread/FATAL] [ne.ne.ne.co.NeoForgeMod/]: Preparing crash report with UUID ff4cc249-a3be-401a-8e29-8b436714d9da
[02:22:11] [Render thread/INFO] [STDOUT/]: [net.minecraft.server.Bootstrap:realStdoutPrintln:135]: #@!@# Game crashed! Crash report saved to: #@!@# /storage/emulated/0/Android/data/com.movtery.zalithlauncher.v2/files/.minecraft/versions/1.21.1 NeoForge 21.1.240/crash-reports/crash-2026-07-26_02.22.11-client.txt
